ISO-10303-21;
HEADER;
/* Generated by software containing ST-Developer
 * from STEP Tools, Inc. (www.steptools.com) 
 */
/* OPTION: using custom renumber hook */

FILE_DESCRIPTION(
/* description */ ('STEP AP242 Edition 2',
'CAx-IF Rec.Pracs.---Representation and Presentation of Product Manufa
cturing Information (PMI)---4.0---2014-10-13',
'CAx-IF Rec.Pracs.---3D Tessellated Geometry---0.4---2014-09-14','2;1',
'CAx-IF Rec.Pracs.---User Defined Attributes---1.5---2016-08-15'),
/* implementation_level */ '2;1');

FILE_NAME(
/* name */ 'Bottom Housing',
/* time_stamp */ '2026-05-24T20:04:01Z',
/* author */ (''),
/* organization */ (''),
/* preprocessor_version */ 'ST-DEVELOPER v20',
/* originating_system */ 'ONSHAPE BY PTC INC, 1.215',
/* authorisation */ '  ');

FILE_SCHEMA (('AP242_MANAGED_MODEL_BASED_3D_ENGINEERING_MIM_LF { 1 0 10303 442 3 1 4 }'));
ENDSEC;

DATA;
#10=SHAPE_REPRESENTATION_RELATIONSHIP('','',#3490,#11);
#11=ADVANCED_BREP_SHAPE_REPRESENTATION('',(#3488),#6304);
#12=CONICAL_SURFACE('',#3834,0.09,0.785398163397449);
#13=CONICAL_SURFACE('',#3841,0.09,0.785398163397449);
#14=(
BOUNDED_SURFACE()
B_SPLINE_SURFACE(3,2,((#5635,#5636,#5637),(#5638,#5639,#5640),(#5641,#5642,
#5643),(#5644,#5645,#5646),(#5647,#5648,#5649)),.UNSPECIFIED.,.F.,.F.,.F.)
B_SPLINE_SURFACE_WITH_KNOTS((4,1,4),(3,3),(1.5707963267949,2.36090687917273,
3.15101743155056),(0.,1.),.UNSPECIFIED.)
GEOMETRIC_REPRESENTATION_ITEM()
RATIONAL_B_SPLINE_SURFACE(((1.,0.707106781186547,1.),(1.,0.784583495546638,
1.),(1.,0.912777586582199,1.),(1.,0.957621849144151,1.),(1.,0.95708237382651,
1.)))
REPRESENTATION_ITEM('')
SURFACE()
);
#15=(
BOUNDED_SURFACE()
B_SPLINE_SURFACE(3,2,((#5652,#5653,#5654),(#5655,#5656,#5657),(#5658,#5659,
#5660),(#5661,#5662,#5663),(#5664,#5665,#5666)),.UNSPECIFIED.,.F.,.F.,.F.)
B_SPLINE_SURFACE_WITH_KNOTS((4,1,4),(3,3),(0.,0.785398163397448,1.5707963267949),
(0.,1.),.UNSPECIFIED.)
GEOMETRIC_REPRESENTATION_ITEM()
RATIONAL_B_SPLINE_SURFACE(((1.,0.957092026489053,1.),(1.,0.957092026488966,
1.),(1.,0.911722323985334,1.),(1.,0.784121407785621,1.),(1.,0.707106781186548,
1.)))
REPRESENTATION_ITEM('')
SURFACE()
);
#16=(
BOUNDED_SURFACE()
B_SPLINE_SURFACE(3,2,((#5672,#5673,#5674),(#5675,#5676,#5677),(#5678,#5679,
#5680),(#5681,#5682,#5683),(#5684,#5685,#5686)),.UNSPECIFIED.,.F.,.F.,.F.)
B_SPLINE_SURFACE_WITH_KNOTS((4,1,4),(3,3),(1.5707963267949,2.36090687917273,
3.15101743155056),(0.,1.),.UNSPECIFIED.)
GEOMETRIC_REPRESENTATION_ITEM()
RATIONAL_B_SPLINE_SURFACE(((1.,0.707106781186548,1.),(1.,0.784583495545216,
1.),(1.,0.912777586582954,1.),(1.,0.957621849144064,1.),(1.,0.95708237382651,
1.)))
REPRESENTATION_ITEM('')
SURFACE()
);
#17=(
BOUNDED_SURFACE()
B_SPLINE_SURFACE(3,2,((#5689,#5690,#5691),(#5692,#5693,#5694),(#5695,#5696,
#5697),(#5698,#5699,#5700),(#5701,#5702,#5703)),.UNSPECIFIED.,.F.,.F.,.F.)
B_SPLINE_SURFACE_WITH_KNOTS((4,1,4),(3,3),(3.13216787562902,3.92227842800686,
4.71238898038469),(0.,1.),.UNSPECIFIED.)
GEOMETRIC_REPRESENTATION_ITEM()
RATIONAL_B_SPLINE_SURFACE(((1.,0.957082373826509,1.),(1.,0.95762184914551,
1.),(1.,0.912777586582326,1.),(1.,0.784583495545029,1.),(1.,0.707106781186548,
1.)))
REPRESENTATION_ITEM('')
SURFACE()
);
#18=(
BOUNDED_SURFACE()
B_SPLINE_SURFACE(3,2,((#5706,#5707,#5708),(#5709,#5710,#5711),(#5712,#5713,
#5714),(#5715,#5716,#5717),(#5718,#5719,#5720)),.UNSPECIFIED.,.F.,.F.,.F.)
B_SPLINE_SURFACE_WITH_KNOTS((4,1,4),(3,3),(4.71238898038469,5.50249953276252,
6.29261008514036),(0.,1.),.UNSPECIFIED.)
GEOMETRIC_REPRESENTATION_ITEM()
RATIONAL_B_SPLINE_SURFACE(((1.,0.707106781186547,1.),(1.,0.784583495545029,
1.),(1.,0.912777586583069,1.),(1.,0.95762184914402,1.),(1.,0.95708237382651,
1.)))
REPRESENTATION_ITEM('')
SURFACE()
);
#19=(
BOUNDED_SURFACE()
B_SPLINE_SURFACE(3,2,((#5723,#5724,#5725),(#5726,#5727,#5728),(#5729,#5730,
#5731),(#5732,#5733,#5734),(#5735,#5736,#5737)),.UNSPECIFIED.,.F.,.F.,.F.)
B_SPLINE_SURFACE_WITH_KNOTS((4,1,4),(3,3),(3.13216787562902,3.92227842800686,
4.71238898038469),(0.,1.),.UNSPECIFIED.)
GEOMETRIC_REPRESENTATION_ITEM()
RATIONAL_B_SPLINE_SURFACE(((1.,0.95708237382651,1.),(1.,0.95762184914402,
1.),(1.,0.912777586583781,1.),(1.,0.784583495543606,1.),(1.,0.707106781186548,
1.)))
REPRESENTATION_ITEM('')
SURFACE()
);
#20=(
BOUNDED_SURFACE()
B_SPLINE_SURFACE(3,2,((#6123,#6124,#6125),(#6126,#6127,#6128),(#6129,#6130,
#6131),(#6132,#6133,#6134)),.UNSPECIFIED.,.F.,.F.,.F.)
B_SPLINE_SURFACE_WITH_KNOTS((4,4),(3,3),(0.103567530621226,0.10515596594275),
(0.,1.),.PIECEWISE_BEZIER_KNOTS.)
GEOMETRIC_REPRESENTATION_ITEM()
RATIONAL_B_SPLINE_SURFACE(((1.,0.924047122373411,1.),(1.,0.923743383154433,
1.),(1.,0.923436172889072,1.),(1.,0.923125464449992,1.)))
REPRESENTATION_ITEM('')
SURFACE()
);
#21=(
BOUNDED_SURFACE()
B_SPLINE_SURFACE(3,2,((#6135,#6136,#6137),(#6138,#6139,#6140),(#6141,#6142,
#6143),(#6144,#6145,#6146)),.UNSPECIFIED.,.F.,.F.,.F.)
B_SPLINE_SURFACE_WITH_KNOTS((4,4),(3,3),(0.103567536913503,0.105155965905221),
(0.,1.),.PIECEWISE_BEZIER_KNOTS.)
GEOMETRIC_REPRESENTATION_ITEM()
RATIONAL_B_SPLINE_SURFACE(((1.,0.924047118763801,1.),(1.,0.923743380725628,
1.),(1.,0.923436171672506,1.),(1.,0.923125464472014,1.)))
REPRESENTATION_ITEM('')
SURFACE()
);
#22=(
BOUNDED_SURFACE()
B_SPLINE_SURFACE(3,2,((#6159,#6160,#6161),(#6162,#6163,#6164),(#6165,#6166,
#6167),(#6168,#6169,#6170)),.UNSPECIFIED.,.F.,.F.,.F.)
B_SPLINE_SURFACE_WITH_KNOTS((4,4),(3,3),(0.0511007085539777,0.0526897261721817),
(0.,1.),.PIECEWISE_BEZIER_KNOTS.)
GEOMETRIC_REPRESENTATION_ITEM()
RATIONAL_B_SPLINE_SURFACE(((1.,0.923125464449992,1.),(1.,0.923436172888897,
1.),(1.,0.923743383154317,1.),(1.,0.924047122373411,1.)))
REPRESENTATION_ITEM('')
SURFACE()
);
#23=(
BOUNDED_SURFACE()
B_SPLINE_SURFACE(3,2,((#6171,#6172,#6173),(#6174,#6175,#6176),(#6177,#6178,
#6179),(#6180,#6181,#6182)),.UNSPECIFIED.,.F.,.F.,.F.)
B_SPLINE_SURFACE_WITH_KNOTS((4,4),(3,3),(0.0511007085915199,0.0526897198775986),
(0.,1.),.PIECEWISE_BEZIER_KNOTS.)
GEOMETRIC_REPRESENTATION_ITEM()
RATIONAL_B_SPLINE_SURFACE(((1.,0.923125464472014,1.),(1.,0.923436171672858,
1.),(1.,0.923743380726688,1.),(1.,0.924047118763801,1.)))
REPRESENTATION_ITEM('')
SURFACE()
);
#24=TOROIDAL_SURFACE('',#3631,0.001,0.0005);
#25=TOROIDAL_SURFACE('',#3634,0.001,0.0005);
#26=TOROIDAL_SURFACE('',#3651,0.001,0.0005);
#27=TOROIDAL_SURFACE('',#3653,0.001,0.0005);
#28=TOROIDAL_SURFACE('',#3655,0.001,0.0005);
#29=TOROIDAL_SURFACE('',#3657,0.001,0.0005);
#30=TOROIDAL_SURFACE('',#3667,0.001,0.0005);
#31=TOROIDAL_SURFACE('',#3669,0.001,0.0005);
#32=TOROIDAL_SURFACE('',#3675,0.001,0.0005);
#33=TOROIDAL_SURFACE('',#3678,0.001,0.0005);
#34=TOROIDAL_SURFACE('',#3695,0.001,0.0005);
#35=TOROIDAL_SURFACE('',#3697,0.001,0.0005);
#36=TOROIDAL_SURFACE('',#3699,0.001,0.0005);
#37=TOROIDAL_SURFACE('',#3701,0.001,0.0005);
#38=TOROIDAL_SURFACE('',#3711,0.001,0.0005);
#39=TOROIDAL_SURFACE('',#3713,0.001,0.0005);
#40=TOROIDAL_SURFACE('',#3820,0.08925,0.00075);
#41=TOROIDAL_SURFACE('',#3821,0.08925,0.00075);
#42=TOROIDAL_SURFACE('',#3823,0.09075,0.00075);
#43=TOROIDAL_SURFACE('',#3825,0.00575,0.00075);
#44=TOROIDAL_SURFACE('',#3828,0.09075,0.00075);
#45=TOROIDAL_SURFACE('',#3830,0.0065,0.00075);
#46=TOROIDAL_SURFACE('',#3833,0.00575,0.00075);
#47=TOROIDAL_SURFACE('',#3872,0.090475,0.000475);
#48=TOROIDAL_SURFACE('',#3875,0.00095,0.000475);
#49=TOROIDAL_SURFACE('',#3878,0.00095,0.000475);
#50=TOROIDAL_SURFACE('',#3885,0.090475,0.000475);
#51=TOROIDAL_SURFACE('',#3892,0.090475,0.000475);
#52=TOROIDAL_SURFACE('',#3895,0.00095,0.000475);
#53=TOROIDAL_SURFACE('',#3897,0.00095,0.000475);
#54=TOROIDAL_SURFACE('',#3899,0.00095,0.000475);
#55=TOROIDAL_SURFACE('',#3901,0.00095,0.000475);
#56=TOROIDAL_SURFACE('',#3911,0.00095,0.000475);
#57=TOROIDAL_SURFACE('',#3913,0.00095,0.000475);
#58=TOROIDAL_SURFACE('',#3915,0.090475,0.000475);
#59=B_SPLINE_CURVE_WITH_KNOTS('',3,(#5244,#5245,#5246,#5247),
 .UNSPECIFIED.,.F.,.F.,(4,4),(0.,0.00104393242433767),.UNSPECIFIED.);
#60=B_SPLINE_CURVE_WITH_KNOTS('',3,(#5269,#5270,#5271,#5272),
 .UNSPECIFIED.,.F.,.F.,(4,4),(0.,0.00104393242433766),.UNSPECIFIED.);
#61=B_SPLINE_CURVE_WITH_KNOTS('',3,(#5276,#5277,#5278,#5279),
 .UNSPECIFIED.,.F.,.F.,(4,4),(0.,0.00104937872849279),.UNSPECIFIED.);
#62=B_SPLINE_CURVE_WITH_KNOTS('',3,(#5363,#5364,#5365,#5366),
 .UNSPECIFIED.,.F.,.F.,(4,4),(0.,0.00104393242433763),.UNSPECIFIED.);
#63=B_SPLINE_CURVE_WITH_KNOTS('',3,(#5374,#5375,#5376,#5377),
 .UNSPECIFIED.,.F.,.F.,(4,4),(0.,0.00104393242433767),.UNSPECIFIED.);
#64=B_SPLINE_CURVE_WITH_KNOTS('',3,(#5383,#5384,#5385,#5386),
 .UNSPECIFIED.,.F.,.F.,(4,4),(0.,0.00104552920130952),.UNSPECIFIED.);
#65=B_SPLINE_CURVE_WITH_KNOTS('',3,(#5932,#5933,#5934,#5935,#5936),
 .UNSPECIFIED.,.F.,.F.,(4,1,4),(0.,0.000609401406593388,0.00121880281318678),
 .UNSPECIFIED.);
#66=B_SPLINE_CURVE_WITH_KNOTS('',3,(#5940,#5941,#5942,#5943,#5944),
 .UNSPECIFIED.,.F.,.F.,(4,1,4),(0.,0.000609691923490616,0.00121938384698123),
 .UNSPECIFIED.);
#67=B_SPLINE_CURVE_WITH_KNOTS('',3,(#5948,#5949,#5950,#5951,#5952),
 .UNSPECIFIED.,.F.,.F.,(4,1,4),(0.,0.000609692173355907,0.00121938434671181),
 .UNSPECIFIED.);
#68=B_SPLINE_CURVE_WITH_KNOTS('',3,(#5956,#5957,#5958,#5959,#5960),
 .UNSPECIFIED.,.F.,.F.,(4,1,4),(0.,0.000609363271755177,0.00121872654351035),
 .UNSPECIFIED.);
#69=B_SPLINE_CURVE_WITH_KNOTS('',3,(#5963,#5964,#5965,#5966,#5967),
 .UNSPECIFIED.,.F.,.F.,(4,1,4),(0.,0.000651591285025397,0.00130318257005079),
 .UNSPECIFIED.);
#70=B_SPLINE_CURVE_WITH_KNOTS('',3,(#5968,#5969,#5970,#5971,#5972),
 .UNSPECIFIED.,.F.,.F.,(4,1,4),(0.,0.000651591285025383,0.00130318257005077),
 .UNSPECIFIED.);
#71=B_SPLINE_CURVE_WITH_KNOTS('',3,(#5974,#5975,#5976,#5977,#5978),
 .UNSPECIFIED.,.F.,.F.,(4,1,4),(0.,0.000651591285025383,0.00130318257005077),
 .UNSPECIFIED.);
#72=B_SPLINE_CURVE_WITH_KNOTS('',3,(#5980,#5981,#5982,#5983,#5984),
 .UNSPECIFIED.,.F.,.F.,(4,1,4),(0.,0.000651591285025394,0.00130318257005079),
 .UNSPECIFIED.);
#73=B_SPLINE_CURVE_WITH_KNOTS('',3,(#5986,#5987,#5988,#5989,#5990),
 .UNSPECIFIED.,.F.,.F.,(4,1,4),(0.,0.000654932466858209,0.00130986493371642),
 .UNSPECIFIED.);
#74=B_SPLINE_CURVE_WITH_KNOTS('',3,(#5991,#5992,#5993,#5994,#5995),
 .UNSPECIFIED.,.F.,.F.,(4,1,4),(0.,0.000654932466858207,0.00130986493371641),
 .UNSPECIFIED.);
#75=B_SPLINE_CURVE_WITH_KNOTS('',3,(#5997,#5998,#5999,#6000,#6001),
 .UNSPECIFIED.,.F.,.F.,(4,1,4),(0.,0.000654932466858214,0.00130986493371643),
 .UNSPECIFIED.);
#76=B_SPLINE_CURVE_WITH_KNOTS('',3,(#6003,#6004,#6005,#6006),
 .UNSPECIFIED.,.F.,.F.,(4,4),(0.,0.000831738994682098),.UNSPECIFIED.);
#77=B_SPLINE_CURVE_WITH_KNOTS('',3,(#6008,#6009,#6010,#6011),
 .UNSPECIFIED.,.F.,.F.,(4,4),(0.000422445284326507,0.00106784213065417),
 .UNSPECIFIED.);
#78=B_SPLINE_CURVE_WITH_KNOTS('',3,(#6013,#6014,#6015,#6016),
 .UNSPECIFIED.,.F.,.F.,(4,4),(0.,0.000831738994682103),.UNSPECIFIED.);
#79=B_SPLINE_CURVE_WITH_KNOTS('',3,(#6020,#6021,#6022,#6023),
 .UNSPECIFIED.,.F.,.F.,(4,4),(-5.58124161144734E-6,0.000639702271734826),
 .UNSPECIFIED.);
#80=B_SPLINE_CURVE_WITH_KNOTS('',3,(#6025,#6026,#6027,#6028,#6029),
 .UNSPECIFIED.,.F.,.F.,(4,1,4),(0.,0.000654932466858213,0.00130986493371643),
 .UNSPECIFIED.);
#81=B_SPLINE_CURVE_WITH_KNOTS('',3,(#6031,#6032,#6033,#6034),
 .UNSPECIFIED.,.F.,.F.,(4,4),(-5.47926295952719E-6,0.00053216170075836),
 .UNSPECIFIED.);
#82=B_SPLINE_CURVE_WITH_KNOTS('',3,(#6036,#6037,#6038,#6039),
 .UNSPECIFIED.,.F.,.F.,(4,4),(0.,0.00087735704862185),.UNSPECIFIED.);
#83=B_SPLINE_CURVE_WITH_KNOTS('',3,(#6041,#6042,#6043,#6044),
 .UNSPECIFIED.,.F.,.F.,(4,4),(0.000895079372337792,0.00143396876342382),
 .UNSPECIFIED.);
#84=B_SPLINE_CURVE_WITH_KNOTS('',3,(#6048,#6049,#6050,#6051),
 .UNSPECIFIED.,.F.,.F.,(4,4),(0.,0.000877357048621821),.UNSPECIFIED.);
#85=B_SPLINE_CURVE_WITH_KNOTS('',3,(#6054,#6055,#6056,#6057),
 .UNSPECIFIED.,.F.,.F.,(4,4),(0.,0.00151990028046611),.UNSPECIFIED.);
#86=B_SPLINE_CURVE_WITH_KNOTS('',3,(#6059,#6060,#6061,#6062),
 .UNSPECIFIED.,.F.,.F.,(4,4),(3.75504755384764E-17,0.000273282078559721),
 .UNSPECIFIED.);
#87=B_SPLINE_CURVE_WITH_KNOTS('',3,(#6063,#6064,#6065,#6066),
 .UNSPECIFIED.,.F.,.F.,(4,4),(0.,0.000273282078559721),.UNSPECIFIED.);
#88=B_SPLINE_CURVE_WITH_KNOTS('',3,(#6068,#6069,#6070,#6071),
 .UNSPECIFIED.,.F.,.F.,(4,4),(3.78094892611323E-5,0.0015577103873782),
 .UNSPECIFIED.);
#89=B_SPLINE_CURVE_WITH_KNOTS('',3,(#6073,#6074,#6075,#6076),
 .UNSPECIFIED.,.F.,.F.,(4,4),(0.,0.00151715067799365),.UNSPECIFIED.);
#90=B_SPLINE_CURVE_WITH_KNOTS('',3,(#6081,#6082,#6083,#6084),
 .UNSPECIFIED.,.F.,.F.,(4,4),(3.73304012461E-5,0.00155448171106985),
 .UNSPECIFIED.);
#91=B_SPLINE_CURVE_WITH_KNOTS('',3,(#6086,#6087,#6088,#6089),
 .UNSPECIFIED.,.F.,.F.,(4,4),(0.,0.00151715067799361),.UNSPECIFIED.);
#92=B_SPLINE_CURVE_WITH_KNOTS('',3,(#6094,#6095,#6096,#6097),
 .UNSPECIFIED.,.F.,.F.,(4,4),(3.73304012461177E-5,0.00155448171106985),
 .UNSPECIFIED.);
#93=B_SPLINE_CURVE_WITH_KNOTS('',3,(#6099,#6100,#6101,#6102),
 .UNSPECIFIED.,.F.,.F.,(4,4),(0.,0.00027328207855968),.UNSPECIFIED.);
#94=B_SPLINE_CURVE_WITH_KNOTS('',3,(#6104,#6105,#6106,#6107),
 .UNSPECIFIED.,.F.,.F.,(4,4),(3.78094892611697E-5,0.00155771038737825),
 .UNSPECIFIED.);
#95=B_SPLINE_CURVE_WITH_KNOTS('',3,(#6108,#6109,#6110,#6111),
 .UNSPECIFIED.,.F.,.F.,(4,4),(0.,0.00151990028046615),.UNSPECIFIED.);
#96=B_SPLINE_CURVE_WITH_KNOTS('',3,(#6113,#6114,#6115,#6116),
 .UNSPECIFIED.,.F.,.F.,(4,4),(3.3881317890172E-21,0.000273282078559674),
 .UNSPECIFIED.);
#97=B_SPLINE_CURVE_WITH_KNOTS('',3,(#6119,#6120,#6121,#6122),
 .UNSPECIFIED.,.F.,.F.,(4,4),(7.11507675693612E-20,0.00117621653926861),
 .UNSPECIFIED.);
#98=B_SPLINE_CURVE_WITH_KNOTS('',3,(#6147,#6148,#6149,#6150),
 .UNSPECIFIED.,.F.,.F.,(4,4),(3.3881317890172E-20,0.00117626892111034),
 .UNSPECIFIED.);
#99=B_SPLINE_CURVE_WITH_KNOTS('',3,(#6155,#6156,#6157,#6158),
 .UNSPECIFIED.,.F.,.F.,(4,4),(3.72694496791892E-20,0.00117621653926859),
 .UNSPECIFIED.);
#100=B_SPLINE_CURVE_WITH_KNOTS('',3,(#6183,#6184,#6185,#6186),
 .UNSPECIFIED.,.F.,.F.,(4,4),(8.83446335852025E-17,0.00117626892111029),
 .UNSPECIFIED.);
#101=ELLIPSE('',#3529,0.00120185042515466,0.001);
#102=ELLIPSE('',#3530,0.00137436854187255,0.001);
#103=ELLIPSE('',#3531,0.00137436854187255,0.001);
#104=ELLIPSE('',#3532,0.00120185042515466,0.001);
#105=ELLIPSE('',#3536,0.00540832691319599,0.003);
#106=ELLIPSE('',#3538,0.00120185042515466,0.001);
#107=ELLIPSE('',#3541,0.00120185042515466,0.001);
#108=ELLIPSE('',#3542,0.00137436854187255,0.001);
#109=ELLIPSE('',#3544,0.00540832691319598,0.003);
#110=ELLIPSE('',#3555,0.00206155281280883,0.001);
#111=ELLIPSE('',#3572,0.00120185042515466,0.001);
#112=ELLIPSE('',#3575,0.00120185042515466,0.001);
#113=ELLIPSE('',#3577,0.00540832691319598,0.003);
#114=ELLIPSE('',#3586,0.00206155281280883,0.001);
#115=ELLIPSE('',#3588,0.00206155281280883,0.001);
#116=ELLIPSE('',#3589,0.00206155281280883,0.001);
#117=ELLIPSE('',#3592,0.00206155281280883,0.001);
#118=ELLIPSE('',#3593,0.00206155281280883,0.001);
#119=ELLIPSE('',#3595,0.00540832691319599,0.003);
#120=ELLIPSE('',#3597,0.00540832691319598,0.003);
#121=ELLIPSE('',#3598,0.00540832691319598,0.003);
#122=ELLIPSE('',#3721,0.00492442890089805,0.002);
#123=ELLIPSE('',#3723,0.00492442890089805,0.002);
#124=ELLIPSE('',#3725,0.00492442890089805,0.002);
#125=ELLIPSE('',#3727,0.00492442890089805,0.002);
#126=ELLIPSE('',#3729,0.00492442890089805,0.002);
#127=ELLIPSE('',#3731,0.00492442890089805,0.002);
#128=ELLIPSE('',#3836,0.00212132034355964,0.0015);
#129=ELLIPSE('',#3837,0.00212132034355964,0.0015);
#130=ELLIPSE('',#3839,0.00212132034355964,0.0015);
#131=ELLIPSE('',#3840,0.00212132034355964,0.0015);
#132=CIRCLE('',#3495,0.09);
#133=CIRCLE('',#3496,0.09);
#134=CIRCLE('',#3498,0.09);
#135=CIRCLE('',#3499,0.09);
#136=CIRCLE('',#3501,0.0015);
#137=CIRCLE('',#3502,0.0015);
#138=CIRCLE('',#3504,0.0015);
#139=CIRCLE('',#3505,0.0015);
#140=CIRCLE('',#3507,0.0015);
#141=CIRCLE('',#3508,0.0015);
#142=CIRCLE('',#3510,0.0015);
#143=CIRCLE('',#3511,0.0015);
#144=CIRCLE('',#3513,0.0065);
#145=CIRCLE('',#3514,0.0065);
#146=CIRCLE('',#3516,0.00025);
#147=CIRCLE('',#3517,0.00025);
#148=CIRCLE('',#3518,0.00025);
#149=CIRCLE('',#3519,0.00025);
#150=CIRCLE('',#3520,0.00025);
#151=CIRCLE('',#3521,0.00025);
#152=CIRCLE('',#3522,0.00025);
#153=CIRCLE('',#3523,0.00025);
#154=CIRCLE('',#3524,0.00025);
#155=CIRCLE('',#3525,0.00025);
#156=CIRCLE('',#3526,0.00025);
#157=CIRCLE('',#3527,0.00025);
#158=CIRCLE('',#3533,0.002);
#159=CIRCLE('',#3534,0.002);
#160=CIRCLE('',#3539,0.002);
#161=CIRCLE('',#3540,0.002);
#162=CIRCLE('',#3546,0.001);
#163=CIRCLE('',#3547,0.001);
#164=CIRCLE('',#3548,0.001);
#165=CIRCLE('',#3549,0.001);
#166=CIRCLE('',#3550,0.001);
#167=CIRCLE('',#3551,0.001);
#168=CIRCLE('',#3552,0.001);
#169=CIRCLE('',#3553,0.001);
#170=CIRCLE('',#3556,0.001);
#171=CIRCLE('',#3557,0.001);
#172=CIRCLE('',#3558,0.001);
#173=CIRCLE('',#3559,0.001);
#174=CIRCLE('',#3560,0.001);
#175=CIRCLE('',#3561,0.001);
#176=CIRCLE('',#3562,0.001);
#177=CIRCLE('',#3563,0.001);
#178=CIRCLE('',#3565,0.0025);
#179=CIRCLE('',#3566,0.0025);
#180=CIRCLE('',#3567,0.0025);
#181=CIRCLE('',#3568,0.0025);
#182=CIRCLE('',#3569,0.0025);
#183=CIRCLE('',#3570,0.0025);
#184=CIRCLE('',#3573,0.002);
#185=CIRCLE('',#3574,0.002);
#186=CIRCLE('',#3580,0.09);
#187=CIRCLE('',#3581,0.09);
#188=CIRCLE('',#3583,0.09);
#189=CIRCLE('',#3584,0.09);
#190=CIRCLE('',#3603,0.0025);
#191=CIRCLE('',#3606,0.0025);
#192=CIRCLE('',#3609,0.0025);
#193=CIRCLE('',#3612,0.0025);
#194=CIRCLE('',#3615,0.0025);
#195=CIRCLE('',#3618,0.0025);
#196=CIRCLE('',#3629,0.0005);
#197=CIRCLE('',#3630,0.0005);
#198=CIRCLE('',#3632,0.0005);
#199=CIRCLE('',#3633,0.0005);
#200=CIRCLE('',#3635,0.0005);
#201=CIRCLE('',#3636,0.0005);
#202=CIRCLE('',#3638,0.0005);
#203=CIRCLE('',#3640,0.0005);
#204=CIRCLE('',#3642,0.0005);
#205=CIRCLE('',#3643,0.0005);
#206=CIRCLE('',#3645,0.0005);
#207=CIRCLE('',#3647,0.0005);
#208=CIRCLE('',#3649,0.0005);
#209=CIRCLE('',#3650,0.0005);
#210=CIRCLE('',#3652,0.0005);
#211=CIRCLE('',#3654,0.0005);
#212=CIRCLE('',#3656,0.0005);
#213=CIRCLE('',#3658,0.0005);
#214=CIRCLE('',#3660,0.0005);
#215=CIRCLE('',#3662,0.0005);
#216=CIRCLE('',#3664,0.0005);
#217=CIRCLE('',#3666,0.0005);
#218=CIRCLE('',#3668,0.0005);
#219=CIRCLE('',#3670,0.0005);
#220=CIRCLE('',#3673,0.0005);
#221=CIRCLE('',#3674,0.0005);
#222=CIRCLE('',#3676,0.0005);
#223=CIRCLE('',#3677,0.0005);
#224=CIRCLE('',#3679,0.0005);
#225=CIRCLE('',#3680,0.0005);
#226=CIRCLE('',#3682,0.0005);
#227=CIRCLE('',#3684,0.0005);
#228=CIRCLE('',#3686,0.0005);
#229=CIRCLE('',#3687,0.0005);
#230=CIRCLE('',#3689,0.0005);
#231=CIRCLE('',#3691,0.0005);
#232=CIRCLE('',#3693,0.0005);
#233=CIRCLE('',#3694,0.0005);
#234=CIRCLE('',#3696,0.0005);
#235=CIRCLE('',#3698,0.0005);
#236=CIRCLE('',#3700,0.0005);
#237=CIRCLE('',#3702,0.0005);
#238=CIRCLE('',#3704,0.0005);
#239=CIRCLE('',#3706,0.0005);
#240=CIRCLE('',#3708,0.0005);
#241=CIRCLE('',#3710,0.0005);
#242=CIRCLE('',#3712,0.0005);
#243=CIRCLE('',#3714,0.0005);
#244=CIRCLE('',#3733,0.001);
#245=CIRCLE('',#3735,0.001);
#246=CIRCLE('',#3740,0.001);
#247=CIRCLE('',#3742,0.001);
#248=CIRCLE('',#3744,0.001);
#249=CIRCLE('',#3746,0.001);
#250=CIRCLE('',#3760,0.00025);
#251=CIRCLE('',#3762,0.00025);
#252=CIRCLE('',#3764,0.00025);
#253=CIRCLE('',#3766,0.00025);
#254=CIRCLE('',#3768,0.00025);
#255=CIRCLE('',#3770,0.00025);
#256=CIRCLE('',#3772,0.00025);
#257=CIRCLE('',#3774,0.00025);
#258=CIRCLE('',#3776,0.00025);
#259=CIRCLE('',#3778,0.00025);
#260=CIRCLE('',#3780,0.00025);
#261=CIRCLE('',#3782,0.00025);
#262=CIRCLE('',#3784,0.00575);
#263=CIRCLE('',#3785,0.00575);
#264=CIRCLE('',#3787,0.0065);
#265=CIRCLE('',#3788,0.0065);
#266=CIRCLE('',#3790,0.0065);
#267=CIRCLE('',#3791,0.09075);
#268=CIRCLE('',#3792,0.09075);
#269=CIRCLE('',#3793,0.0065);
#270=CIRCLE('',#3794,0.08925);
#271=CIRCLE('',#3795,0.08925);
#272=CIRCLE('',#3798,0.09);
#273=CIRCLE('',#3799,0.09);
#274=CIRCLE('',#3802,0.09);
#275=CIRCLE('',#3803,0.09);
#276=CIRCLE('',#3807,0.09);
#277=CIRCLE('',#3808,0.09);
#278=CIRCLE('',#3811,0.09);
#279=CIRCLE('',#3812,0.09);
#280=CIRCLE('',#3816,0.089);
#281=CIRCLE('',#3817,0.089);
#282=CIRCLE('',#3826,0.006125);
#283=CIRCLE('',#3831,0.006125);
#284=CIRCLE('',#3843,0.0015);
#285=CIRCLE('',#3845,0.0015);
#286=CIRCLE('',#3847,0.0015);
#287=CIRCLE('',#3849,0.0015);
#288=CIRCLE('',#3851,0.09);
#289=CIRCLE('',#3852,0.09);
#290=CIRCLE('',#3855,0.09);
#291=CIRCLE('',#3856,0.09);
#292=CIRCLE('',#3859,0.00095);
#293=CIRCLE('',#3860,0.090475);
#294=CIRCLE('',#3861,0.00095);
#295=CIRCLE('',#3862,0.00095);
#296=CIRCLE('',#3863,0.090475);
#297=CIRCLE('',#3864,0.00095);
#298=CIRCLE('',#3866,0.00095);
#299=CIRCLE('',#3867,0.00095);
#300=CIRCLE('',#3868,0.090475);
#301=CIRCLE('',#3869,0.00095);
#302=CIRCLE('',#3870,0.00095);
#303=CIRCLE('',#3871,0.090475);
#304=CIRCLE('',#3873,0.000475);
#305=CIRCLE('',#3874,0.000475);
#306=CIRCLE('',#3876,0.000475);
#307=CIRCLE('',#3877,0.000475);
#308=CIRCLE('',#3879,0.000475);
#309=CIRCLE('',#3880,0.000475);
#310=CIRCLE('',#3882,0.000475);
#311=CIRCLE('',#3884,0.000475);
#312=CIRCLE('',#3886,0.000475);
#313=CIRCLE('',#3887,0.000475);
#314=CIRCLE('',#3889,0.000475);
#315=CIRCLE('',#3891,0.000475);
#316=CIRCLE('',#3893,0.000475);
#317=CIRCLE('',#3894,0.000475);
#318=CIRCLE('',#3896,0.000475);
#319=CIRCLE('',#3898,0.000475);
#320=CIRCLE('',#3900,0.000475);
#321=CIRCLE('',#3902,0.000475);
#322=CIRCLE('',#3904,0.000475);
#323=CIRCLE('',#3906,0.000475);
#324=CIRCLE('',#3908,0.000475);
#325=CIRCLE('',#3910,0.000475);
#326=CIRCLE('',#3912,0.000475);
#327=CIRCLE('',#3914,0.000475);
#328=CYLINDRICAL_SURFACE('',#3494,0.09);
#329=CYLINDRICAL_SURFACE('',#3497,0.09);
#330=CYLINDRICAL_SURFACE('',#3500,0.0015);
#331=CYLINDRICAL_SURFACE('',#3503,0.0015);
#332=CYLINDRICAL_SURFACE('',#3506,0.0015);
#333=CYLINDRICAL_SURFACE('',#3509,0.0015);
#334=CYLINDRICAL_SURFACE('',#3512,0.0065);
#335=CYLINDRICAL_SURFACE('',#3579,0.09);
#336=CYLINDRICAL_SURFACE('',#3582,0.09);
#337=CYLINDRICAL_SURFACE('',#3602,0.0025);
#338=CYLINDRICAL_SURFACE('',#3605,0.0025);
#339=CYLINDRICAL_SURFACE('',#3608,0.0025);
#340=CYLINDRICAL_SURFACE('',#3611,0.0025);
#341=CYLINDRICAL_SURFACE('',#3614,0.0025);
#342=CYLINDRICAL_SURFACE('',#3617,0.0025);
#343=CYLINDRICAL_SURFACE('',#3628,0.0005);
#344=CYLINDRICAL_SURFACE('',#3637,0.0005);
#345=CYLINDRICAL_SURFACE('',#3639,0.0005);
#346=CYLINDRICAL_SURFACE('',#3641,0.0005);
#347=CYLINDRICAL_SURFACE('',#3644,0.0005);
#348=CYLINDRICAL_SURFACE('',#3646,0.0005);
#349=CYLINDRICAL_SURFACE('',#3648,0.0005);
#350=CYLINDRICAL_SURFACE('',#3659,0.0005);
#351=CYLINDRICAL_SURFACE('',#3661,0.0005);
#352=CYLINDRICAL_SURFACE('',#3663,0.0005);
#353=CYLINDRICAL_SURFACE('',#3665,0.0005);
#354=CYLINDRICAL_SURFACE('',#3671,0.0005);
#355=CYLINDRICAL_SURFACE('',#3672,0.0005);
#356=CYLINDRICAL_SURFACE('',#3681,0.0005);
#357=CYLINDRICAL_SURFACE('',#3683,0.0005);
#358=CYLINDRICAL_SURFACE('',#3685,0.0005);
#359=CYLINDRICAL_SURFACE('',#3688,0.0005);
#360=CYLINDRICAL_SURFACE('',#3690,0.0005);
#361=CYLINDRICAL_SURFACE('',#3692,0.0005);
#362=CYLINDRICAL_SURFACE('',#3703,0.0005);
#363=CYLINDRICAL_SURFACE('',#3705,0.0005);
#364=CYLINDRICAL_SURFACE('',#3707,0.0005);
#365=CYLINDRICAL_SURFACE('',#3709,0.0005);
#366=CYLINDRICAL_SURFACE('',#3715,0.0005);
#367=CYLINDRICAL_SURFACE('',#3720,0.002);
#368=CYLINDRICAL_SURFACE('',#3722,0.002);
#369=CYLINDRICAL_SURFACE('',#3724,0.002);
#370=CYLINDRICAL_SURFACE('',#3726,0.002);
#371=CYLINDRICAL_SURFACE('',#3728,0.002);
#372=CYLINDRICAL_SURFACE('',#3730,0.002);
#373=CYLINDRICAL_SURFACE('',#3732,0.001);
#374=CYLINDRICAL_SURFACE('',#3734,0.001);
#375=CYLINDRICAL_SURFACE('',#3736,0.001);
#376=CYLINDRICAL_SURFACE('',#3737,0.001);
#377=CYLINDRICAL_SURFACE('',#3738,0.001);
#378=CYLINDRICAL_SURFACE('',#3739,0.001);
#379=CYLINDRICAL_SURFACE('',#3741,0.001);
#380=CYLINDRICAL_SURFACE('',#3743,0.001);
#381=CYLINDRICAL_SURFACE('',#3745,0.001);
#382=CYLINDRICAL_SURFACE('',#3759,0.00025);
#383=CYLINDRICAL_SURFACE('',#3761,0.00025);
#384=CYLINDRICAL_SURFACE('',#3763,0.00025);
#385=CYLINDRICAL_SURFACE('',#3765,0.00025);
#386=CYLINDRICAL_SURFACE('',#3767,0.00025);
#387=CYLINDRICAL_SURFACE('',#3769,0.00025);
#388=CYLINDRICAL_SURFACE('',#3771,0.00025);
#389=CYLINDRICAL_SURFACE('',#3773,0.00025);
#390=CYLINDRICAL_SURFACE('',#3775,0.00025);
#391=CYLINDRICAL_SURFACE('',#3777,0.00025);
#392=CYLINDRICAL_SURFACE('',#3779,0.00025);
#393=CYLINDRICAL_SURFACE('',#3781,0.00025);
#394=CYLINDRICAL_SURFACE('',#3783,0.00575);
#395=CYLINDRICAL_SURFACE('',#3786,0.0065);
#396=CYLINDRICAL_SURFACE('',#3797,0.09);
#397=CYLINDRICAL_SURFACE('',#3801,0.09);
#398=CYLINDRICAL_SURFACE('',#3806,0.09);
#399=CYLINDRICAL_SURFACE('',#3810,0.09);
#400=CYLINDRICAL_SURFACE('',#3819,0.00075);
#401=CYLINDRICAL_SURFACE('',#3822,0.00075);
#402=CYLINDRICAL_SURFACE('',#3824,0.00075);
#403=CYLINDRICAL_SURFACE('',#3827,0.00075);
#404=CYLINDRICAL_SURFACE('',#3829,0.00075);
#405=CYLINDRICAL_SURFACE('',#3832,0.00075);
#406=CYLINDRICAL_SURFACE('',#3842,0.0015);
#407=CYLINDRICAL_SURFACE('',#3844,0.0015);
#408=CYLINDRICAL_SURFACE('',#3846,0.0015);
#409=CYLINDRICAL_SURFACE('',#3848,0.0015);
#410=CYLINDRICAL_SURFACE('',#3850,0.09);
#411=CYLINDRICAL_SURFACE('',#3854,0.09);
#412=CYLINDRICAL_SURFACE('',#3881,0.000475);
#413=CYLINDRICAL_SURFACE('',#3883,0.000475);
#414=CYLINDRICAL_SURFACE('',#3888,0.000475);
#415=CYLINDRICAL_SURFACE('',#3890,0.000475);
#416=CYLINDRICAL_SURFACE('',#3903,0.000475);
#417=CYLINDRICAL_SURFACE('',#3905,0.000475);
#418=CYLINDRICAL_SURFACE('',#3907,0.000475);
#419=CYLINDRICAL_SURFACE('',#3909,0.000475);
#420=ORIENTED_EDGE('',*,*,#1432,.F.);
#421=ORIENTED_EDGE('',*,*,#1433,.T.);
#422=ORIENTED_EDGE('',*,*,#1434,.T.);
#423=ORIENTED_EDGE('',*,*,#1435,.T.);
#424=ORIENTED_EDGE('',*,*,#1436,.T.);
#425=ORIENTED_EDGE('',*,*,#1437,.T.);
#426=ORIENTED_EDGE('',*,*,#1438,.T.);
#427=ORIENTED_EDGE('',*,*,#1439,.T.);
#428=ORIENTED_EDGE('',*,*,#1440,.F.);
#429=ORIENTED_EDGE('',*,*,#1441,.T.);
#430=ORIENTED_EDGE('',*,*,#1442,.F.);
#431=ORIENTED_EDGE('',*,*,#1443,.T.);
#432=ORIENTED_EDGE('',*,*,#1444,.F.);
#433=ORIENTED_EDGE('',*,*,#1445,.T.);
#434=ORIENTED_EDGE('',*,*,#1446,.F.);
#435=ORIENTED_EDGE('',*,*,#1447,.T.);
#436=ORIENTED_EDGE('',*,*,#1448,.F.);
#437=ORIENTED_EDGE('',*,*,#1449,.T.);
#438=ORIENTED_EDGE('',*,*,#1447,.F.);
#439=ORIENTED_EDGE('',*,*,#1450,.F.);
#440=ORIENTED_EDGE('',*,*,#1441,.F.);
#441=ORIENTED_EDGE('',*,*,#1451,.T.);
#442=ORIENTED_EDGE('',*,*,#1452,.F.);
#443=ORIENTED_EDGE('',*,*,#1453,.F.);
#444=ORIENTED_EDGE('',*,*,#1454,.F.);
#445=ORIENTED_EDGE('',*,*,#1455,.T.);
#446=ORIENTED_EDGE('',*,*,#1443,.F.);
#447=ORIENTED_EDGE('',*,*,#1456,.F.);
#448=ORIENTED_EDGE('',*,*,#1445,.F.);
#449=ORIENTED_EDGE('',*,*,#1457,.T.);
#450=ORIENTED_EDGE('',*,*,#1458,.F.);
#451=ORIENTED_EDGE('',*,*,#1459,.F.);
#452=ORIENTED_EDGE('',*,*,#1460,.F.);
#453=ORIENTED_EDGE('',*,*,#1461,.T.);
#454=ORIENTED_EDGE('',*,*,#1462,.T.);
#455=ORIENTED_EDGE('',*,*,#1463,.F.);
#456=ORIENTED_EDGE('',*,*,#1464,.F.);
#457=ORIENTED_EDGE('',*,*,#1465,.T.);
#458=ORIENTED_EDGE('',*,*,#1466,.F.);
#459=ORIENTED_EDGE('',*,*,#1467,.T.);
#460=ORIENTED_EDGE('',*,*,#1468,.F.);
#461=ORIENTED_EDGE('',*,*,#1469,.T.);
#462=ORIENTED_EDGE('',*,*,#1470,.F.);
#463=ORIENTED_EDGE('',*,*,#1471,.T.);
#464=ORIENTED_EDGE('',*,*,#1472,.F.);
#465=ORIENTED_EDGE('',*,*,#1473,.T.);
#466=ORIENTED_EDGE('',*,*,#1474,.F.);
#467=ORIENTED_EDGE('',*,*,#1475,.T.);
#468=ORIENTED_EDGE('',*,*,#1476,.F.);
#469=ORIENTED_EDGE('',*,*,#1477,.T.);
#470=ORIENTED_EDGE('',*,*,#1478,.F.);
#471=ORIENTED_EDGE('',*,*,#1479,.T.);
#472=ORIENTED_EDGE('',*,*,#1480,.F.);
#473=ORIENTED_EDGE('',*,*,#1481,.T.);
#474=ORIENTED_EDGE('',*,*,#1482,.T.);
#475=ORIENTED_EDGE('',*,*,#1483,.T.);
#476=ORIENTED_EDGE('',*,*,#1484,.T.);
#477=ORIENTED_EDGE('',*,*,#1485,.T.);
#478=ORIENTED_EDGE('',*,*,#1486,.T.);
#479=ORIENTED_EDGE('',*,*,#1487,.T.);
#480=ORIENTED_EDGE('',*,*,#1488,.T.);
#481=ORIENTED_EDGE('',*,*,#1489,.T.);
#482=ORIENTED_EDGE('',*,*,#1490,.T.);
#483=ORIENTED_EDGE('',*,*,#1491,.T.);
#484=ORIENTED_EDGE('',*,*,#1492,.T.);
#485=ORIENTED_EDGE('',*,*,#1493,.T.);
#486=ORIENTED_EDGE('',*,*,#1494,.T.);
#487=ORIENTED_EDGE('',*,*,#1495,.T.);
#488=ORIENTED_EDGE('',*,*,#1496,.T.);
#489=ORIENTED_EDGE('',*,*,#1497,.T.);
#490=ORIENTED_EDGE('',*,*,#1498,.F.);
#491=ORIENTED_EDGE('',*,*,#1499,.T.);
#492=ORIENTED_EDGE('',*,*,#1500,.T.);
#493=ORIENTED_EDGE('',*,*,#1501,.T.);
#494=ORIENTED_EDGE('',*,*,#1502,.T.);
#495=ORIENTED_EDGE('',*,*,#1503,.F.);
#496=ORIENTED_EDGE('',*,*,#1504,.F.);
#497=ORIENTED_EDGE('',*,*,#1505,.T.);
#498=ORIENTED_EDGE('',*,*,#1506,.T.);
#499=ORIENTED_EDGE('',*,*,#1507,.T.);
#500=ORIENTED_EDGE('',*,*,#1508,.T.);
#501=ORIENTED_EDGE('',*,*,#1509,.T.);
#502=ORIENTED_EDGE('',*,*,#1494,.F.);
#503=ORIENTED_EDGE('',*,*,#1510,.T.);
#504=ORIENTED_EDGE('',*,*,#1511,.T.);
#505=ORIENTED_EDGE('',*,*,#1512,.F.);
#506=ORIENTED_EDGE('',*,*,#1513,.T.);
#507=ORIENTED_EDGE('',*,*,#1514,.F.);
#508=ORIENTED_EDGE('',*,*,#1515,.F.);
#509=ORIENTED_EDGE('',*,*,#1516,.T.);
#510=ORIENTED_EDGE('',*,*,#1517,.T.);
#511=ORIENTED_EDGE('',*,*,#1518,.T.);
#512=ORIENTED_EDGE('',*,*,#1519,.F.);
#513=ORIENTED_EDGE('',*,*,#1520,.T.);
#514=ORIENTED_EDGE('',*,*,#1498,.T.);
#515=ORIENTED_EDGE('',*,*,#1521,.T.);
#516=ORIENTED_EDGE('',*,*,#1522,.F.);
#517=ORIENTED_EDGE('',*,*,#1523,.T.);
#518=ORIENTED_EDGE('',*,*,#1524,.T.);
#519=ORIENTED_EDGE('',*,*,#1525,.F.);
#520=ORIENTED_EDGE('',*,*,#1526,.T.);
#521=ORIENTED_EDGE('',*,*,#1527,.F.);
#522=ORIENTED_EDGE('',*,*,#1528,.T.);
#523=ORIENTED_EDGE('',*,*,#1529,.F.);
#524=ORIENTED_EDGE('',*,*,#1530,.T.);
#525=ORIENTED_EDGE('',*,*,#1531,.F.);
#526=ORIENTED_EDGE('',*,*,#1532,.T.);
#527=ORIENTED_EDGE('',*,*,#1452,.T.);
#528=ORIENTED_EDGE('',*,*,#1533,.T.);
#529=ORIENTED_EDGE('',*,*,#1448,.T.);
#530=ORIENTED_EDGE('',*,*,#1534,.F.);
#531=ORIENTED_EDGE('',*,*,#1535,.F.);
#532=ORIENTED_EDGE('',*,*,#1536,.T.);
#533=ORIENTED_EDGE('',*,*,#1537,.F.);
#534=ORIENTED_EDGE('',*,*,#1538,.T.);
#535=ORIENTED_EDGE('',*,*,#1539,.F.);
#536=ORIENTED_EDGE('',*,*,#1540,.T.);
#537=ORIENTED_EDGE('',*,*,#1541,.F.);
#538=ORIENTED_EDGE('',*,*,#1542,.T.);
#539=ORIENTED_EDGE('',*,*,#1522,.T.);
#540=ORIENTED_EDGE('',*,*,#1543,.T.);
#541=ORIENTED_EDGE('',*,*,#1544,.T.);
#542=ORIENTED_EDGE('',*,*,#1480,.T.);
#543=ORIENTED_EDGE('',*,*,#1545,.F.);
#544=ORIENTED_EDGE('',*,*,#1546,.T.);
#545=ORIENTED_EDGE('',*,*,#1547,.T.);
#546=ORIENTED_EDGE('',*,*,#1502,.F.);
#547=ORIENTED_EDGE('',*,*,#1548,.T.);
#548=ORIENTED_EDGE('',*,*,#1549,.T.);
#549=ORIENTED_EDGE('',*,*,#1550,.F.);
#550=ORIENTED_EDGE('',*,*,#1551,.T.);
#551=ORIENTED_EDGE('',*,*,#1552,.F.);
#552=ORIENTED_EDGE('',*,*,#1553,.T.);
#553=ORIENTED_EDGE('',*,*,#1554,.F.);
#554=ORIENTED_EDGE('',*,*,#1555,.T.);
#555=ORIENTED_EDGE('',*,*,#1556,.F.);
#556=ORIENTED_EDGE('',*,*,#1557,.T.);
#557=ORIENTED_EDGE('',*,*,#1558,.F.);
#558=ORIENTED_EDGE('',*,*,#1559,.T.);
#559=ORIENTED_EDGE('',*,*,#1560,.T.);
#560=ORIENTED_EDGE('',*,*,#1561,.T.);
#561=ORIENTED_EDGE('',*,*,#1562,.T.);
#562=ORIENTED_EDGE('',*,*,#1563,.T.);
#563=ORIENTED_EDGE('',*,*,#1564,.F.);
#564=ORIENTED_EDGE('',*,*,#1565,.T.);
#565=ORIENTED_EDGE('',*,*,#1566,.F.);
#566=ORIENTED_EDGE('',*,*,#1567,.T.);
#567=ORIENTED_EDGE('',*,*,#1568,.F.);
#568=ORIENTED_EDGE('',*,*,#1569,.T.);
#569=ORIENTED_EDGE('',*,*,#1570,.F.);
#570=ORIENTED_EDGE('',*,*,#1571,.T.);
#571=ORIENTED_EDGE('',*,*,#1572,.F.);
#572=ORIENTED_EDGE('',*,*,#1573,.F.);
#573=ORIENTED_EDGE('',*,*,#1574,.T.);
#574=ORIENTED_EDGE('',*,*,#1546,.F.);
#575=ORIENTED_EDGE('',*,*,#1575,.T.);
#576=ORIENTED_EDGE('',*,*,#1576,.T.);
#577=ORIENTED_EDGE('',*,*,#1577,.T.);
#578=ORIENTED_EDGE('',*,*,#1534,.T.);
#579=ORIENTED_EDGE('',*,*,#1450,.T.);
#580=ORIENTED_EDGE('',*,*,#1446,.T.);
#581=ORIENTED_EDGE('',*,*,#1459,.T.);
#582=ORIENTED_EDGE('',*,*,#1578,.F.);
#583=ORIENTED_EDGE('',*,*,#1456,.T.);
#584=ORIENTED_EDGE('',*,*,#1442,.T.);
#585=ORIENTED_EDGE('',*,*,#1453,.T.);
#586=ORIENTED_EDGE('',*,*,#1579,.F.);
#587=ORIENTED_EDGE('',*,*,#1580,.T.);
#588=ORIENTED_EDGE('',*,*,#1581,.T.);
#589=ORIENTED_EDGE('',*,*,#1582,.F.);
#590=ORIENTED_EDGE('',*,*,#1583,.T.);
#591=ORIENTED_EDGE('',*,*,#1584,.F.);
#592=ORIENTED_EDGE('',*,*,#1585,.T.);
#593=ORIENTED_EDGE('',*,*,#1558,.T.);
#594=ORIENTED_EDGE('',*,*,#1586,.T.);
#595=ORIENTED_EDGE('',*,*,#1587,.F.);
#596=ORIENTED_EDGE('',*,*,#1588,.T.);
#597=ORIENTED_EDGE('',*,*,#1589,.T.);
#598=ORIENTED_EDGE('',*,*,#1590,.T.);
#599=ORIENTED_EDGE('',*,*,#1519,.T.);
#600=ORIENTED_EDGE('',*,*,#1591,.T.);
#601=ORIENTED_EDGE('',*,*,#1592,.T.);
#602=ORIENTED_EDGE('',*,*,#1593,.F.);
#603=ORIENTED_EDGE('',*,*,#1454,.T.);
#604=ORIENTED_EDGE('',*,*,#1578,.T.);
#605=ORIENTED_EDGE('',*,*,#1458,.T.);
#606=ORIENTED_EDGE('',*,*,#1594,.T.);
#607=ORIENTED_EDGE('',*,*,#1595,.T.);
#608=ORIENTED_EDGE('',*,*,#1596,.T.);
#609=ORIENTED_EDGE('',*,*,#1597,.T.);
#610=ORIENTED_EDGE('',*,*,#1598,.T.);
#611=ORIENTED_EDGE('',*,*,#1599,.T.);
#612=ORIENTED_EDGE('',*,*,#1600,.T.);
#613=ORIENTED_EDGE('',*,*,#1601,.T.);
#614=ORIENTED_EDGE('',*,*,#1602,.F.);
#615=ORIENTED_EDGE('',*,*,#1603,.T.);
#616=ORIENTED_EDGE('',*,*,#1589,.F.);
#617=ORIENTED_EDGE('',*,*,#1604,.T.);
#618=ORIENTED_EDGE('',*,*,#1605,.T.);
#619=ORIENTED_EDGE('',*,*,#1515,.T.);
#620=ORIENTED_EDGE('',*,*,#1606,.F.);
#621=ORIENTED_EDGE('',*,*,#1575,.F.);
#622=ORIENTED_EDGE('',*,*,#1545,.T.);
#623=ORIENTED_EDGE('',*,*,#1483,.F.);
#624=ORIENTED_EDGE('',*,*,#1607,.F.);
#625=ORIENTED_EDGE('',*,*,#1608,.T.);
#626=ORIENTED_EDGE('',*,*,#1508,.F.);
#627=ORIENTED_EDGE('',*,*,#1609,.T.);
#628=ORIENTED_EDGE('',*,*,#1610,.T.);
#629=ORIENTED_EDGE('',*,*,#1504,.T.);
#630=ORIENTED_EDGE('',*,*,#1611,.F.);
#631=ORIENTED_EDGE('',*,*,#1576,.F.);
#632=ORIENTED_EDGE('',*,*,#1606,.T.);
#633=ORIENTED_EDGE('',*,*,#1514,.T.);
#634=ORIENTED_EDGE('',*,*,#1612,.T.);
#635=ORIENTED_EDGE('',*,*,#1613,.T.);
#636=ORIENTED_EDGE('',*,*,#1614,.F.);
#637=ORIENTED_EDGE('',*,*,#1615,.T.);
#638=ORIENTED_EDGE('',*,*,#1602,.T.);
#639=ORIENTED_EDGE('',*,*,#1482,.F.);
#640=ORIENTED_EDGE('',*,*,#1611,.T.);
#641=ORIENTED_EDGE('',*,*,#1503,.T.);
#642=ORIENTED_EDGE('',*,*,#1547,.F.);
#643=ORIENTED_EDGE('',*,*,#1577,.F.);
#644=ORIENTED_EDGE('',*,*,#1544,.F.);
#645=ORIENTED_EDGE('',*,*,#1616,.T.);
#646=ORIENTED_EDGE('',*,*,#1617,.F.);
#647=ORIENTED_EDGE('',*,*,#1618,.T.);
#648=ORIENTED_EDGE('',*,*,#1607,.T.);
#649=ORIENTED_EDGE('',*,*,#1481,.F.);
#650=ORIENTED_EDGE('',*,*,#1614,.T.);
#651=ORIENTED_EDGE('',*,*,#1619,.T.);
#652=ORIENTED_EDGE('',*,*,#1620,.T.);
#653=ORIENTED_EDGE('',*,*,#1510,.F.);
#654=ORIENTED_EDGE('',*,*,#1621,.T.);
#655=ORIENTED_EDGE('',*,*,#1561,.F.);
#656=ORIENTED_EDGE('',*,*,#1622,.T.);
#657=ORIENTED_EDGE('',*,*,#1623,.T.);
#658=ORIENTED_EDGE('',*,*,#1582,.T.);
#659=ORIENTED_EDGE('',*,*,#1624,.T.);
#660=ORIENTED_EDGE('',*,*,#1625,.T.);
#661=ORIENTED_EDGE('',*,*,#1617,.T.);
#662=ORIENTED_EDGE('',*,*,#1626,.T.);
#663=ORIENTED_EDGE('',*,*,#1496,.F.);
#664=ORIENTED_EDGE('',*,*,#1627,.T.);
#665=ORIENTED_EDGE('',*,*,#1628,.T.);
#666=ORIENTED_EDGE('',*,*,#1629,.T.);
#667=ORIENTED_EDGE('',*,*,#1517,.F.);
#668=ORIENTED_EDGE('',*,*,#1584,.T.);
#669=ORIENTED_EDGE('',*,*,#1630,.T.);
#670=ORIENTED_EDGE('',*,*,#1631,.T.);
#671=ORIENTED_EDGE('',*,*,#1632,.F.);
#672=ORIENTED_EDGE('',*,*,#1579,.T.);
#673=ORIENTED_EDGE('',*,*,#1632,.T.);
#674=ORIENTED_EDGE('',*,*,#1633,.T.);
#675=ORIENTED_EDGE('',*,*,#1580,.F.);
#676=ORIENTED_EDGE('',*,*,#1633,.F.);
#677=ORIENTED_EDGE('',*,*,#1634,.T.);
#678=ORIENTED_EDGE('',*,*,#1574,.F.);
#679=ORIENTED_EDGE('',*,*,#1634,.F.);
#680=ORIENTED_EDGE('',*,*,#1635,.T.);
#681=ORIENTED_EDGE('',*,*,#1581,.F.);
#682=ORIENTED_EDGE('',*,*,#1635,.F.);
#683=ORIENTED_EDGE('',*,*,#1636,.F.);
#684=ORIENTED_EDGE('',*,*,#1573,.T.);
#685=ORIENTED_EDGE('',*,*,#1636,.T.);
#686=ORIENTED_EDGE('',*,*,#1637,.F.);
#687=ORIENTED_EDGE('',*,*,#1572,.T.);
#688=ORIENTED_EDGE('',*,*,#1637,.T.);
#689=ORIENTED_EDGE('',*,*,#1638,.T.);
#690=ORIENTED_EDGE('',*,*,#1639,.T.);
#691=ORIENTED_EDGE('',*,*,#1640,.T.);
#692=ORIENTED_EDGE('',*,*,#1641,.T.);
#693=ORIENTED_EDGE('',*,*,#1642,.T.);
#694=ORIENTED_EDGE('',*,*,#1643,.T.);
#695=ORIENTED_EDGE('',*,*,#1644,.T.);
#696=ORIENTED_EDGE('',*,*,#1645,.T.);
#697=ORIENTED_EDGE('',*,*,#1646,.T.);
#698=ORIENTED_EDGE('',*,*,#1647,.T.);
#699=ORIENTED_EDGE('',*,*,#1648,.T.);
#700=ORIENTED_EDGE('',*,*,#1649,.T.);
#701=ORIENTED_EDGE('',*,*,#1650,.T.);
#702=ORIENTED_EDGE('',*,*,#1651,.T.);
#703=ORIENTED_EDGE('',*,*,#1652,.T.);
#704=ORIENTED_EDGE('',*,*,#1653,.T.);
#705=ORIENTED_EDGE('',*,*,#1654,.T.);
#706=ORIENTED_EDGE('',*,*,#1655,.T.);
#707=ORIENTED_EDGE('',*,*,#1656,.T.);
#708=ORIENTED_EDGE('',*,*,#1657,.T.);
#709=ORIENTED_EDGE('',*,*,#1658,.T.);
#710=ORIENTED_EDGE('',*,*,#1659,.T.);
#711=ORIENTED_EDGE('',*,*,#1660,.T.);
#712=ORIENTED_EDGE('',*,*,#1661,.T.);
#713=ORIENTED_EDGE('',*,*,#1662,.T.);
#714=ORIENTED_EDGE('',*,*,#1663,.T.);
#715=ORIENTED_EDGE('',*,*,#1664,.T.);
#716=ORIENTED_EDGE('',*,*,#1665,.T.);
#717=ORIENTED_EDGE('',*,*,#1666,.T.);
#718=ORIENTED_EDGE('',*,*,#1667,.T.);
#719=ORIENTED_EDGE('',*,*,#1668,.T.);
#720=ORIENTED_EDGE('',*,*,#1669,.T.);
#721=ORIENTED_EDGE('',*,*,#1670,.F.);
#722=ORIENTED_EDGE('',*,*,#1540,.F.);
#723=ORIENTED_EDGE('',*,*,#1671,.F.);
#724=ORIENTED_EDGE('',*,*,#1669,.F.);
#725=ORIENTED_EDGE('',*,*,#1541,.T.);
#726=ORIENTED_EDGE('',*,*,#1670,.T.);
#727=ORIENTED_EDGE('',*,*,#1672,.F.);
#728=ORIENTED_EDGE('',*,*,#1673,.F.);
#729=ORIENTED_EDGE('',*,*,#1671,.T.);
#730=ORIENTED_EDGE('',*,*,#1539,.T.);
#731=ORIENTED_EDGE('',*,*,#1674,.F.);
#732=ORIENTED_EDGE('',*,*,#1675,.F.);
#733=ORIENTED_EDGE('',*,*,#1672,.T.);
#734=ORIENTED_EDGE('',*,*,#1668,.F.);
#735=ORIENTED_EDGE('',*,*,#1676,.F.);
#736=ORIENTED_EDGE('',*,*,#1657,.F.);
#737=ORIENTED_EDGE('',*,*,#1673,.T.);
#738=ORIENTED_EDGE('',*,*,#1656,.F.);
#739=ORIENTED_EDGE('',*,*,#1677,.F.);
#740=ORIENTED_EDGE('',*,*,#1542,.F.);
#741=ORIENTED_EDGE('',*,*,#1678,.F.);
#742=ORIENTED_EDGE('',*,*,#1536,.F.);
#743=ORIENTED_EDGE('',*,*,#1679,.F.);
#744=ORIENTED_EDGE('',*,*,#1660,.F.);
#745=ORIENTED_EDGE('',*,*,#1674,.T.);
#746=ORIENTED_EDGE('',*,*,#1538,.F.);
#747=ORIENTED_EDGE('',*,*,#1680,.F.);
#748=ORIENTED_EDGE('',*,*,#1662,.F.);
#749=ORIENTED_EDGE('',*,*,#1675,.T.);
#750=ORIENTED_EDGE('',*,*,#1665,.F.);
#751=ORIENTED_EDGE('',*,*,#1681,.F.);
#752=ORIENTED_EDGE('',*,*,#1666,.F.);
#753=ORIENTED_EDGE('',*,*,#1682,.F.);
#754=ORIENTED_EDGE('',*,*,#1569,.F.);
#755=ORIENTED_EDGE('',*,*,#1683,.F.);
#756=ORIENTED_EDGE('',*,*,#1667,.F.);
#757=ORIENTED_EDGE('',*,*,#1683,.T.);
#758=ORIENTED_EDGE('',*,*,#1568,.T.);
#759=ORIENTED_EDGE('',*,*,#1684,.F.);
#760=ORIENTED_EDGE('',*,*,#1676,.T.);
#761=ORIENTED_EDGE('',*,*,#1535,.T.);
#762=ORIENTED_EDGE('',*,*,#1677,.T.);
#763=ORIENTED_EDGE('',*,*,#1685,.F.);
#764=ORIENTED_EDGE('',*,*,#1679,.T.);
#765=ORIENTED_EDGE('',*,*,#1537,.T.);
#766=ORIENTED_EDGE('',*,*,#1678,.T.);
#767=ORIENTED_EDGE('',*,*,#1686,.F.);
#768=ORIENTED_EDGE('',*,*,#1680,.T.);
#769=ORIENTED_EDGE('',*,*,#1682,.T.);
#770=ORIENTED_EDGE('',*,*,#1681,.T.);
#771=ORIENTED_EDGE('',*,*,#1687,.F.);
#772=ORIENTED_EDGE('',*,*,#1570,.T.);
#773=ORIENTED_EDGE('',*,*,#1684,.T.);
#774=ORIENTED_EDGE('',*,*,#1567,.F.);
#775=ORIENTED_EDGE('',*,*,#1688,.F.);
#776=ORIENTED_EDGE('',*,*,#1654,.F.);
#777=ORIENTED_EDGE('',*,*,#1685,.T.);
#778=ORIENTED_EDGE('',*,*,#1655,.F.);
#779=ORIENTED_EDGE('',*,*,#1689,.F.);
#780=ORIENTED_EDGE('',*,*,#1661,.F.);
#781=ORIENTED_EDGE('',*,*,#1686,.T.);
#782=ORIENTED_EDGE('',*,*,#1659,.F.);
#783=ORIENTED_EDGE('',*,*,#1690,.F.);
#784=ORIENTED_EDGE('',*,*,#1663,.F.);
#785=ORIENTED_EDGE('',*,*,#1687,.T.);
#786=ORIENTED_EDGE('',*,*,#1664,.F.);
#787=ORIENTED_EDGE('',*,*,#1691,.F.);
#788=ORIENTED_EDGE('',*,*,#1571,.F.);
#789=ORIENTED_EDGE('',*,*,#1688,.T.);
#790=ORIENTED_EDGE('',*,*,#1566,.T.);
#791=ORIENTED_EDGE('',*,*,#1692,.F.);
#792=ORIENTED_EDGE('',*,*,#1689,.T.);
#793=ORIENTED_EDGE('',*,*,#1691,.T.);
#794=ORIENTED_EDGE('',*,*,#1690,.T.);
#795=ORIENTED_EDGE('',*,*,#1693,.F.);
#796=ORIENTED_EDGE('',*,*,#1564,.T.);
#797=ORIENTED_EDGE('',*,*,#1692,.T.);
#798=ORIENTED_EDGE('',*,*,#1565,.F.);
#799=ORIENTED_EDGE('',*,*,#1693,.T.);
#800=ORIENTED_EDGE('',*,*,#1658,.F.);
#801=ORIENTED_EDGE('',*,*,#1694,.F.);
#802=ORIENTED_EDGE('',*,*,#1530,.F.);
#803=ORIENTED_EDGE('',*,*,#1695,.F.);
#804=ORIENTED_EDGE('',*,*,#1641,.F.);
#805=ORIENTED_EDGE('',*,*,#1531,.T.);
#806=ORIENTED_EDGE('',*,*,#1694,.T.);
#807=ORIENTED_EDGE('',*,*,#1696,.F.);
#808=ORIENTED_EDGE('',*,*,#1697,.F.);
#809=ORIENTED_EDGE('',*,*,#1695,.T.);
#810=ORIENTED_EDGE('',*,*,#1529,.T.);
#811=ORIENTED_EDGE('',*,*,#1698,.F.);
#812=ORIENTED_EDGE('',*,*,#1699,.F.);
#813=ORIENTED_EDGE('',*,*,#1696,.T.);
#814=ORIENTED_EDGE('',*,*,#1640,.F.);
#815=ORIENTED_EDGE('',*,*,#1700,.F.);
#816=ORIENTED_EDGE('',*,*,#1645,.F.);
#817=ORIENTED_EDGE('',*,*,#1697,.T.);
#818=ORIENTED_EDGE('',*,*,#1644,.F.);
#819=ORIENTED_EDGE('',*,*,#1701,.F.);
#820=ORIENTED_EDGE('',*,*,#1532,.F.);
#821=ORIENTED_EDGE('',*,*,#1702,.F.);
#822=ORIENTED_EDGE('',*,*,#1526,.F.);
#823=ORIENTED_EDGE('',*,*,#1703,.F.);
#824=ORIENTED_EDGE('',*,*,#1648,.F.);
#825=ORIENTED_EDGE('',*,*,#1698,.T.);
#826=ORIENTED_EDGE('',*,*,#1528,.F.);
#827=ORIENTED_EDGE('',*,*,#1704,.F.);
#828=ORIENTED_EDGE('',*,*,#1650,.F.);
#829=ORIENTED_EDGE('',*,*,#1699,.T.);
#830=ORIENTED_EDGE('',*,*,#1653,.F.);
#831=ORIENTED_EDGE('',*,*,#1705,.F.);
#832=ORIENTED_EDGE('',*,*,#1638,.F.);
#833=ORIENTED_EDGE('',*,*,#1706,.F.);
#834=ORIENTED_EDGE('',*,*,#1555,.F.);
#835=ORIENTED_EDGE('',*,*,#1707,.F.);
#836=ORIENTED_EDGE('',*,*,#1639,.F.);
#837=ORIENTED_EDGE('',*,*,#1707,.T.);
#838=ORIENTED_EDGE('',*,*,#1554,.T.);
#839=ORIENTED_EDGE('',*,*,#1708,.F.);
#840=ORIENTED_EDGE('',*,*,#1700,.T.);
#841=ORIENTED_EDGE('',*,*,#1525,.T.);
#842=ORIENTED_EDGE('',*,*,#1701,.T.);
#843=ORIENTED_EDGE('',*,*,#1709,.F.);
#844=ORIENTED_EDGE('',*,*,#1703,.T.);
#845=ORIENTED_EDGE('',*,*,#1527,.T.);
#846=ORIENTED_EDGE('',*,*,#1702,.T.);
#847=ORIENTED_EDGE('',*,*,#1710,.F.);
#848=ORIENTED_EDGE('',*,*,#1704,.T.);
#849=ORIENTED_EDGE('',*,*,#1706,.T.);
#850=ORIENTED_EDGE('',*,*,#1705,.T.);
#851=ORIENTED_EDGE('',*,*,#1711,.F.);
#852=ORIENTED_EDGE('',*,*,#1556,.T.);
#853=ORIENTED_EDGE('',*,*,#1708,.T.);
#854=ORIENTED_EDGE('',*,*,#1553,.F.);
#855=ORIENTED_EDGE('',*,*,#1712,.F.);
#856=ORIENTED_EDGE('',*,*,#1642,.F.);
#857=ORIENTED_EDGE('',*,*,#1709,.T.);
#858=ORIENTED_EDGE('',*,*,#1643,.F.);
#859=ORIENTED_EDGE('',*,*,#1713,.F.);
#860=ORIENTED_EDGE('',*,*,#1649,.F.);
#861=ORIENTED_EDGE('',*,*,#1710,.T.);
#862=ORIENTED_EDGE('',*,*,#1647,.F.);
#863=ORIENTED_EDGE('',*,*,#1714,.F.);
#864=ORIENTED_EDGE('',*,*,#1651,.F.);
#865=ORIENTED_EDGE('',*,*,#1711,.T.);
#866=ORIENTED_EDGE('',*,*,#1652,.F.);
#867=ORIENTED_EDGE('',*,*,#1715,.F.);
#868=ORIENTED_EDGE('',*,*,#1557,.F.);
#869=ORIENTED_EDGE('',*,*,#1712,.T.);
#870=ORIENTED_EDGE('',*,*,#1552,.T.);
#871=ORIENTED_EDGE('',*,*,#1716,.F.);
#872=ORIENTED_EDGE('',*,*,#1713,.T.);
#873=ORIENTED_EDGE('',*,*,#1715,.T.);
#874=ORIENTED_EDGE('',*,*,#1714,.T.);
#875=ORIENTED_EDGE('',*,*,#1717,.F.);
#876=ORIENTED_EDGE('',*,*,#1550,.T.);
#877=ORIENTED_EDGE('',*,*,#1716,.T.);
#878=ORIENTED_EDGE('',*,*,#1551,.F.);
#879=ORIENTED_EDGE('',*,*,#1717,.T.);
#880=ORIENTED_EDGE('',*,*,#1646,.F.);
#881=ORIENTED_EDGE('',*,*,#1718,.T.);
#882=ORIENTED_EDGE('',*,*,#1719,.T.);
#883=ORIENTED_EDGE('',*,*,#1587,.T.);
#884=ORIENTED_EDGE('',*,*,#1500,.F.);
#885=ORIENTED_EDGE('',*,*,#1720,.T.);
#886=ORIENTED_EDGE('',*,*,#1721,.T.);
#887=ORIENTED_EDGE('',*,*,#1512,.T.);
#888=ORIENTED_EDGE('',*,*,#1722,.T.);
#889=ORIENTED_EDGE('',*,*,#1723,.T.);
#890=ORIENTED_EDGE('',*,*,#1724,.T.);
#891=ORIENTED_EDGE('',*,*,#1725,.T.);
#892=ORIENTED_EDGE('',*,*,#1492,.F.);
#893=ORIENTED_EDGE('',*,*,#1610,.F.);
#894=ORIENTED_EDGE('',*,*,#1726,.T.);
#895=ORIENTED_EDGE('',*,*,#1724,.F.);
#896=ORIENTED_EDGE('',*,*,#1505,.F.);
#897=ORIENTED_EDGE('',*,*,#1723,.F.);
#898=ORIENTED_EDGE('',*,*,#1727,.T.);
#899=ORIENTED_EDGE('',*,*,#1612,.F.);
#900=ORIENTED_EDGE('',*,*,#1513,.F.);
#901=ORIENTED_EDGE('',*,*,#1631,.F.);
#902=ORIENTED_EDGE('',*,*,#1728,.T.);
#903=ORIENTED_EDGE('',*,*,#1559,.F.);
#904=ORIENTED_EDGE('',*,*,#1585,.F.);
#905=ORIENTED_EDGE('',*,*,#1605,.F.);
#906=ORIENTED_EDGE('',*,*,#1729,.T.);
#907=ORIENTED_EDGE('',*,*,#1628,.F.);
#908=ORIENTED_EDGE('',*,*,#1516,.F.);
#909=ORIENTED_EDGE('',*,*,#1721,.F.);
#910=ORIENTED_EDGE('',*,*,#1730,.T.);
#911=ORIENTED_EDGE('',*,*,#1548,.F.);
#912=ORIENTED_EDGE('',*,*,#1501,.F.);
#913=ORIENTED_EDGE('',*,*,#1563,.F.);
#914=ORIENTED_EDGE('',*,*,#1731,.T.);
#915=ORIENTED_EDGE('',*,*,#1718,.F.);
#916=ORIENTED_EDGE('',*,*,#1586,.F.);
#917=ORIENTED_EDGE('',*,*,#1493,.F.);
#918=ORIENTED_EDGE('',*,*,#1725,.F.);
#919=ORIENTED_EDGE('',*,*,#1732,.F.);
#920=ORIENTED_EDGE('',*,*,#1506,.F.);
#921=ORIENTED_EDGE('',*,*,#1732,.T.);
#922=ORIENTED_EDGE('',*,*,#1726,.F.);
#923=ORIENTED_EDGE('',*,*,#1609,.F.);
#924=ORIENTED_EDGE('',*,*,#1507,.F.);
#925=ORIENTED_EDGE('',*,*,#1511,.F.);
#926=ORIENTED_EDGE('',*,*,#1620,.F.);
#927=ORIENTED_EDGE('',*,*,#1733,.F.);
#928=ORIENTED_EDGE('',*,*,#1722,.F.);
#929=ORIENTED_EDGE('',*,*,#1613,.F.);
#930=ORIENTED_EDGE('',*,*,#1727,.F.);
#931=ORIENTED_EDGE('',*,*,#1733,.T.);
#932=ORIENTED_EDGE('',*,*,#1619,.F.);
#933=ORIENTED_EDGE('',*,*,#1543,.F.);
#934=ORIENTED_EDGE('',*,*,#1521,.F.);
#935=ORIENTED_EDGE('',*,*,#1497,.F.);
#936=ORIENTED_EDGE('',*,*,#1626,.F.);
#937=ORIENTED_EDGE('',*,*,#1616,.F.);
#938=ORIENTED_EDGE('',*,*,#1495,.F.);
#939=ORIENTED_EDGE('',*,*,#1509,.F.);
#940=ORIENTED_EDGE('',*,*,#1608,.F.);
#941=ORIENTED_EDGE('',*,*,#1618,.F.);
#942=ORIENTED_EDGE('',*,*,#1627,.F.);
#943=ORIENTED_EDGE('',*,*,#1520,.F.);
#944=ORIENTED_EDGE('',*,*,#1590,.F.);
#945=ORIENTED_EDGE('',*,*,#1603,.F.);
#946=ORIENTED_EDGE('',*,*,#1615,.F.);
#947=ORIENTED_EDGE('',*,*,#1621,.F.);
#948=ORIENTED_EDGE('',*,*,#1583,.F.);
#949=ORIENTED_EDGE('',*,*,#1623,.F.);
#950=ORIENTED_EDGE('',*,*,#1734,.F.);
#951=ORIENTED_EDGE('',*,*,#1630,.F.);
#952=ORIENTED_EDGE('',*,*,#1560,.F.);
#953=ORIENTED_EDGE('',*,*,#1728,.F.);
#954=ORIENTED_EDGE('',*,*,#1734,.T.);
#955=ORIENTED_EDGE('',*,*,#1622,.F.);
#956=ORIENTED_EDGE('',*,*,#1518,.F.);
#957=ORIENTED_EDGE('',*,*,#1629,.F.);
#958=ORIENTED_EDGE('',*,*,#1735,.F.);
#959=ORIENTED_EDGE('',*,*,#1591,.F.);
#960=ORIENTED_EDGE('',*,*,#1735,.T.);
#961=ORIENTED_EDGE('',*,*,#1729,.F.);
#962=ORIENTED_EDGE('',*,*,#1604,.F.);
#963=ORIENTED_EDGE('',*,*,#1592,.F.);
#964=ORIENTED_EDGE('',*,*,#1499,.F.);
#965=ORIENTED_EDGE('',*,*,#1524,.F.);
#966=ORIENTED_EDGE('',*,*,#1736,.F.);
#967=ORIENTED_EDGE('',*,*,#1720,.F.);
#968=ORIENTED_EDGE('',*,*,#1549,.F.);
#969=ORIENTED_EDGE('',*,*,#1730,.F.);
#970=ORIENTED_EDGE('',*,*,#1736,.T.);
#971=ORIENTED_EDGE('',*,*,#1523,.F.);
#972=ORIENTED_EDGE('',*,*,#1588,.F.);
#973=ORIENTED_EDGE('',*,*,#1719,.F.);
#974=ORIENTED_EDGE('',*,*,#1737,.F.);
#975=ORIENTED_EDGE('',*,*,#1624,.F.);
#976=ORIENTED_EDGE('',*,*,#1737,.T.);
#977=ORIENTED_EDGE('',*,*,#1731,.F.);
#978=ORIENTED_EDGE('',*,*,#1562,.F.);
#979=ORIENTED_EDGE('',*,*,#1625,.F.);
#980=ORIENTED_EDGE('',*,*,#1488,.F.);
#981=ORIENTED_EDGE('',*,*,#1738,.T.);
#982=ORIENTED_EDGE('',*,*,#1739,.T.);
#983=ORIENTED_EDGE('',*,*,#1740,.T.);
#984=ORIENTED_EDGE('',*,*,#1741,.T.);
#985=ORIENTED_EDGE('',*,*,#1742,.T.);
#986=ORIENTED_EDGE('',*,*,#1743,.T.);
#987=ORIENTED_EDGE('',*,*,#1486,.F.);
#988=ORIENTED_EDGE('',*,*,#1744,.T.);
#989=ORIENTED_EDGE('',*,*,#1745,.T.);
#990=ORIENTED_EDGE('',*,*,#1746,.T.);
#991=ORIENTED_EDGE('',*,*,#1484,.F.);
#992=ORIENTED_EDGE('',*,*,#1490,.F.);
#993=ORIENTED_EDGE('',*,*,#1747,.T.);
#994=ORIENTED_EDGE('',*,*,#1748,.T.);
#995=ORIENTED_EDGE('',*,*,#1749,.T.);
#996=ORIENTED_EDGE('',*,*,#1472,.T.);
#997=ORIENTED_EDGE('',*,*,#1750,.T.);
#998=ORIENTED_EDGE('',*,*,#1751,.F.);
#999=ORIENTED_EDGE('',*,*,#1752,.T.);
#1000=ORIENTED_EDGE('',*,*,#1478,.T.);
#1001=ORIENTED_EDGE('',*,*,#1753,.T.);
#1002=ORIENTED_EDGE('',*,*,#1754,.F.);
#1003=ORIENTED_EDGE('',*,*,#1755,.T.);
#1004=ORIENTED_EDGE('',*,*,#1476,.T.);
#1005=ORIENTED_EDGE('',*,*,#1756,.T.);
#1006=ORIENTED_EDGE('',*,*,#1757,.F.);
#1007=ORIENTED_EDGE('',*,*,#1758,.T.);
#1008=ORIENTED_EDGE('',*,*,#1759,.T.);
#1009=ORIENTED_EDGE('',*,*,#1760,.F.);
#1010=ORIENTED_EDGE('',*,*,#1761,.T.);
#1011=ORIENTED_EDGE('',*,*,#1474,.T.);
#1012=ORIENTED_EDGE('',*,*,#1762,.T.);
#1013=ORIENTED_EDGE('',*,*,#1763,.F.);
#1014=ORIENTED_EDGE('',*,*,#1764,.T.);
#1015=ORIENTED_EDGE('',*,*,#1464,.T.);
#1016=ORIENTED_EDGE('',*,*,#1765,.T.);
#1017=ORIENTED_EDGE('',*,*,#1766,.F.);
#1018=ORIENTED_EDGE('',*,*,#1767,.T.);
#1019=ORIENTED_EDGE('',*,*,#1470,.T.);
#1020=ORIENTED_EDGE('',*,*,#1468,.T.);
#1021=ORIENTED_EDGE('',*,*,#1768,.T.);
#1022=ORIENTED_EDGE('',*,*,#1769,.F.);
#1023=ORIENTED_EDGE('',*,*,#1770,.T.);
#1024=ORIENTED_EDGE('',*,*,#1466,.T.);
#1025=ORIENTED_EDGE('',*,*,#1771,.T.);
#1026=ORIENTED_EDGE('',*,*,#1772,.F.);
#1027=ORIENTED_EDGE('',*,*,#1773,.T.);
#1028=ORIENTED_EDGE('',*,*,#1743,.F.);
#1029=ORIENTED_EDGE('',*,*,#1774,.F.);
#1030=ORIENTED_EDGE('',*,*,#1738,.F.);
#1031=ORIENTED_EDGE('',*,*,#1487,.F.);
#1032=ORIENTED_EDGE('',*,*,#1746,.F.);
#1033=ORIENTED_EDGE('',*,*,#1775,.F.);
#1034=ORIENTED_EDGE('',*,*,#1741,.F.);
#1035=ORIENTED_EDGE('',*,*,#1485,.F.);
#1036=ORIENTED_EDGE('',*,*,#1740,.F.);
#1037=ORIENTED_EDGE('',*,*,#1776,.F.);
#1038=ORIENTED_EDGE('',*,*,#1747,.F.);
#1039=ORIENTED_EDGE('',*,*,#1489,.F.);
#1040=ORIENTED_EDGE('',*,*,#1749,.F.);
#1041=ORIENTED_EDGE('',*,*,#1777,.F.);
#1042=ORIENTED_EDGE('',*,*,#1744,.F.);
#1043=ORIENTED_EDGE('',*,*,#1491,.F.);
#1044=ORIENTED_EDGE('',*,*,#1764,.F.);
#1045=ORIENTED_EDGE('',*,*,#1778,.F.);
#1046=ORIENTED_EDGE('',*,*,#1771,.F.);
#1047=ORIENTED_EDGE('',*,*,#1465,.F.);
#1048=ORIENTED_EDGE('',*,*,#1767,.F.);
#1049=ORIENTED_EDGE('',*,*,#1779,.F.);
#1050=ORIENTED_EDGE('',*,*,#1762,.F.);
#1051=ORIENTED_EDGE('',*,*,#1471,.F.);
#1052=ORIENTED_EDGE('',*,*,#1773,.F.);
#1053=ORIENTED_EDGE('',*,*,#1780,.F.);
#1054=ORIENTED_EDGE('',*,*,#1768,.F.);
#1055=ORIENTED_EDGE('',*,*,#1467,.F.);
#1056=ORIENTED_EDGE('',*,*,#1770,.F.);
#1057=ORIENTED_EDGE('',*,*,#1781,.F.);
#1058=ORIENTED_EDGE('',*,*,#1765,.F.);
#1059=ORIENTED_EDGE('',*,*,#1469,.F.);
#1060=ORIENTED_EDGE('',*,*,#1761,.F.);
#1061=ORIENTED_EDGE('',*,*,#1782,.F.);
#1062=ORIENTED_EDGE('',*,*,#1756,.F.);
#1063=ORIENTED_EDGE('',*,*,#1475,.F.);
#1064=ORIENTED_EDGE('',*,*,#1758,.F.);
#1065=ORIENTED_EDGE('',*,*,#1783,.F.);
#1066=ORIENTED_EDGE('',*,*,#1753,.F.);
#1067=ORIENTED_EDGE('',*,*,#1477,.F.);
#1068=ORIENTED_EDGE('',*,*,#1755,.F.);
#1069=ORIENTED_EDGE('',*,*,#1784,.F.);
#1070=ORIENTED_EDGE('',*,*,#1750,.F.);
#1071=ORIENTED_EDGE('',*,*,#1479,.F.);
#1072=ORIENTED_EDGE('',*,*,#1752,.F.);
#1073=ORIENTED_EDGE('',*,*,#1785,.F.);
#1074=ORIENTED_EDGE('',*,*,#1759,.F.);
#1075=ORIENTED_EDGE('',*,*,#1473,.F.);
#1076=ORIENTED_EDGE('',*,*,#1786,.T.);
#1077=ORIENTED_EDGE('',*,*,#1787,.T.);
#1078=ORIENTED_EDGE('',*,*,#1788,.F.);
#1079=ORIENTED_EDGE('',*,*,#1789,.T.);
#1080=ORIENTED_EDGE('',*,*,#1790,.T.);
#1081=ORIENTED_EDGE('',*,*,#1791,.F.);
#1082=ORIENTED_EDGE('',*,*,#1792,.T.);
#1083=ORIENTED_EDGE('',*,*,#1793,.T.);
#1084=ORIENTED_EDGE('',*,*,#1794,.T.);
#1085=ORIENTED_EDGE('',*,*,#1795,.T.);
#1086=ORIENTED_EDGE('',*,*,#1796,.T.);
#1087=ORIENTED_EDGE('',*,*,#1797,.T.);
#1088=ORIENTED_EDGE('',*,*,#1798,.T.);
#1089=ORIENTED_EDGE('',*,*,#1799,.T.);
#1090=ORIENTED_EDGE('',*,*,#1800,.T.);
#1091=ORIENTED_EDGE('',*,*,#1801,.T.);
#1092=ORIENTED_EDGE('',*,*,#1802,.T.);
#1093=ORIENTED_EDGE('',*,*,#1803,.T.);
#1094=ORIENTED_EDGE('',*,*,#1804,.F.);
#1095=ORIENTED_EDGE('',*,*,#1805,.T.);
#1096=ORIENTED_EDGE('',*,*,#1788,.T.);
#1097=ORIENTED_EDGE('',*,*,#1806,.F.);
#1098=ORIENTED_EDGE('',*,*,#1807,.F.);
#1099=ORIENTED_EDGE('',*,*,#1808,.T.);
#1100=ORIENTED_EDGE('',*,*,#1804,.T.);
#1101=ORIENTED_EDGE('',*,*,#1809,.T.);
#1102=ORIENTED_EDGE('',*,*,#1810,.F.);
#1103=ORIENTED_EDGE('',*,*,#1811,.T.);
#1104=ORIENTED_EDGE('',*,*,#1807,.T.);
#1105=ORIENTED_EDGE('',*,*,#1812,.T.);
#1106=ORIENTED_EDGE('',*,*,#1813,.F.);
#1107=ORIENTED_EDGE('',*,*,#1814,.T.);
#1108=ORIENTED_EDGE('',*,*,#1810,.T.);
#1109=ORIENTED_EDGE('',*,*,#1815,.T.);
#1110=ORIENTED_EDGE('',*,*,#1790,.F.);
#1111=ORIENTED_EDGE('',*,*,#1816,.T.);
#1112=ORIENTED_EDGE('',*,*,#1813,.T.);
#1113=ORIENTED_EDGE('',*,*,#1817,.F.);
#1114=ORIENTED_EDGE('',*,*,#1818,.F.);
#1115=ORIENTED_EDGE('',*,*,#1819,.T.);
#1116=ORIENTED_EDGE('',*,*,#1460,.T.);
#1117=ORIENTED_EDGE('',*,*,#1820,.T.);
#1118=ORIENTED_EDGE('',*,*,#1821,.F.);
#1119=ORIENTED_EDGE('',*,*,#1822,.T.);
#1120=ORIENTED_EDGE('',*,*,#1818,.T.);
#1121=ORIENTED_EDGE('',*,*,#1823,.F.);
#1122=ORIENTED_EDGE('',*,*,#1824,.F.);
#1123=ORIENTED_EDGE('',*,*,#1825,.T.);
#1124=ORIENTED_EDGE('',*,*,#1821,.T.);
#1125=ORIENTED_EDGE('',*,*,#1826,.F.);
#1126=ORIENTED_EDGE('',*,*,#1827,.F.);
#1127=ORIENTED_EDGE('',*,*,#1828,.T.);
#1128=ORIENTED_EDGE('',*,*,#1824,.T.);
#1129=ORIENTED_EDGE('',*,*,#1829,.F.);
#1130=ORIENTED_EDGE('',*,*,#1462,.F.);
#1131=ORIENTED_EDGE('',*,*,#1830,.T.);
#1132=ORIENTED_EDGE('',*,*,#1827,.T.);
#1133=ORIENTED_EDGE('',*,*,#1831,.T.);
#1134=ORIENTED_EDGE('',*,*,#1769,.T.);
#1135=ORIENTED_EDGE('',*,*,#1780,.T.);
#1136=ORIENTED_EDGE('',*,*,#1772,.T.);
#1137=ORIENTED_EDGE('',*,*,#1778,.T.);
#1138=ORIENTED_EDGE('',*,*,#1763,.T.);
#1139=ORIENTED_EDGE('',*,*,#1779,.T.);
#1140=ORIENTED_EDGE('',*,*,#1766,.T.);
#1141=ORIENTED_EDGE('',*,*,#1781,.T.);
#1142=ORIENTED_EDGE('',*,*,#1757,.T.);
#1143=ORIENTED_EDGE('',*,*,#1782,.T.);
#1144=ORIENTED_EDGE('',*,*,#1760,.T.);
#1145=ORIENTED_EDGE('',*,*,#1785,.T.);
#1146=ORIENTED_EDGE('',*,*,#1751,.T.);
#1147=ORIENTED_EDGE('',*,*,#1784,.T.);
#1148=ORIENTED_EDGE('',*,*,#1754,.T.);
#1149=ORIENTED_EDGE('',*,*,#1783,.T.);
#1150=ORIENTED_EDGE('',*,*,#1739,.F.);
#1151=ORIENTED_EDGE('',*,*,#1774,.T.);
#1152=ORIENTED_EDGE('',*,*,#1742,.F.);
#1153=ORIENTED_EDGE('',*,*,#1775,.T.);
#1154=ORIENTED_EDGE('',*,*,#1745,.F.);
#1155=ORIENTED_EDGE('',*,*,#1777,.T.);
#1156=ORIENTED_EDGE('',*,*,#1748,.F.);
#1157=ORIENTED_EDGE('',*,*,#1776,.T.);
#1158=ORIENTED_EDGE('',*,*,#1787,.F.);
#1159=ORIENTED_EDGE('',*,*,#1832,.T.);
#1160=ORIENTED_EDGE('',*,*,#1833,.T.);
#1161=ORIENTED_EDGE('',*,*,#1834,.T.);
#1162=ORIENTED_EDGE('',*,*,#1835,.T.);
#1163=ORIENTED_EDGE('',*,*,#1836,.T.);
#1164=ORIENTED_EDGE('',*,*,#1837,.T.);
#1165=ORIENTED_EDGE('',*,*,#1838,.T.);
#1166=ORIENTED_EDGE('',*,*,#1839,.T.);
#1167=ORIENTED_EDGE('',*,*,#1809,.F.);
#1168=ORIENTED_EDGE('',*,*,#1806,.T.);
#1169=ORIENTED_EDGE('',*,*,#1791,.T.);
#1170=ORIENTED_EDGE('',*,*,#1817,.T.);
#1171=ORIENTED_EDGE('',*,*,#1815,.F.);
#1172=ORIENTED_EDGE('',*,*,#1812,.F.);
#1173=ORIENTED_EDGE('',*,*,#1820,.F.);
#1174=ORIENTED_EDGE('',*,*,#1463,.T.);
#1175=ORIENTED_EDGE('',*,*,#1831,.F.);
#1176=ORIENTED_EDGE('',*,*,#1829,.T.);
#1177=ORIENTED_EDGE('',*,*,#1826,.T.);
#1178=ORIENTED_EDGE('',*,*,#1823,.T.);
#1179=ORIENTED_EDGE('',*,*,#1840,.F.);
#1180=ORIENTED_EDGE('',*,*,#1802,.F.);
#1181=ORIENTED_EDGE('',*,*,#1841,.F.);
#1182=ORIENTED_EDGE('',*,*,#1811,.F.);
#1183=ORIENTED_EDGE('',*,*,#1841,.T.);
#1184=ORIENTED_EDGE('',*,*,#1801,.F.);
#1185=ORIENTED_EDGE('',*,*,#1842,.F.);
#1186=ORIENTED_EDGE('',*,*,#1808,.F.);
#1187=ORIENTED_EDGE('',*,*,#1840,.T.);
#1188=ORIENTED_EDGE('',*,*,#1814,.F.);
#1189=ORIENTED_EDGE('',*,*,#1843,.F.);
#1190=ORIENTED_EDGE('',*,*,#1803,.F.);
#1191=ORIENTED_EDGE('',*,*,#1844,.F.);
#1192=ORIENTED_EDGE('',*,*,#1825,.F.);
#1193=ORIENTED_EDGE('',*,*,#1845,.F.);
#1194=ORIENTED_EDGE('',*,*,#1796,.F.);
#1195=ORIENTED_EDGE('',*,*,#1845,.T.);
#1196=ORIENTED_EDGE('',*,*,#1828,.F.);
#1197=ORIENTED_EDGE('',*,*,#1846,.F.);
#1198=ORIENTED_EDGE('',*,*,#1797,.F.);
#1199=ORIENTED_EDGE('',*,*,#1847,.F.);
#1200=ORIENTED_EDGE('',*,*,#1805,.F.);
#1201=ORIENTED_EDGE('',*,*,#1842,.T.);
#1202=ORIENTED_EDGE('',*,*,#1800,.F.);
#1203=ORIENTED_EDGE('',*,*,#1848,.F.);
#1204=ORIENTED_EDGE('',*,*,#1849,.F.);
#1205=ORIENTED_EDGE('',*,*,#1789,.F.);
#1206=ORIENTED_EDGE('',*,*,#1847,.T.);
#1207=ORIENTED_EDGE('',*,*,#1850,.F.);
#1208=ORIENTED_EDGE('',*,*,#1816,.F.);
#1209=ORIENTED_EDGE('',*,*,#1849,.T.);
#1210=ORIENTED_EDGE('',*,*,#1851,.F.);
#1211=ORIENTED_EDGE('',*,*,#1792,.F.);
#1212=ORIENTED_EDGE('',*,*,#1843,.T.);
#1213=ORIENTED_EDGE('',*,*,#1844,.T.);
#1214=ORIENTED_EDGE('',*,*,#1795,.F.);
#1215=ORIENTED_EDGE('',*,*,#1852,.F.);
#1216=ORIENTED_EDGE('',*,*,#1822,.F.);
#1217=ORIENTED_EDGE('',*,*,#1853,.F.);
#1218=ORIENTED_EDGE('',*,*,#1798,.F.);
#1219=ORIENTED_EDGE('',*,*,#1846,.T.);
#1220=ORIENTED_EDGE('',*,*,#1830,.F.);
#1221=ORIENTED_EDGE('',*,*,#1854,.F.);
#1222=ORIENTED_EDGE('',*,*,#1786,.F.);
#1223=ORIENTED_EDGE('',*,*,#1855,.F.);
#1224=ORIENTED_EDGE('',*,*,#1793,.F.);
#1225=ORIENTED_EDGE('',*,*,#1851,.T.);
#1226=ORIENTED_EDGE('',*,*,#1850,.T.);
#1227=ORIENTED_EDGE('',*,*,#1848,.T.);
#1228=ORIENTED_EDGE('',*,*,#1799,.F.);
#1229=ORIENTED_EDGE('',*,*,#1853,.T.);
#1230=ORIENTED_EDGE('',*,*,#1856,.F.);
#1231=ORIENTED_EDGE('',*,*,#1794,.F.);
#1232=ORIENTED_EDGE('',*,*,#1855,.T.);
#1233=ORIENTED_EDGE('',*,*,#1857,.F.);
#1234=ORIENTED_EDGE('',*,*,#1819,.F.);
#1235=ORIENTED_EDGE('',*,*,#1852,.T.);
#1236=ORIENTED_EDGE('',*,*,#1856,.T.);
#1237=ORIENTED_EDGE('',*,*,#1854,.T.);
#1238=ORIENTED_EDGE('',*,*,#1461,.F.);
#1239=ORIENTED_EDGE('',*,*,#1857,.T.);
#1240=ORIENTED_EDGE('',*,*,#1858,.T.);
#1241=ORIENTED_EDGE('',*,*,#1859,.T.);
#1242=ORIENTED_EDGE('',*,*,#1597,.F.);
#1243=ORIENTED_EDGE('',*,*,#1860,.T.);
#1244=ORIENTED_EDGE('',*,*,#1861,.T.);
#1245=ORIENTED_EDGE('',*,*,#1836,.F.);
#1246=ORIENTED_EDGE('',*,*,#1834,.F.);
#1247=ORIENTED_EDGE('',*,*,#1862,.T.);
#1248=ORIENTED_EDGE('',*,*,#1863,.T.);
#1249=ORIENTED_EDGE('',*,*,#1434,.F.);
#1250=ORIENTED_EDGE('',*,*,#1864,.T.);
#1251=ORIENTED_EDGE('',*,*,#1865,.T.);
#1252=ORIENTED_EDGE('',*,*,#1838,.F.);
#1253=ORIENTED_EDGE('',*,*,#1866,.T.);
#1254=ORIENTED_EDGE('',*,*,#1867,.T.);
#1255=ORIENTED_EDGE('',*,*,#1439,.F.);
#1256=ORIENTED_EDGE('',*,*,#1868,.T.);
#1257=ORIENTED_EDGE('',*,*,#1869,.T.);
#1258=ORIENTED_EDGE('',*,*,#1870,.T.);
#1259=ORIENTED_EDGE('',*,*,#1871,.T.);
#1260=ORIENTED_EDGE('',*,*,#1832,.F.);
#1261=ORIENTED_EDGE('',*,*,#1872,.T.);
#1262=ORIENTED_EDGE('',*,*,#1873,.T.);
#1263=ORIENTED_EDGE('',*,*,#1601,.F.);
#1264=ORIENTED_EDGE('',*,*,#1874,.F.);
#1265=ORIENTED_EDGE('',*,*,#1435,.F.);
#1266=ORIENTED_EDGE('',*,*,#1863,.F.);
#1267=ORIENTED_EDGE('',*,*,#1875,.F.);
#1268=ORIENTED_EDGE('',*,*,#1870,.F.);
#1269=ORIENTED_EDGE('',*,*,#1600,.F.);
#1270=ORIENTED_EDGE('',*,*,#1875,.T.);
#1271=ORIENTED_EDGE('',*,*,#1862,.F.);
#1272=ORIENTED_EDGE('',*,*,#1833,.F.);
#1273=ORIENTED_EDGE('',*,*,#1871,.F.);
#1274=ORIENTED_EDGE('',*,*,#1835,.F.);
#1275=ORIENTED_EDGE('',*,*,#1865,.F.);
#1276=ORIENTED_EDGE('',*,*,#1876,.F.);
#1277=ORIENTED_EDGE('',*,*,#1858,.F.);
#1278=ORIENTED_EDGE('',*,*,#1877,.F.);
#1279=ORIENTED_EDGE('',*,*,#1594,.F.);
#1280=ORIENTED_EDGE('',*,*,#1859,.F.);
#1281=ORIENTED_EDGE('',*,*,#1876,.T.);
#1282=ORIENTED_EDGE('',*,*,#1864,.F.);
#1283=ORIENTED_EDGE('',*,*,#1433,.F.);
#1284=ORIENTED_EDGE('',*,*,#1878,.F.);
#1285=ORIENTED_EDGE('',*,*,#1436,.F.);
#1286=ORIENTED_EDGE('',*,*,#1867,.F.);
#1287=ORIENTED_EDGE('',*,*,#1879,.F.);
#1288=ORIENTED_EDGE('',*,*,#1860,.F.);
#1289=ORIENTED_EDGE('',*,*,#1596,.F.);
#1290=ORIENTED_EDGE('',*,*,#1837,.F.);
#1291=ORIENTED_EDGE('',*,*,#1861,.F.);
#1292=ORIENTED_EDGE('',*,*,#1879,.T.);
#1293=ORIENTED_EDGE('',*,*,#1866,.F.);
#1294=ORIENTED_EDGE('',*,*,#1839,.F.);
#1295=ORIENTED_EDGE('',*,*,#1869,.F.);
#1296=ORIENTED_EDGE('',*,*,#1880,.F.);
#1297=ORIENTED_EDGE('',*,*,#1872,.F.);
#1298=ORIENTED_EDGE('',*,*,#1881,.F.);
#1299=ORIENTED_EDGE('',*,*,#1598,.F.);
#1300=ORIENTED_EDGE('',*,*,#1873,.F.);
#1301=ORIENTED_EDGE('',*,*,#1880,.T.);
#1302=ORIENTED_EDGE('',*,*,#1868,.F.);
#1303=ORIENTED_EDGE('',*,*,#1438,.F.);
#1304=ORIENTED_EDGE('',*,*,#1882,.T.);
#1305=ORIENTED_EDGE('',*,*,#1883,.T.);
#1306=ORIENTED_EDGE('',*,*,#1884,.T.);
#1307=ORIENTED_EDGE('',*,*,#1885,.T.);
#1308=ORIENTED_EDGE('',*,*,#1886,.T.);
#1309=ORIENTED_EDGE('',*,*,#1887,.T.);
#1310=ORIENTED_EDGE('',*,*,#1888,.T.);
#1311=ORIENTED_EDGE('',*,*,#1889,.T.);
#1312=ORIENTED_EDGE('',*,*,#1890,.T.);
#1313=ORIENTED_EDGE('',*,*,#1891,.T.);
#1314=ORIENTED_EDGE('',*,*,#1892,.T.);
#1315=ORIENTED_EDGE('',*,*,#1893,.T.);
#1316=ORIENTED_EDGE('',*,*,#1894,.T.);
#1317=ORIENTED_EDGE('',*,*,#1895,.T.);
#1318=ORIENTED_EDGE('',*,*,#1896,.T.);
#1319=ORIENTED_EDGE('',*,*,#1897,.T.);
#1320=ORIENTED_EDGE('',*,*,#1898,.F.);
#1321=ORIENTED_EDGE('',*,*,#1899,.T.);
#1322=ORIENTED_EDGE('',*,*,#1900,.F.);
#1323=ORIENTED_EDGE('',*,*,#1901,.T.);
#1324=ORIENTED_EDGE('',*,*,#1902,.F.);
#1325=ORIENTED_EDGE('',*,*,#1903,.T.);
#1326=ORIENTED_EDGE('',*,*,#1904,.F.);
#1327=ORIENTED_EDGE('',*,*,#1905,.T.);
#1328=ORIENTED_EDGE('',*,*,#1533,.F.);
#1329=ORIENTED_EDGE('',*,*,#1451,.F.);
#1330=ORIENTED_EDGE('',*,*,#1440,.T.);
#1331=ORIENTED_EDGE('',*,*,#1455,.F.);
#1332=ORIENTED_EDGE('',*,*,#1593,.T.);
#1333=ORIENTED_EDGE('',*,*,#1457,.F.);
#1334=ORIENTED_EDGE('',*,*,#1444,.T.);
#1335=ORIENTED_EDGE('',*,*,#1449,.F.);
#1336=ORIENTED_EDGE('',*,*,#1906,.F.);
#1337=ORIENTED_EDGE('',*,*,#1907,.T.);
#1338=ORIENTED_EDGE('',*,*,#1908,.F.);
#1339=ORIENTED_EDGE('',*,*,#1909,.T.);
#1340=ORIENTED_EDGE('',*,*,#1910,.F.);
#1341=ORIENTED_EDGE('',*,*,#1911,.T.);
#1342=ORIENTED_EDGE('',*,*,#1912,.F.);
#1343=ORIENTED_EDGE('',*,*,#1913,.T.);
#1344=ORIENTED_EDGE('',*,*,#1874,.T.);
#1345=ORIENTED_EDGE('',*,*,#1599,.F.);
#1346=ORIENTED_EDGE('',*,*,#1881,.T.);
#1347=ORIENTED_EDGE('',*,*,#1437,.F.);
#1348=ORIENTED_EDGE('',*,*,#1878,.T.);
#1349=ORIENTED_EDGE('',*,*,#1595,.F.);
#1350=ORIENTED_EDGE('',*,*,#1877,.T.);
#1351=ORIENTED_EDGE('',*,*,#1432,.T.);
#1352=ORIENTED_EDGE('',*,*,#1914,.F.);
#1353=ORIENTED_EDGE('',*,*,#1913,.F.);
#1354=ORIENTED_EDGE('',*,*,#1915,.F.);
#1355=ORIENTED_EDGE('',*,*,#1892,.F.);
#1356=ORIENTED_EDGE('',*,*,#1906,.T.);
#1357=ORIENTED_EDGE('',*,*,#1914,.T.);
#1358=ORIENTED_EDGE('',*,*,#1916,.F.);
#1359=ORIENTED_EDGE('',*,*,#1917,.F.);
#1360=ORIENTED_EDGE('',*,*,#1915,.T.);
#1361=ORIENTED_EDGE('',*,*,#1912,.T.);
#1362=ORIENTED_EDGE('',*,*,#1918,.F.);
#1363=ORIENTED_EDGE('',*,*,#1919,.F.);
#1364=ORIENTED_EDGE('',*,*,#1916,.T.);
#1365=ORIENTED_EDGE('',*,*,#1891,.F.);
#1366=ORIENTED_EDGE('',*,*,#1920,.F.);
#1367=ORIENTED_EDGE('',*,*,#1889,.F.);
#1368=ORIENTED_EDGE('',*,*,#1917,.T.);
#1369=ORIENTED_EDGE('',*,*,#1888,.F.);
#1370=ORIENTED_EDGE('',*,*,#1921,.F.);
#1371=ORIENTED_EDGE('',*,*,#1907,.F.);
#1372=ORIENTED_EDGE('',*,*,#1922,.F.);
#1373=ORIENTED_EDGE('',*,*,#1909,.F.);
#1374=ORIENTED_EDGE('',*,*,#1923,.F.);
#1375=ORIENTED_EDGE('',*,*,#1882,.F.);
#1376=ORIENTED_EDGE('',*,*,#1918,.T.);
#1377=ORIENTED_EDGE('',*,*,#1911,.F.);
#1378=ORIENTED_EDGE('',*,*,#1924,.F.);
#1379=ORIENTED_EDGE('',*,*,#1894,.F.);
#1380=ORIENTED_EDGE('',*,*,#1919,.T.);
#1381=ORIENTED_EDGE('',*,*,#1897,.F.);
#1382=ORIENTED_EDGE('',*,*,#1925,.F.);
#1383=ORIENTED_EDGE('',*,*,#1893,.F.);
#1384=ORIENTED_EDGE('',*,*,#1926,.F.);
#1385=ORIENTED_EDGE('',*,*,#1903,.F.);
#1386=ORIENTED_EDGE('',*,*,#1927,.F.);
#1387=ORIENTED_EDGE('',*,*,#1890,.F.);
#1388=ORIENTED_EDGE('',*,*,#1927,.T.);
#1389=ORIENTED_EDGE('',*,*,#1902,.T.);
#1390=ORIENTED_EDGE('',*,*,#1928,.F.);
#1391=ORIENTED_EDGE('',*,*,#1920,.T.);
#1392=ORIENTED_EDGE('',*,*,#1908,.T.);
#1393=ORIENTED_EDGE('',*,*,#1921,.T.);
#1394=ORIENTED_EDGE('',*,*,#1929,.F.);
#1395=ORIENTED_EDGE('',*,*,#1923,.T.);
#1396=ORIENTED_EDGE('',*,*,#1910,.T.);
#1397=ORIENTED_EDGE('',*,*,#1922,.T.);
#1398=ORIENTED_EDGE('',*,*,#1930,.F.);
#1399=ORIENTED_EDGE('',*,*,#1924,.T.);
#1400=ORIENTED_EDGE('',*,*,#1926,.T.);
#1401=ORIENTED_EDGE('',*,*,#1925,.T.);
#1402=ORIENTED_EDGE('',*,*,#1931,.F.);
#1403=ORIENTED_EDGE('',*,*,#1904,.T.);
#1404=ORIENTED_EDGE('',*,*,#1928,.T.);
#1405=ORIENTED_EDGE('',*,*,#1901,.F.);
#1406=ORIENTED_EDGE('',*,*,#1932,.F.);
#1407=ORIENTED_EDGE('',*,*,#1886,.F.);
#1408=ORIENTED_EDGE('',*,*,#1929,.T.);
#1409=ORIENTED_EDGE('',*,*,#1887,.F.);
#1410=ORIENTED_EDGE('',*,*,#1933,.F.);
#1411=ORIENTED_EDGE('',*,*,#1883,.F.);
#1412=ORIENTED_EDGE('',*,*,#1930,.T.);
#1413=ORIENTED_EDGE('',*,*,#1885,.F.);
#1414=ORIENTED_EDGE('',*,*,#1934,.F.);
#1415=ORIENTED_EDGE('',*,*,#1895,.F.);
#1416=ORIENTED_EDGE('',*,*,#1931,.T.);
#1417=ORIENTED_EDGE('',*,*,#1896,.F.);
#1418=ORIENTED_EDGE('',*,*,#1935,.F.);
#1419=ORIENTED_EDGE('',*,*,#1905,.F.);
#1420=ORIENTED_EDGE('',*,*,#1932,.T.);
#1421=ORIENTED_EDGE('',*,*,#1900,.T.);
#1422=ORIENTED_EDGE('',*,*,#1936,.F.);
#1423=ORIENTED_EDGE('',*,*,#1933,.T.);
#1424=ORIENTED_EDGE('',*,*,#1935,.T.);
#1425=ORIENTED_EDGE('',*,*,#1934,.T.);
#1426=ORIENTED_EDGE('',*,*,#1937,.F.);
#1427=ORIENTED_EDGE('',*,*,#1898,.T.);
#1428=ORIENTED_EDGE('',*,*,#1936,.T.);
#1429=ORIENTED_EDGE('',*,*,#1899,.F.);
#1430=ORIENTED_EDGE('',*,*,#1937,.T.);
#1431=ORIENTED_EDGE('',*,*,#1884,.F.);
#1432=EDGE_CURVE('',#1938,#1939,#2258,.T.);
#1433=EDGE_CURVE('',#1938,#1940,#2259,.T.);
#1434=EDGE_CURVE('',#1940,#1941,#2260,.T.);
#1435=EDGE_CURVE('',#1941,#1939,#2261,.F.);
#1436=EDGE_CURVE('',#1942,#1943,#2262,.T.);
#1437=EDGE_CURVE('',#1943,#1944,#2263,.T.);
#1438=EDGE_CURVE('',#1944,#1945,#2264,.F.);
#1439=EDGE_CURVE('',#1945,#1942,#2265,.T.);
#1440=EDGE_CURVE('',#1946,#1947,#132,.T.);
#1441=EDGE_CURVE('',#1946,#1948,#2266,.F.);
#1442=EDGE_CURVE('',#1949,#1948,#133,.T.);
#1443=EDGE_CURVE('',#1949,#1947,#2267,.T.);
#1444=EDGE_CURVE('',#1950,#1951,#134,.T.);
#1445=EDGE_CURVE('',#1950,#1952,#2268,.F.);
#1446=EDGE_CURVE('',#1953,#1952,#135,.T.);
#1447=EDGE_CURVE('',#1953,#1951,#2269,.T.);
#1448=EDGE_CURVE('',#1954,#1955,#2270,.F.);
#1449=EDGE_CURVE('',#1954,#1951,#136,.F.);
#1450=EDGE_CURVE('',#1955,#1953,#137,.T.);
#1451=EDGE_CURVE('',#1946,#1956,#138,.F.);
#1452=EDGE_CURVE('',#1957,#1956,#2271,.T.);
#1453=EDGE_CURVE('',#1948,#1957,#139,.T.);
#1454=EDGE_CURVE('',#1958,#1959,#2272,.T.);
#1455=EDGE_CURVE('',#1958,#1947,#140,.F.);
#1456=EDGE_CURVE('',#1959,#1949,#141,.T.);
#1457=EDGE_CURVE('',#1950,#1960,#142,.F.);
#1458=EDGE_CURVE('',#1961,#1960,#2273,.F.);
#1459=EDGE_CURVE('',#1952,#1961,#143,.T.);
#1460=EDGE_CURVE('',#1962,#1963,#2274,.T.);
#1461=EDGE_CURVE('',#1962,#1964,#144,.T.);
#1462=EDGE_CURVE('',#1964,#1965,#2275,.T.);
#1463=EDGE_CURVE('',#1963,#1965,#145,.T.);
#1464=EDGE_CURVE('',#1966,#1967,#2276,.T.);
#1465=EDGE_CURVE('',#1966,#1968,#146,.F.);
#1466=EDGE_CURVE('',#1969,#1968,#2277,.T.);
#1467=EDGE_CURVE('',#1969,#1970,#147,.F.);
#1468=EDGE_CURVE('',#1971,#1970,#2278,.T.);
#1469=EDGE_CURVE('',#1971,#1972,#148,.F.);
#1470=EDGE_CURVE('',#1973,#1972,#2279,.T.);
#1471=EDGE_CURVE('',#1973,#1967,#149,.F.);
#1472=EDGE_CURVE('',#1974,#1975,#2280,.T.);
#1473=EDGE_CURVE('',#1974,#1976,#150,.F.);
#1474=EDGE_CURVE('',#1977,#1976,#2281,.T.);
#1475=EDGE_CURVE('',#1977,#1978,#151,.F.);
#1476=EDGE_CURVE('',#1979,#1978,#2282,.T.);
#1477=EDGE_CURVE('',#1979,#1980,#152,.F.);
#1478=EDGE_CURVE('',#1981,#1980,#2283,.T.);
#1479=EDGE_CURVE('',#1981,#1975,#153,.F.);
#1480=EDGE_CURVE('',#1982,#1983,#2284,.T.);
#1481=EDGE_CURVE('',#1982,#1984,#2285,.T.);
#1482=EDGE_CURVE('',#1984,#1985,#2286,.T.);
#1483=EDGE_CURVE('',#1985,#1983,#2287,.T.);
#1484=EDGE_CURVE('',#1986,#1987,#2288,.T.);
#1485=EDGE_CURVE('',#1987,#1988,#154,.F.);
#1486=EDGE_CURVE('',#1988,#1989,#2289,.T.);
#1487=EDGE_CURVE('',#1989,#1990,#155,.F.);
#1488=EDGE_CURVE('',#1990,#1991,#2290,.T.);
#1489=EDGE_CURVE('',#1991,#1992,#156,.F.);
#1490=EDGE_CURVE('',#1992,#1993,#2291,.T.);
#1491=EDGE_CURVE('',#1993,#1986,#157,.F.);
#1492=EDGE_CURVE('',#1994,#1995,#2292,.T.);
#1493=EDGE_CURVE('',#1995,#1996,#101,.T.);
#1494=EDGE_CURVE('',#1996,#1997,#2293,.T.);
#1495=EDGE_CURVE('',#1997,#1998,#102,.F.);
#1496=EDGE_CURVE('',#1998,#1999,#2294,.T.);
#1497=EDGE_CURVE('',#1999,#2000,#103,.F.);
#1498=EDGE_CURVE('',#2001,#2000,#2295,.T.);
#1499=EDGE_CURVE('',#2001,#2002,#104,.T.);
#1500=EDGE_CURVE('',#2002,#2003,#2296,.T.);
#1501=EDGE_CURVE('',#2003,#2004,#158,.F.);
#1502=EDGE_CURVE('',#2004,#2005,#2297,.T.);
#1503=EDGE_CURVE('',#2006,#2005,#2298,.T.);
#1504=EDGE_CURVE('',#2007,#2006,#2299,.T.);
#1505=EDGE_CURVE('',#2007,#1994,#159,.F.);
#1506=EDGE_CURVE('',#1996,#2008,#2300,.T.);
#1507=EDGE_CURVE('',#2008,#2009,#105,.T.);
#1508=EDGE_CURVE('',#2009,#2010,#2301,.T.);
#1509=EDGE_CURVE('',#2010,#1997,#2302,.T.);
#1510=EDGE_CURVE('',#2011,#2012,#2303,.T.);
#1511=EDGE_CURVE('',#2012,#2013,#106,.T.);
#1512=EDGE_CURVE('',#2014,#2013,#2304,.T.);
#1513=EDGE_CURVE('',#2014,#2015,#160,.F.);
#1514=EDGE_CURVE('',#2016,#2015,#2305,.T.);
#1515=EDGE_CURVE('',#2017,#2016,#2306,.T.);
#1516=EDGE_CURVE('',#2017,#2018,#161,.F.);
#1517=EDGE_CURVE('',#2018,#2019,#2307,.T.);
#1518=EDGE_CURVE('',#2019,#2020,#107,.T.);
#1519=EDGE_CURVE('',#2021,#2020,#2308,.T.);
#1520=EDGE_CURVE('',#2021,#2011,#108,.F.);
#1521=EDGE_CURVE('',#2000,#2022,#2309,.T.);
#1522=EDGE_CURVE('',#2023,#2022,#2310,.T.);
#1523=EDGE_CURVE('',#2023,#2024,#109,.F.);
#1524=EDGE_CURVE('',#2024,#2001,#2311,.T.);
#1525=EDGE_CURVE('',#2025,#2026,#162,.F.);
#1526=EDGE_CURVE('',#2025,#2027,#2312,.T.);
#1527=EDGE_CURVE('',#2028,#2027,#163,.F.);
#1528=EDGE_CURVE('',#2028,#2029,#2313,.F.);
#1529=EDGE_CURVE('',#2030,#2029,#164,.F.);
#1530=EDGE_CURVE('',#2030,#2031,#2314,.F.);
#1531=EDGE_CURVE('',#2032,#2031,#165,.F.);
#1532=EDGE_CURVE('',#2032,#2026,#2315,.T.);
#1533=EDGE_CURVE('',#1956,#1954,#2316,.T.);
#1534=EDGE_CURVE('',#1957,#1955,#2317,.T.);
#1535=EDGE_CURVE('',#2033,#2034,#166,.F.);
#1536=EDGE_CURVE('',#2033,#2035,#2318,.T.);
#1537=EDGE_CURVE('',#2036,#2035,#167,.F.);
#1538=EDGE_CURVE('',#2036,#2037,#2319,.T.);
#1539=EDGE_CURVE('',#2038,#2037,#168,.F.);
#1540=EDGE_CURVE('',#2038,#2039,#2320,.F.);
#1541=EDGE_CURVE('',#2040,#2039,#169,.F.);
#1542=EDGE_CURVE('',#2040,#2034,#2321,.F.);
#1543=EDGE_CURVE('',#2022,#2041,#110,.T.);
#1544=EDGE_CURVE('',#2041,#1982,#2322,.T.);
#1545=EDGE_CURVE('',#2042,#1983,#2323,.T.);
#1546=EDGE_CURVE('',#2042,#2043,#2324,.T.);
#1547=EDGE_CURVE('',#2043,#2005,#2325,.T.);
#1548=EDGE_CURVE('',#2004,#2044,#2326,.F.);
#1549=EDGE_CURVE('',#2044,#2023,#59,.F.);
#1550=EDGE_CURVE('',#2045,#2046,#170,.T.);
#1551=EDGE_CURVE('',#2045,#2047,#2327,.F.);
#1552=EDGE_CURVE('',#2048,#2047,#171,.T.);
#1553=EDGE_CURVE('',#2048,#2049,#2328,.F.);
#1554=EDGE_CURVE('',#2050,#2049,#172,.T.);
#1555=EDGE_CURVE('',#2050,#2051,#2329,.T.);
#1556=EDGE_CURVE('',#2052,#2051,#173,.T.);
#1557=EDGE_CURVE('',#2052,#2046,#2330,.T.);
#1558=EDGE_CURVE('',#2053,#2054,#2331,.T.);
#1559=EDGE_CURVE('',#2053,#2055,#2332,.F.);
#1560=EDGE_CURVE('',#2055,#2056,#60,.F.);
#1561=EDGE_CURVE('',#2056,#2057,#2333,.T.);
#1562=EDGE_CURVE('',#2057,#2058,#61,.T.);
#1563=EDGE_CURVE('',#2058,#2054,#2334,.T.);
#1564=EDGE_CURVE('',#2059,#2060,#174,.T.);
#1565=EDGE_CURVE('',#2059,#2061,#2335,.F.);
#1566=EDGE_CURVE('',#2062,#2061,#175,.T.);
#1567=EDGE_CURVE('',#2062,#2063,#2336,.T.);
#1568=EDGE_CURVE('',#2064,#2063,#176,.T.);
#1569=EDGE_CURVE('',#2064,#2065,#2337,.T.);
#1570=EDGE_CURVE('',#2066,#2065,#177,.T.);
#1571=EDGE_CURVE('',#2066,#2060,#2338,.F.);
#1572=EDGE_CURVE('',#2067,#2067,#178,.T.);
#1573=EDGE_CURVE('',#2068,#2068,#179,.T.);
#1574=EDGE_CURVE('',#2069,#2069,#180,.T.);
#1575=EDGE_CURVE('',#2042,#2070,#2339,.T.);
#1576=EDGE_CURVE('',#2070,#2071,#2340,.T.);
#1577=EDGE_CURVE('',#2071,#2043,#2341,.T.);
#1578=EDGE_CURVE('',#1959,#1961,#2342,.T.);
#1579=EDGE_CURVE('',#2072,#2072,#181,.T.);
#1580=EDGE_CURVE('',#2073,#2073,#182,.T.);
#1581=EDGE_CURVE('',#2074,#2074,#183,.T.);
#1582=EDGE_CURVE('',#2075,#2076,#2343,.T.);
#1583=EDGE_CURVE('',#2075,#2077,#111,.T.);
#1584=EDGE_CURVE('',#2078,#2077,#2344,.T.);
#1585=EDGE_CURVE('',#2078,#2053,#184,.F.);
#1586=EDGE_CURVE('',#2054,#2079,#185,.F.);
#1587=EDGE_CURVE('',#2080,#2079,#2345,.T.);
#1588=EDGE_CURVE('',#2080,#2076,#112,.T.);
#1589=EDGE_CURVE('',#2081,#2082,#2346,.T.);
#1590=EDGE_CURVE('',#2082,#2021,#2347,.T.);
#1591=EDGE_CURVE('',#2020,#2083,#2348,.T.);
#1592=EDGE_CURVE('',#2083,#2081,#113,.F.);
#1593=EDGE_CURVE('',#1958,#1960,#2349,.T.);
#1594=EDGE_CURVE('',#2084,#2085,#2350,.F.);
#1595=EDGE_CURVE('',#2085,#2086,#186,.T.);
#1596=EDGE_CURVE('',#2086,#2087,#2351,.T.);
#1597=EDGE_CURVE('',#2087,#2084,#187,.T.);
#1598=EDGE_CURVE('',#2088,#2089,#2352,.F.);
#1599=EDGE_CURVE('',#2089,#2090,#188,.T.);
#1600=EDGE_CURVE('',#2090,#2091,#2353,.T.);
#1601=EDGE_CURVE('',#2091,#2088,#189,.T.);
#1602=EDGE_CURVE('',#2092,#1985,#2354,.T.);
#1603=EDGE_CURVE('',#2092,#2082,#114,.F.);
#1604=EDGE_CURVE('',#2081,#2093,#62,.T.);
#1605=EDGE_CURVE('',#2093,#2017,#2355,.T.);
#1606=EDGE_CURVE('',#2070,#2016,#2356,.T.);
#1607=EDGE_CURVE('',#2094,#1984,#2357,.T.);
#1608=EDGE_CURVE('',#2094,#2010,#115,.F.);
#1609=EDGE_CURVE('',#2009,#2095,#63,.T.);
#1610=EDGE_CURVE('',#2095,#2007,#2358,.T.);
#1611=EDGE_CURVE('',#2071,#2006,#2359,.T.);
#1612=EDGE_CURVE('',#2015,#2096,#2360,.F.);
#1613=EDGE_CURVE('',#2096,#2097,#64,.F.);
#1614=EDGE_CURVE('',#2098,#2097,#2361,.T.);
#1615=EDGE_CURVE('',#2098,#2092,#116,.F.);
#1616=EDGE_CURVE('',#2041,#2099,#117,.F.);
#1617=EDGE_CURVE('',#2100,#2099,#2362,.T.);
#1618=EDGE_CURVE('',#2100,#2094,#118,.F.);
#1619=EDGE_CURVE('',#2097,#2101,#119,.T.);
#1620=EDGE_CURVE('',#2101,#2012,#2363,.F.);
#1621=EDGE_CURVE('',#2011,#2098,#2364,.T.);
#1622=EDGE_CURVE('',#2056,#2102,#120,.F.);
#1623=EDGE_CURVE('',#2102,#2075,#2365,.F.);
#1624=EDGE_CURVE('',#2076,#2103,#2366,.F.);
#1625=EDGE_CURVE('',#2103,#2057,#121,.F.);
#1626=EDGE_CURVE('',#2099,#1999,#2367,.T.);
#1627=EDGE_CURVE('',#1998,#2100,#2368,.F.);
#1628=EDGE_CURVE('',#2018,#2104,#2369,.F.);
#1629=EDGE_CURVE('',#2104,#2019,#2370,.F.);
#1630=EDGE_CURVE('',#2077,#2105,#2371,.T.);
#1631=EDGE_CURVE('',#2105,#2078,#2372,.T.);
#1632=EDGE_CURVE('',#2106,#2106,#190,.T.);
#1633=EDGE_CURVE('',#2107,#2107,#191,.T.);
#1634=EDGE_CURVE('',#2108,#2108,#192,.T.);
#1635=EDGE_CURVE('',#2109,#2109,#193,.T.);
#1636=EDGE_CURVE('',#2110,#2110,#194,.T.);
#1637=EDGE_CURVE('',#2111,#2111,#195,.T.);
#1638=EDGE_CURVE('',#2112,#2113,#2373,.T.);
#1639=EDGE_CURVE('',#2113,#2114,#2374,.F.);
#1640=EDGE_CURVE('',#2114,#2115,#2375,.F.);
#1641=EDGE_CURVE('',#2115,#2112,#2376,.T.);
#1642=EDGE_CURVE('',#2116,#2117,#2377,.T.);
#1643=EDGE_CURVE('',#2117,#2118,#2378,.F.);
#1644=EDGE_CURVE('',#2118,#2119,#2379,.F.);
#1645=EDGE_CURVE('',#2119,#2116,#2380,.T.);
#1646=EDGE_CURVE('',#2120,#2121,#2381,.T.);
#1647=EDGE_CURVE('',#2121,#2122,#2382,.F.);
#1648=EDGE_CURVE('',#2122,#2123,#2383,.F.);
#1649=EDGE_CURVE('',#2123,#2120,#2384,.T.);
#1650=EDGE_CURVE('',#2124,#2125,#2385,.T.);
#1651=EDGE_CURVE('',#2125,#2126,#2386,.T.);
#1652=EDGE_CURVE('',#2126,#2127,#2387,.F.);
#1653=EDGE_CURVE('',#2127,#2124,#2388,.F.);
#1654=EDGE_CURVE('',#2128,#2129,#2389,.F.);
#1655=EDGE_CURVE('',#2129,#2130,#2390,.F.);
#1656=EDGE_CURVE('',#2130,#2131,#2391,.T.);
#1657=EDGE_CURVE('',#2131,#2128,#2392,.T.);
#1658=EDGE_CURVE('',#2132,#2133,#2393,.T.);
#1659=EDGE_CURVE('',#2133,#2134,#2394,.F.);
#1660=EDGE_CURVE('',#2134,#2135,#2395,.F.);
#1661=EDGE_CURVE('',#2135,#2132,#2396,.T.);
#1662=EDGE_CURVE('',#2136,#2137,#2397,.F.);
#1663=EDGE_CURVE('',#2137,#2138,#2398,.T.);
#1664=EDGE_CURVE('',#2138,#2139,#2399,.T.);
#1665=EDGE_CURVE('',#2139,#2136,#2400,.F.);
#1666=EDGE_CURVE('',#2140,#2141,#2401,.T.);
#1667=EDGE_CURVE('',#2141,#2142,#2402,.F.);
#1668=EDGE_CURVE('',#2142,#2143,#2403,.F.);
#1669=EDGE_CURVE('',#2143,#2140,#2404,.T.);
#1670=EDGE_CURVE('',#2039,#2143,#196,.T.);
#1671=EDGE_CURVE('',#2140,#2038,#197,.T.);
#1672=EDGE_CURVE('',#2131,#2143,#198,.F.);
#1673=EDGE_CURVE('',#2040,#2131,#199,.F.);
#1674=EDGE_CURVE('',#2136,#2037,#200,.F.);
#1675=EDGE_CURVE('',#2140,#2136,#201,.F.);
#1676=EDGE_CURVE('',#2128,#2142,#202,.F.);
#1677=EDGE_CURVE('',#2034,#2130,#203,.T.);
#1678=EDGE_CURVE('',#2035,#2134,#204,.T.);
#1679=EDGE_CURVE('',#2135,#2033,#205,.T.);
#1680=EDGE_CURVE('',#2137,#2036,#206,.T.);
#1681=EDGE_CURVE('',#2141,#2139,#207,.F.);
#1682=EDGE_CURVE('',#2065,#2141,#208,.T.);
#1683=EDGE_CURVE('',#2142,#2064,#209,.T.);
#1684=EDGE_CURVE('',#2128,#2063,#210,.F.);
#1685=EDGE_CURVE('',#2135,#2130,#211,.F.);
#1686=EDGE_CURVE('',#2137,#2134,#212,.F.);
#1687=EDGE_CURVE('',#2066,#2139,#213,.F.);
#1688=EDGE_CURVE('',#2129,#2062,#214,.T.);
#1689=EDGE_CURVE('',#2132,#2129,#215,.F.);
#1690=EDGE_CURVE('',#2138,#2133,#216,.F.);
#1691=EDGE_CURVE('',#2060,#2138,#217,.T.);
#1692=EDGE_CURVE('',#2132,#2061,#218,.F.);
#1693=EDGE_CURVE('',#2059,#2133,#219,.F.);
#1694=EDGE_CURVE('',#2031,#2115,#220,.T.);
#1695=EDGE_CURVE('',#2112,#2030,#221,.T.);
#1696=EDGE_CURVE('',#2119,#2115,#222,.F.);
#1697=EDGE_CURVE('',#2032,#2119,#223,.F.);
#1698=EDGE_CURVE('',#2124,#2029,#224,.F.);
#1699=EDGE_CURVE('',#2112,#2124,#225,.F.);
#1700=EDGE_CURVE('',#2116,#2114,#226,.F.);
#1701=EDGE_CURVE('',#2026,#2118,#227,.T.);
#1702=EDGE_CURVE('',#2027,#2122,#228,.T.);
#1703=EDGE_CURVE('',#2123,#2025,#229,.T.);
#1704=EDGE_CURVE('',#2125,#2028,#230,.T.);
#1705=EDGE_CURVE('',#2113,#2127,#231,.F.);
#1706=EDGE_CURVE('',#2051,#2113,#232,.T.);
#1707=EDGE_CURVE('',#2114,#2050,#233,.T.);
#1708=EDGE_CURVE('',#2116,#2049,#234,.F.);
#1709=EDGE_CURVE('',#2123,#2118,#235,.F.);
#1710=EDGE_CURVE('',#2125,#2122,#236,.F.);
#1711=EDGE_CURVE('',#2052,#2127,#237,.F.);
#1712=EDGE_CURVE('',#2117,#2048,#238,.T.);
#1713=EDGE_CURVE('',#2120,#2117,#239,.F.);
#1714=EDGE_CURVE('',#2126,#2121,#240,.F.);
#1715=EDGE_CURVE('',#2046,#2126,#241,.T.);
#1716=EDGE_CURVE('',#2120,#2047,#242,.F.);
#1717=EDGE_CURVE('',#2045,#2121,#243,.F.);
#1718=EDGE_CURVE('',#2079,#2144,#2405,.F.);
#1719=EDGE_CURVE('',#2144,#2080,#2406,.T.);
#1720=EDGE_CURVE('',#2002,#2145,#2407,.F.);
#1721=EDGE_CURVE('',#2145,#2003,#2408,.T.);
#1722=EDGE_CURVE('',#2013,#2146,#2409,.F.);
#1723=EDGE_CURVE('',#2146,#2014,#2410,.T.);
#1724=EDGE_CURVE('',#1994,#2147,#2411,.F.);
#1725=EDGE_CURVE('',#2147,#1995,#2412,.T.);
#1726=EDGE_CURVE('',#2095,#2147,#122,.T.);
#1727=EDGE_CURVE('',#2146,#2096,#123,.T.);
#1728=EDGE_CURVE('',#2105,#2055,#124,.F.);
#1729=EDGE_CURVE('',#2093,#2104,#125,.F.);
#1730=EDGE_CURVE('',#2145,#2044,#126,.F.);
#1731=EDGE_CURVE('',#2058,#2144,#127,.F.);
#1732=EDGE_CURVE('',#2008,#2147,#244,.T.);
#1733=EDGE_CURVE('',#2146,#2101,#245,.T.);
#1734=EDGE_CURVE('',#2105,#2102,#246,.T.);
#1735=EDGE_CURVE('',#2083,#2104,#247,.T.);
#1736=EDGE_CURVE('',#2145,#2024,#248,.T.);
#1737=EDGE_CURVE('',#2103,#2144,#249,.T.);
#1738=EDGE_CURVE('',#1990,#2148,#2413,.F.);
#1739=EDGE_CURVE('',#2148,#2149,#2414,.T.);
#1740=EDGE_CURVE('',#2149,#1991,#2415,.T.);
#1741=EDGE_CURVE('',#1988,#2150,#2416,.F.);
#1742=EDGE_CURVE('',#2150,#2151,#2417,.T.);
#1743=EDGE_CURVE('',#2151,#1989,#2418,.T.);
#1744=EDGE_CURVE('',#1986,#2152,#2419,.F.);
#1745=EDGE_CURVE('',#2152,#2153,#2420,.T.);
#1746=EDGE_CURVE('',#2153,#1987,#2421,.T.);
#1747=EDGE_CURVE('',#1992,#2154,#2422,.F.);
#1748=EDGE_CURVE('',#2154,#2155,#2423,.T.);
#1749=EDGE_CURVE('',#2155,#1993,#2424,.T.);
#1750=EDGE_CURVE('',#1975,#2156,#2425,.F.);
#1751=EDGE_CURVE('',#2157,#2156,#2426,.T.);
#1752=EDGE_CURVE('',#2157,#1974,#2427,.T.);
#1753=EDGE_CURVE('',#1980,#2158,#2428,.F.);
#1754=EDGE_CURVE('',#2159,#2158,#2429,.T.);
#1755=EDGE_CURVE('',#2159,#1981,#2430,.T.);
#1756=EDGE_CURVE('',#1978,#2160,#2431,.F.);
#1757=EDGE_CURVE('',#2161,#2160,#2432,.T.);
#1758=EDGE_CURVE('',#2161,#1979,#2433,.T.);
#1759=EDGE_CURVE('',#1976,#2162,#2434,.F.);
#1760=EDGE_CURVE('',#2163,#2162,#2435,.T.);
#1761=EDGE_CURVE('',#2163,#1977,#2436,.T.);
#1762=EDGE_CURVE('',#1967,#2164,#2437,.F.);
#1763=EDGE_CURVE('',#2165,#2164,#2438,.T.);
#1764=EDGE_CURVE('',#2165,#1966,#2439,.T.);
#1765=EDGE_CURVE('',#1972,#2166,#2440,.F.);
#1766=EDGE_CURVE('',#2167,#2166,#2441,.T.);
#1767=EDGE_CURVE('',#2167,#1973,#2442,.T.);
#1768=EDGE_CURVE('',#1970,#2168,#2443,.F.);
#1769=EDGE_CURVE('',#2169,#2168,#2444,.T.);
#1770=EDGE_CURVE('',#2169,#1971,#2445,.T.);
#1771=EDGE_CURVE('',#1968,#2170,#2446,.F.);
#1772=EDGE_CURVE('',#2171,#2170,#2447,.T.);
#1773=EDGE_CURVE('',#2171,#1969,#2448,.T.);
#1774=EDGE_CURVE('',#2148,#2151,#250,.T.);
#1775=EDGE_CURVE('',#2150,#2153,#251,.T.);
#1776=EDGE_CURVE('',#2154,#2149,#252,.T.);
#1777=EDGE_CURVE('',#2152,#2155,#253,.T.);
#1778=EDGE_CURVE('',#2170,#2165,#254,.T.);
#1779=EDGE_CURVE('',#2164,#2167,#255,.T.);
#1780=EDGE_CURVE('',#2168,#2171,#256,.T.);
#1781=EDGE_CURVE('',#2166,#2169,#257,.T.);
#1782=EDGE_CURVE('',#2160,#2163,#258,.T.);
#1783=EDGE_CURVE('',#2158,#2161,#259,.T.);
#1784=EDGE_CURVE('',#2156,#2159,#260,.T.);
#1785=EDGE_CURVE('',#2162,#2157,#261,.T.);
#1786=EDGE_CURVE('',#2172,#2172,#262,.F.);
#1787=EDGE_CURVE('',#2173,#2173,#263,.T.);
#1788=EDGE_CURVE('',#2174,#2175,#2449,.T.);
#1789=EDGE_CURVE('',#2174,#2176,#264,.T.);
#1790=EDGE_CURVE('',#2176,#2177,#2450,.T.);
#1791=EDGE_CURVE('',#2175,#2177,#265,.T.);
#1792=EDGE_CURVE('',#2178,#2179,#2451,.F.);
#1793=EDGE_CURVE('',#2179,#2180,#266,.T.);
#1794=EDGE_CURVE('',#2180,#2181,#2452,.T.);
#1795=EDGE_CURVE('',#2181,#2182,#267,.T.);
#1796=EDGE_CURVE('',#2182,#2183,#2453,.F.);
#1797=EDGE_CURVE('',#2183,#2184,#268,.T.);
#1798=EDGE_CURVE('',#2184,#2185,#2454,.T.);
#1799=EDGE_CURVE('',#2185,#2186,#269,.T.);
#1800=EDGE_CURVE('',#2186,#2187,#2455,.F.);
#1801=EDGE_CURVE('',#2187,#2188,#270,.F.);
#1802=EDGE_CURVE('',#2188,#2189,#2456,.T.);
#1803=EDGE_CURVE('',#2189,#2178,#271,.F.);
#1804=EDGE_CURVE('',#2190,#2191,#2457,.T.);
#1805=EDGE_CURVE('',#2190,#2174,#2458,.T.);
#1806=EDGE_CURVE('',#2191,#2175,#2459,.T.);
#1807=EDGE_CURVE('',#2192,#2193,#2460,.T.);
#1808=EDGE_CURVE('',#2192,#2190,#272,.T.);
#1809=EDGE_CURVE('',#2191,#2193,#273,.T.);
#1810=EDGE_CURVE('',#2194,#2195,#2461,.T.);
#1811=EDGE_CURVE('',#2194,#2192,#2462,.F.);
#1812=EDGE_CURVE('',#2193,#2195,#2463,.T.);
#1813=EDGE_CURVE('',#2196,#2197,#2464,.T.);
#1814=EDGE_CURVE('',#2196,#2194,#274,.T.);
#1815=EDGE_CURVE('',#2195,#2197,#275,.T.);
#1816=EDGE_CURVE('',#2176,#2196,#2465,.T.);
#1817=EDGE_CURVE('',#2177,#2197,#2466,.T.);
#1818=EDGE_CURVE('',#2198,#2199,#2467,.T.);
#1819=EDGE_CURVE('',#2198,#1962,#2468,.F.);
#1820=EDGE_CURVE('',#1963,#2199,#2469,.T.);
#1821=EDGE_CURVE('',#2200,#2201,#2470,.T.);
#1822=EDGE_CURVE('',#2200,#2198,#276,.F.);
#1823=EDGE_CURVE('',#2201,#2199,#277,.T.);
#1824=EDGE_CURVE('',#2202,#2203,#2471,.T.);
#1825=EDGE_CURVE('',#2202,#2200,#2472,.T.);
#1826=EDGE_CURVE('',#2203,#2201,#2473,.T.);
#1827=EDGE_CURVE('',#2204,#2205,#2474,.T.);
#1828=EDGE_CURVE('',#2204,#2202,#278,.F.);
#1829=EDGE_CURVE('',#2205,#2203,#279,.T.);
#1830=EDGE_CURVE('',#1964,#2204,#2475,.F.);
#1831=EDGE_CURVE('',#2205,#1965,#2476,.T.);
#1832=EDGE_CURVE('',#2206,#2207,#280,.F.);
#1833=EDGE_CURVE('',#2207,#2208,#65,.T.);
#1834=EDGE_CURVE('',#2208,#2209,#2477,.T.);
#1835=EDGE_CURVE('',#2209,#2210,#66,.T.);
#1836=EDGE_CURVE('',#2210,#2211,#281,.F.);
#1837=EDGE_CURVE('',#2211,#2212,#67,.T.);
#1838=EDGE_CURVE('',#2212,#2213,#2478,.T.);
#1839=EDGE_CURVE('',#2213,#2206,#68,.T.);
#1840=EDGE_CURVE('',#2189,#2194,#69,.F.);
#1841=EDGE_CURVE('',#2192,#2188,#70,.T.);
#1842=EDGE_CURVE('',#2190,#2187,#71,.T.);
#1843=EDGE_CURVE('',#2178,#2196,#72,.F.);
#1844=EDGE_CURVE('',#2200,#2182,#73,.T.);
#1845=EDGE_CURVE('',#2183,#2202,#74,.F.);
#1846=EDGE_CURVE('',#2184,#2204,#75,.F.);
#1847=EDGE_CURVE('',#2174,#2214,#76,.T.);
#1848=EDGE_CURVE('',#2214,#2186,#77,.T.);
#1849=EDGE_CURVE('',#2176,#2215,#78,.T.);
#1850=EDGE_CURVE('',#2215,#2214,#282,.T.);
#1851=EDGE_CURVE('',#2179,#2215,#79,.T.);
#1852=EDGE_CURVE('',#2198,#2181,#80,.T.);
#1853=EDGE_CURVE('',#2185,#2216,#81,.T.);
#1854=EDGE_CURVE('',#2216,#1964,#82,.F.);
#1855=EDGE_CURVE('',#2180,#2217,#83,.F.);
#1856=EDGE_CURVE('',#2217,#2216,#283,.F.);
#1857=EDGE_CURVE('',#1962,#2217,#84,.T.);
#1858=EDGE_CURVE('',#2210,#2218,#85,.T.);
#1859=EDGE_CURVE('',#2218,#2084,#86,.T.);
#1860=EDGE_CURVE('',#2087,#2219,#87,.T.);
#1861=EDGE_CURVE('',#2219,#2211,#88,.T.);
#1862=EDGE_CURVE('',#2208,#2220,#89,.T.);
#1863=EDGE_CURVE('',#2220,#1941,#128,.F.);
#1864=EDGE_CURVE('',#1940,#2221,#129,.F.);
#1865=EDGE_CURVE('',#2221,#2209,#90,.T.);
#1866=EDGE_CURVE('',#2212,#2222,#91,.T.);
#1867=EDGE_CURVE('',#2222,#1942,#130,.T.);
#1868=EDGE_CURVE('',#1945,#2223,#131,.T.);
#1869=EDGE_CURVE('',#2223,#2213,#92,.T.);
#1870=EDGE_CURVE('',#2091,#2224,#93,.T.);
#1871=EDGE_CURVE('',#2224,#2207,#94,.T.);
#1872=EDGE_CURVE('',#2206,#2225,#95,.T.);
#1873=EDGE_CURVE('',#2225,#2088,#96,.T.);
#1874=EDGE_CURVE('',#1939,#2090,#284,.F.);
#1875=EDGE_CURVE('',#2224,#2220,#97,.F.);
#1876=EDGE_CURVE('',#2218,#2221,#98,.F.);
#1877=EDGE_CURVE('',#2085,#1938,#285,.F.);
#1878=EDGE_CURVE('',#1943,#2086,#286,.F.);
#1879=EDGE_CURVE('',#2219,#2222,#99,.F.);
#1880=EDGE_CURVE('',#2225,#2223,#100,.F.);
#1881=EDGE_CURVE('',#2089,#1944,#287,.F.);
#1882=EDGE_CURVE('',#2226,#2227,#288,.F.);
#1883=EDGE_CURVE('',#2227,#2228,#2479,.F.);
#1884=EDGE_CURVE('',#2228,#2229,#289,.T.);
#1885=EDGE_CURVE('',#2229,#2226,#2480,.T.);
#1886=EDGE_CURVE('',#2230,#2231,#2481,.T.);
#1887=EDGE_CURVE('',#2231,#2232,#2482,.T.);
#1888=EDGE_CURVE('',#2232,#2233,#2483,.F.);
#1889=EDGE_CURVE('',#2233,#2230,#2484,.F.);
#1890=EDGE_CURVE('',#2234,#2235,#290,.T.);
#1891=EDGE_CURVE('',#2235,#2236,#2485,.T.);
#1892=EDGE_CURVE('',#2236,#2237,#291,.F.);
#1893=EDGE_CURVE('',#2237,#2234,#2486,.F.);
#1894=EDGE_CURVE('',#2238,#2239,#2487,.T.);
#1895=EDGE_CURVE('',#2239,#2240,#2488,.T.);
#1896=EDGE_CURVE('',#2240,#2241,#2489,.F.);
#1897=EDGE_CURVE('',#2241,#2238,#2490,.F.);
#1898=EDGE_CURVE('',#2242,#2243,#292,.T.);
#1899=EDGE_CURVE('',#2242,#2244,#293,.F.);
#1900=EDGE_CURVE('',#2245,#2244,#294,.T.);
#1901=EDGE_CURVE('',#2245,#2246,#2491,.F.);
#1902=EDGE_CURVE('',#2247,#2246,#295,.T.);
#1903=EDGE_CURVE('',#2247,#2248,#296,.F.);
#1904=EDGE_CURVE('',#2249,#2248,#297,.T.);
#1905=EDGE_CURVE('',#2249,#2243,#2492,.T.);
#1906=EDGE_CURVE('',#2250,#2251,#298,.F.);
#1907=EDGE_CURVE('',#2250,#2252,#2493,.T.);
#1908=EDGE_CURVE('',#2253,#2252,#299,.F.);
#1909=EDGE_CURVE('',#2253,#2254,#300,.T.);
#1910=EDGE_CURVE('',#2255,#2254,#301,.F.);
#1911=EDGE_CURVE('',#2255,#2256,#2494,.F.);
#1912=EDGE_CURVE('',#2257,#2256,#302,.F.);
#1913=EDGE_CURVE('',#2257,#2251,#303,.T.);
#1914=EDGE_CURVE('',#2251,#2236,#304,.T.);
#1915=EDGE_CURVE('',#2237,#2257,#305,.T.);
#1916=EDGE_CURVE('',#2233,#2236,#306,.F.);
#1917=EDGE_CURVE('',#2250,#2233,#307,.F.);
#1918=EDGE_CURVE('',#2238,#2256,#308,.F.);
#1919=EDGE_CURVE('',#2237,#2238,#309,.F.);
#1920=EDGE_CURVE('',#2230,#2235,#310,.F.);
#1921=EDGE_CURVE('',#2252,#2232,#311,.T.);
#1922=EDGE_CURVE('',#2254,#2226,#312,.T.);
#1923=EDGE_CURVE('',#2227,#2253,#313,.T.);
#1924=EDGE_CURVE('',#2239,#2255,#314,.T.);
#1925=EDGE_CURVE('',#2234,#2241,#315,.F.);
#1926=EDGE_CURVE('',#2248,#2234,#316,.T.);
#1927=EDGE_CURVE('',#2235,#2247,#317,.T.);
#1928=EDGE_CURVE('',#2230,#2246,#318,.F.);
#1929=EDGE_CURVE('',#2227,#2232,#319,.F.);
#1930=EDGE_CURVE('',#2239,#2226,#320,.F.);
#1931=EDGE_CURVE('',#2249,#2241,#321,.F.);
#1932=EDGE_CURVE('',#2231,#2245,#322,.T.);
#1933=EDGE_CURVE('',#2228,#2231,#323,.F.);
#1934=EDGE_CURVE('',#2240,#2229,#324,.F.);
#1935=EDGE_CURVE('',#2243,#2240,#325,.T.);
#1936=EDGE_CURVE('',#2228,#2244,#326,.F.);
#1937=EDGE_CURVE('',#2242,#2229,#327,.F.);
#1938=VERTEX_POINT('',#5006);
#1939=VERTEX_POINT('',#5007);
#1940=VERTEX_POINT('',#5009);
#1941=VERTEX_POINT('',#5011);
#1942=VERTEX_POINT('',#5015);
#1943=VERTEX_POINT('',#5016);
#1944=VERTEX_POINT('',#5018);
#1945=VERTEX_POINT('',#5020);
#1946=VERTEX_POINT('',#5024);
#1947=VERTEX_POINT('',#5025);
#1948=VERTEX_POINT('',#5027);
#1949=VERTEX_POINT('',#5029);
#1950=VERTEX_POINT('',#5033);
#1951=VERTEX_POINT('',#5034);
#1952=VERTEX_POINT('',#5036);
#1953=VERTEX_POINT('',#5038);
#1954=VERTEX_POINT('',#5042);
#1955=VERTEX_POINT('',#5043);
#1956=VERTEX_POINT('',#5048);
#1957=VERTEX_POINT('',#5050);
#1958=VERTEX_POINT('',#5054);
#1959=VERTEX_POINT('',#5055);
#1960=VERTEX_POINT('',#5060);
#1961=VERTEX_POINT('',#5062);
#1962=VERTEX_POINT('',#5066);
#1963=VERTEX_POINT('',#5067);
#1964=VERTEX_POINT('',#5069);
#1965=VERTEX_POINT('',#5071);
#1966=VERTEX_POINT('',#5075);
#1967=VERTEX_POINT('',#5076);
#1968=VERTEX_POINT('',#5078);
#1969=VERTEX_POINT('',#5080);
#1970=VERTEX_POINT('',#5082);
#1971=VERTEX_POINT('',#5084);
#1972=VERTEX_POINT('',#5086);
#1973=VERTEX_POINT('',#5088);
#1974=VERTEX_POINT('',#5091);
#1975=VERTEX_POINT('',#5092);
#1976=VERTEX_POINT('',#5094);
#1977=VERTEX_POINT('',#5096);
#1978=VERTEX_POINT('',#5098);
#1979=VERTEX_POINT('',#5100);
#1980=VERTEX_POINT('',#5102);
#1981=VERTEX_POINT('',#5104);
#1982=VERTEX_POINT('',#5107);
#1983=VERTEX_POINT('',#5108);
#1984=VERTEX_POINT('',#5110);
#1985=VERTEX_POINT('',#5112);
#1986=VERTEX_POINT('',#5115);
#1987=VERTEX_POINT('',#5116);
#1988=VERTEX_POINT('',#5118);
#1989=VERTEX_POINT('',#5120);
#1990=VERTEX_POINT('',#5122);
#1991=VERTEX_POINT('',#5124);
#1992=VERTEX_POINT('',#5126);
#1993=VERTEX_POINT('',#5128);
#1994=VERTEX_POINT('',#5132);
#1995=VERTEX_POINT('',#5133);
#1996=VERTEX_POINT('',#5135);
#1997=VERTEX_POINT('',#5137);
#1998=VERTEX_POINT('',#5139);
#1999=VERTEX_POINT('',#5141);
#2000=VERTEX_POINT('',#5143);
#2001=VERTEX_POINT('',#5145);
#2002=VERTEX_POINT('',#5147);
#2003=VERTEX_POINT('',#5149);
#2004=VERTEX_POINT('',#5151);
#2005=VERTEX_POINT('',#5153);
#2006=VERTEX_POINT('',#5155);
#2007=VERTEX_POINT('',#5157);
#2008=VERTEX_POINT('',#5161);
#2009=VERTEX_POINT('',#5163);
#2010=VERTEX_POINT('',#5165);
#2011=VERTEX_POINT('',#5169);
#2012=VERTEX_POINT('',#5170);
#2013=VERTEX_POINT('',#5172);
#2014=VERTEX_POINT('',#5174);
#2015=VERTEX_POINT('',#5176);
#2016=VERTEX_POINT('',#5178);
#2017=VERTEX_POINT('',#5180);
#2018=VERTEX_POINT('',#5182);
#2019=VERTEX_POINT('',#5184);
#2020=VERTEX_POINT('',#5186);
#2021=VERTEX_POINT('',#5188);
#2022=VERTEX_POINT('',#5192);
#2023=VERTEX_POINT('',#5194);
#2024=VERTEX_POINT('',#5196);
#2025=VERTEX_POINT('',#5200);
#2026=VERTEX_POINT('',#5201);
#2027=VERTEX_POINT('',#5203);
#2028=VERTEX_POINT('',#5205);
#2029=VERTEX_POINT('',#5207);
#2030=VERTEX_POINT('',#5209);
#2031=VERTEX_POINT('',#5211);
#2032=VERTEX_POINT('',#5213);
#2033=VERTEX_POINT('',#5218);
#2034=VERTEX_POINT('',#5219);
#2035=VERTEX_POINT('',#5221);
#2036=VERTEX_POINT('',#5223);
#2037=VERTEX_POINT('',#5225);
#2038=VERTEX_POINT('',#5227);
#2039=VERTEX_POINT('',#5229);
#2040=VERTEX_POINT('',#5231);
#2041=VERTEX_POINT('',#5235);
#2042=VERTEX_POINT('',#5238);
#2043=VERTEX_POINT('',#5240);
#2044=VERTEX_POINT('',#5243);
#2045=VERTEX_POINT('',#5249);
#2046=VERTEX_POINT('',#5250);
#2047=VERTEX_POINT('',#5252);
#2048=VERTEX_POINT('',#5254);
#2049=VERTEX_POINT('',#5256);
#2050=VERTEX_POINT('',#5258);
#2051=VERTEX_POINT('',#5260);
#2052=VERTEX_POINT('',#5262);
#2053=VERTEX_POINT('',#5265);
#2054=VERTEX_POINT('',#5266);
#2055=VERTEX_POINT('',#5268);
#2056=VERTEX_POINT('',#5273);
#2057=VERTEX_POINT('',#5275);
#2058=VERTEX_POINT('',#5280);
#2059=VERTEX_POINT('',#5283);
#2060=VERTEX_POINT('',#5284);
#2061=VERTEX_POINT('',#5286);
#2062=VERTEX_POINT('',#5288);
#2063=VERTEX_POINT('',#5290);
#2064=VERTEX_POINT('',#5292);
#2065=VERTEX_POINT('',#5294);
#2066=VERTEX_POINT('',#5296);
#2067=VERTEX_POINT('',#5300);
#2068=VERTEX_POINT('',#5302);
#2069=VERTEX_POINT('',#5304);
#2070=VERTEX_POINT('',#5306);
#2071=VERTEX_POINT('',#5308);
#2072=VERTEX_POINT('',#5312);
#2073=VERTEX_POINT('',#5314);
#2074=VERTEX_POINT('',#5316);
#2075=VERTEX_POINT('',#5319);
#2076=VERTEX_POINT('',#5320);
#2077=VERTEX_POINT('',#5322);
#2078=VERTEX_POINT('',#5324);
#2079=VERTEX_POINT('',#5327);
#2080=VERTEX_POINT('',#5329);
#2081=VERTEX_POINT('',#5333);
#2082=VERTEX_POINT('',#5334);
#2083=VERTEX_POINT('',#5337);
#2084=VERTEX_POINT('',#5343);
#2085=VERTEX_POINT('',#5344);
#2086=VERTEX_POINT('',#5346);
#2087=VERTEX_POINT('',#5348);
#2088=VERTEX_POINT('',#5352);
#2089=VERTEX_POINT('',#5353);
#2090=VERTEX_POINT('',#5355);
#2091=VERTEX_POINT('',#5357);
#2092=VERTEX_POINT('',#5361);
#2093=VERTEX_POINT('',#5367);
#2094=VERTEX_POINT('',#5372);
#2095=VERTEX_POINT('',#5378);
#2096=VERTEX_POINT('',#5382);
#2097=VERTEX_POINT('',#5387);
#2098=VERTEX_POINT('',#5389);
#2099=VERTEX_POINT('',#5394);
#2100=VERTEX_POINT('',#5396);
#2101=VERTEX_POINT('',#5400);
#2102=VERTEX_POINT('',#5405);
#2103=VERTEX_POINT('',#5408);
#2104=VERTEX_POINT('',#5415);
#2105=VERTEX_POINT('',#5419);
#2106=VERTEX_POINT('',#5423);
#2107=VERTEX_POINT('',#5427);
#2108=VERTEX_POINT('',#5431);
#2109=VERTEX_POINT('',#5435);
#2110=VERTEX_POINT('',#5439);
#2111=VERTEX_POINT('',#5443);
#2112=VERTEX_POINT('',#5447);
#2113=VERTEX_POINT('',#5448);
#2114=VERTEX_POINT('',#5450);
#2115=VERTEX_POINT('',#5452);
#2116=VERTEX_POINT('',#5456);
#2117=VERTEX_POINT('',#5457);
#2118=VERTEX_POINT('',#5459);
#2119=VERTEX_POINT('',#5461);
#2120=VERTEX_POINT('',#5465);
#2121=VERTEX_POINT('',#5466);
#2122=VERTEX_POINT('',#5468);
#2123=VERTEX_POINT('',#5470);
#2124=VERTEX_POINT('',#5474);
#2125=VERTEX_POINT('',#5475);
#2126=VERTEX_POINT('',#5477);
#2127=VERTEX_POINT('',#5479);
#2128=VERTEX_POINT('',#5483);
#2129=VERTEX_POINT('',#5484);
#2130=VERTEX_POINT('',#5486);
#2131=VERTEX_POINT('',#5488);
#2132=VERTEX_POINT('',#5492);
#2133=VERTEX_POINT('',#5493);
#2134=VERTEX_POINT('',#5495);
#2135=VERTEX_POINT('',#5497);
#2136=VERTEX_POINT('',#5501);
#2137=VERTEX_POINT('',#5502);
#2138=VERTEX_POINT('',#5504);
#2139=VERTEX_POINT('',#5506);
#2140=VERTEX_POINT('',#5510);
#2141=VERTEX_POINT('',#5511);
#2142=VERTEX_POINT('',#5513);
#2143=VERTEX_POINT('',#5515);
#2144=VERTEX_POINT('',#5607);
#2145=VERTEX_POINT('',#5611);
#2146=VERTEX_POINT('',#5615);
#2147=VERTEX_POINT('',#5619);
#2148=VERTEX_POINT('',#5740);
#2149=VERTEX_POINT('',#5742);
#2150=VERTEX_POINT('',#5746);
#2151=VERTEX_POINT('',#5748);
#2152=VERTEX_POINT('',#5752);
#2153=VERTEX_POINT('',#5754);
#2154=VERTEX_POINT('',#5758);
#2155=VERTEX_POINT('',#5760);
#2156=VERTEX_POINT('',#5764);
#2157=VERTEX_POINT('',#5766);
#2158=VERTEX_POINT('',#5770);
#2159=VERTEX_POINT('',#5772);
#2160=VERTEX_POINT('',#5776);
#2161=VERTEX_POINT('',#5778);
#2162=VERTEX_POINT('',#5782);
#2163=VERTEX_POINT('',#5784);
#2164=VERTEX_POINT('',#5788);
#2165=VERTEX_POINT('',#5790);
#2166=VERTEX_POINT('',#5794);
#2167=VERTEX_POINT('',#5796);
#2168=VERTEX_POINT('',#5800);
#2169=VERTEX_POINT('',#5802);
#2170=VERTEX_POINT('',#5806);
#2171=VERTEX_POINT('',#5808);
#2172=VERTEX_POINT('',#5836);
#2173=VERTEX_POINT('',#5838);
#2174=VERTEX_POINT('',#5841);
#2175=VERTEX_POINT('',#5842);
#2176=VERTEX_POINT('',#5844);
#2177=VERTEX_POINT('',#5846);
#2178=VERTEX_POINT('',#5850);
#2179=VERTEX_POINT('',#5851);
#2180=VERTEX_POINT('',#5853);
#2181=VERTEX_POINT('',#5855);
#2182=VERTEX_POINT('',#5857);
#2183=VERTEX_POINT('',#5859);
#2184=VERTEX_POINT('',#5861);
#2185=VERTEX_POINT('',#5863);
#2186=VERTEX_POINT('',#5865);
#2187=VERTEX_POINT('',#5867);
#2188=VERTEX_POINT('',#5869);
#2189=VERTEX_POINT('',#5871);
#2190=VERTEX_POINT('',#5875);
#2191=VERTEX_POINT('',#5876);
#2192=VERTEX_POINT('',#5881);
#2193=VERTEX_POINT('',#5882);
#2194=VERTEX_POINT('',#5887);
#2195=VERTEX_POINT('',#5888);
#2196=VERTEX_POINT('',#5893);
#2197=VERTEX_POINT('',#5894);
#2198=VERTEX_POINT('',#5902);
#2199=VERTEX_POINT('',#5903);
#2200=VERTEX_POINT('',#5908);
#2201=VERTEX_POINT('',#5909);
#2202=VERTEX_POINT('',#5914);
#2203=VERTEX_POINT('',#5915);
#2204=VERTEX_POINT('',#5920);
#2205=VERTEX_POINT('',#5921);
#2206=VERTEX_POINT('',#5930);
#2207=VERTEX_POINT('',#5931);
#2208=VERTEX_POINT('',#5937);
#2209=VERTEX_POINT('',#5939);
#2210=VERTEX_POINT('',#5945);
#2211=VERTEX_POINT('',#5947);
#2212=VERTEX_POINT('',#5953);
#2213=VERTEX_POINT('',#5955);
#2214=VERTEX_POINT('',#6007);
#2215=VERTEX_POINT('',#6017);
#2216=VERTEX_POINT('',#6035);
#2217=VERTEX_POINT('',#6045);
#2218=VERTEX_POINT('',#6058);
#2219=VERTEX_POINT('',#6067);
#2220=VERTEX_POINT('',#6077);
#2221=VERTEX_POINT('',#6080);
#2222=VERTEX_POINT('',#6090);
#2223=VERTEX_POINT('',#6093);
#2224=VERTEX_POINT('',#6103);
#2225=VERTEX_POINT('',#6112);
#2226=VERTEX_POINT('',#6191);
#2227=VERTEX_POINT('',#6192);
#2228=VERTEX_POINT('',#6194);
#2229=VERTEX_POINT('',#6196);
#2230=VERTEX_POINT('',#6200);
#2231=VERTEX_POINT('',#6201);
#2232=VERTEX_POINT('',#6203);
#2233=VERTEX_POINT('',#6205);
#2234=VERTEX_POINT('',#6209);
#2235=VERTEX_POINT('',#6210);
#2236=VERTEX_POINT('',#6212);
#2237=VERTEX_POINT('',#6214);
#2238=VERTEX_POINT('',#6218);
#2239=VERTEX_POINT('',#6219);
#2240=VERTEX_POINT('',#6221);
#2241=VERTEX_POINT('',#6223);
#2242=VERTEX_POINT('',#6227);
#2243=VERTEX_POINT('',#6228);
#2244=VERTEX_POINT('',#6230);
#2245=VERTEX_POINT('',#6232);
#2246=VERTEX_POINT('',#6234);
#2247=VERTEX_POINT('',#6236);
#2248=VERTEX_POINT('',#6238);
#2249=VERTEX_POINT('',#6240);
#2250=VERTEX_POINT('',#6244);
#2251=VERTEX_POINT('',#6245);
#2252=VERTEX_POINT('',#6247);
#2253=VERTEX_POINT('',#6249);
#2254=VERTEX_POINT('',#6251);
#2255=VERTEX_POINT('',#6253);
#2256=VERTEX_POINT('',#6255);
#2257=VERTEX_POINT('',#6257);
#2258=LINE('',#5005,#2495);
#2259=LINE('',#5008,#2496);
#2260=LINE('',#5010,#2497);
#2261=LINE('',#5012,#2498);
#2262=LINE('',#5014,#2499);
#2263=LINE('',#5017,#2500);
#2264=LINE('',#5019,#2501);
#2265=LINE('',#5021,#2502);
#2266=LINE('',#5026,#2503);
#2267=LINE('',#5030,#2504);
#2268=LINE('',#5035,#2505);
#2269=LINE('',#5039,#2506);
#2270=LINE('',#5041,#2507);
#2271=LINE('',#5049,#2508);
#2272=LINE('',#5053,#2509);
#2273=LINE('',#5061,#2510);
#2274=LINE('',#5065,#2511);
#2275=LINE('',#5070,#2512);
#2276=LINE('',#5074,#2513);
#2277=LINE('',#5079,#2514);
#2278=LINE('',#5083,#2515);
#2279=LINE('',#5087,#2516);
#2280=LINE('',#5090,#2517);
#2281=LINE('',#5095,#2518);
#2282=LINE('',#5099,#2519);
#2283=LINE('',#5103,#2520);
#2284=LINE('',#5106,#2521);
#2285=LINE('',#5109,#2522);
#2286=LINE('',#5111,#2523);
#2287=LINE('',#5113,#2524);
#2288=LINE('',#5114,#2525);
#2289=LINE('',#5119,#2526);
#2290=LINE('',#5123,#2527);
#2291=LINE('',#5127,#2528);
#2292=LINE('',#5131,#2529);
#2293=LINE('',#5136,#2530);
#2294=LINE('',#5140,#2531);
#2295=LINE('',#5144,#2532);
#2296=LINE('',#5148,#2533);
#2297=LINE('',#5152,#2534);
#2298=LINE('',#5154,#2535);
#2299=LINE('',#5156,#2536);
#2300=LINE('',#5160,#2537);
#2301=LINE('',#5164,#2538);
#2302=LINE('',#5166,#2539);
#2303=LINE('',#5168,#2540);
#2304=LINE('',#5173,#2541);
#2305=LINE('',#5177,#2542);
#2306=LINE('',#5179,#2543);
#2307=LINE('',#5183,#2544);
#2308=LINE('',#5187,#2545);
#2309=LINE('',#5191,#2546);
#2310=LINE('',#5193,#2547);
#2311=LINE('',#5197,#2548);
#2312=LINE('',#5202,#2549);
#2313=LINE('',#5206,#2550);
#2314=LINE('',#5210,#2551);
#2315=LINE('',#5214,#2552);
#2316=LINE('',#5215,#2553);
#2317=LINE('',#5216,#2554);
#2318=LINE('',#5220,#2555);
#2319=LINE('',#5224,#2556);
#2320=LINE('',#5228,#2557);
#2321=LINE('',#5232,#2558);
#2322=LINE('',#5236,#2559);
#2323=LINE('',#5237,#2560);
#2324=LINE('',#5239,#2561);
#2325=LINE('',#5241,#2562);
#2326=LINE('',#5242,#2563);
#2327=LINE('',#5251,#2564);
#2328=LINE('',#5255,#2565);
#2329=LINE('',#5259,#2566);
#2330=LINE('',#5263,#2567);
#2331=LINE('',#5264,#2568);
#2332=LINE('',#5267,#2569);
#2333=LINE('',#5274,#2570);
#2334=LINE('',#5281,#2571);
#2335=LINE('',#5285,#2572);
#2336=LINE('',#5289,#2573);
#2337=LINE('',#5293,#2574);
#2338=LINE('',#5297,#2575);
#2339=LINE('',#5305,#2576);
#2340=LINE('',#5307,#2577);
#2341=LINE('',#5309,#2578);
#2342=LINE('',#5310,#2579);
#2343=LINE('',#5318,#2580);
#2344=LINE('',#5323,#2581);
#2345=LINE('',#5328,#2582);
#2346=LINE('',#5332,#2583);
#2347=LINE('',#5335,#2584);
#2348=LINE('',#5336,#2585);
#2349=LINE('',#5340,#2586);
#2350=LINE('',#5342,#2587);
#2351=LINE('',#5347,#2588);
#2352=LINE('',#5351,#2589);
#2353=LINE('',#5356,#2590);
#2354=LINE('',#5360,#2591);
#2355=LINE('',#5368,#2592);
#2356=LINE('',#5369,#2593);
#2357=LINE('',#5371,#2594);
#2358=LINE('',#5379,#2595);
#2359=LINE('',#5380,#2596);
#2360=LINE('',#5381,#2597);
#2361=LINE('',#5388,#2598);
#2362=LINE('',#5395,#2599);
#2363=LINE('',#5401,#2600);
#2364=LINE('',#5402,#2601);
#2365=LINE('',#5406,#2602);
#2366=LINE('',#5407,#2603);
#2367=LINE('',#5411,#2604);
#2368=LINE('',#5412,#2605);
#2369=LINE('',#5414,#2606);
#2370=LINE('',#5416,#2607);
#2371=LINE('',#5418,#2608);
#2372=LINE('',#5420,#2609);
#2373=LINE('',#5446,#2610);
#2374=LINE('',#5449,#2611);
#2375=LINE('',#5451,#2612);
#2376=LINE('',#5453,#2613);
#2377=LINE('',#5455,#2614);
#2378=LINE('',#5458,#2615);
#2379=LINE('',#5460,#2616);
#2380=LINE('',#5462,#2617);
#2381=LINE('',#5464,#2618);
#2382=LINE('',#5467,#2619);
#2383=LINE('',#5469,#2620);
#2384=LINE('',#5471,#2621);
#2385=LINE('',#5473,#2622);
#2386=LINE('',#5476,#2623);
#2387=LINE('',#5478,#2624);
#2388=LINE('',#5480,#2625);
#2389=LINE('',#5482,#2626);
#2390=LINE('',#5485,#2627);
#2391=LINE('',#5487,#2628);
#2392=LINE('',#5489,#2629);
#2393=LINE('',#5491,#2630);
#2394=LINE('',#5494,#2631);
#2395=LINE('',#5496,#2632);
#2396=LINE('',#5498,#2633);
#2397=LINE('',#5500,#2634);
#2398=LINE('',#5503,#2635);
#2399=LINE('',#5505,#2636);
#2400=LINE('',#5507,#2637);
#2401=LINE('',#5509,#2638);
#2402=LINE('',#5512,#2639);
#2403=LINE('',#5514,#2640);
#2404=LINE('',#5516,#2641);
#2405=LINE('',#5606,#2642);
#2406=LINE('',#5608,#2643);
#2407=LINE('',#5610,#2644);
#2408=LINE('',#5612,#2645);
#2409=LINE('',#5614,#2646);
#2410=LINE('',#5616,#2647);
#2411=LINE('',#5618,#2648);
#2412=LINE('',#5620,#2649);
#2413=LINE('',#5739,#2650);
#2414=LINE('',#5741,#2651);
#2415=LINE('',#5743,#2652);
#2416=LINE('',#5745,#2653);
#2417=LINE('',#5747,#2654);
#2418=LINE('',#5749,#2655);
#2419=LINE('',#5751,#2656);
#2420=LINE('',#5753,#2657);
#2421=LINE('',#5755,#2658);
#2422=LINE('',#5757,#2659);
#2423=LINE('',#5759,#2660);
#2424=LINE('',#5761,#2661);
#2425=LINE('',#5763,#2662);
#2426=LINE('',#5765,#2663);
#2427=LINE('',#5767,#2664);
#2428=LINE('',#5769,#2665);
#2429=LINE('',#5771,#2666);
#2430=LINE('',#5773,#2667);
#2431=LINE('',#5775,#2668);
#2432=LINE('',#5777,#2669);
#2433=LINE('',#5779,#2670);
#2434=LINE('',#5781,#2671);
#2435=LINE('',#5783,#2672);
#2436=LINE('',#5785,#2673);
#2437=LINE('',#5787,#2674);
#2438=LINE('',#5789,#2675);
#2439=LINE('',#5791,#2676);
#2440=LINE('',#5793,#2677);
#2441=LINE('',#5795,#2678);
#2442=LINE('',#5797,#2679);
#2443=LINE('',#5799,#2680);
#2444=LINE('',#5801,#2681);
#2445=LINE('',#5803,#2682);
#2446=LINE('',#5805,#2683);
#2447=LINE('',#5807,#2684);
#2448=LINE('',#5809,#2685);
#2449=LINE('',#5840,#2686);
#2450=LINE('',#5845,#2687);
#2451=LINE('',#5849,#2688);
#2452=LINE('',#5854,#2689);
#2453=LINE('',#5858,#2690);
#2454=LINE('',#5862,#2691);
#2455=LINE('',#5866,#2692);
#2456=LINE('',#5870,#2693);
#2457=LINE('',#5874,#2694);
#2458=LINE('',#5877,#2695);
#2459=LINE('',#5878,#2696);
#2460=LINE('',#5880,#2697);
#2461=LINE('',#5886,#2698);
#2462=LINE('',#5889,#2699);
#2463=LINE('',#5890,#2700);
#2464=LINE('',#5892,#2701);
#2465=LINE('',#5898,#2702);
#2466=LINE('',#5899,#2703);
#2467=LINE('',#5901,#2704);
#2468=LINE('',#5904,#2705);
#2469=LINE('',#5905,#2706);
#2470=LINE('',#5907,#2707);
#2471=LINE('',#5913,#2708);
#2472=LINE('',#5916,#2709);
#2473=LINE('',#5917,#2710);
#2474=LINE('',#5919,#2711);
#2475=LINE('',#5925,#2712);
#2476=LINE('',#5926,#2713);
#2477=LINE('',#5938,#2714);
#2478=LINE('',#5954,#2715);
#2479=LINE('',#6193,#2716);
#2480=LINE('',#6197,#2717);
#2481=LINE('',#6199,#2718);
#2482=LINE('',#6202,#2719);
#2483=LINE('',#6204,#2720);
#2484=LINE('',#6206,#2721);
#2485=LINE('',#6211,#2722);
#2486=LINE('',#6215,#2723);
#2487=LINE('',#6217,#2724);
#2488=LINE('',#6220,#2725);
#2489=LINE('',#6222,#2726);
#2490=LINE('',#6224,#2727);
#2491=LINE('',#6233,#2728);
#2492=LINE('',#6241,#2729);
#2493=LINE('',#6246,#2730);
#2494=LINE('',#6254,#2731);
#2495=VECTOR('',#3920,1.);
#2496=VECTOR('',#3921,1.);
#2497=VECTOR('',#3922,1.);
#2498=VECTOR('',#3923,1.);
#2499=VECTOR('',#3926,1.);
#2500=VECTOR('',#3927,1.);
#2501=VECTOR('',#3928,1.);
#2502=VECTOR('',#3929,1.);
#2503=VECTOR('',#3934,1.);
#2504=VECTOR('',#3937,1.);
#2505=VECTOR('',#3942,1.);
#2506=VECTOR('',#3945,1.);
#2507=VECTOR('',#3948,1.);
#2508=VECTOR('',#3957,1.);
#2509=VECTOR('',#3962,1.);
#2510=VECTOR('',#3971,1.);
#2511=VECTOR('',#3976,1.);
#2512=VECTOR('',#3979,1.);
#2513=VECTOR('',#3984,1.);
#2514=VECTOR('',#3987,1.);
#2515=VECTOR('',#3990,1.);
#2516=VECTOR('',#3993,1.);
#2517=VECTOR('',#3996,1.);
#2518=VECTOR('',#3999,1.);
#2519=VECTOR('',#4002,1.);
#2520=VECTOR('',#4005,1.);
#2521=VECTOR('',#4008,1.);
#2522=VECTOR('',#4009,1.);
#2523=VECTOR('',#4010,1.);
#2524=VECTOR('',#4011,1.);
#2525=VECTOR('',#4012,1.);
#2526=VECTOR('',#4015,1.);
#2527=VECTOR('',#4018,1.);
#2528=VECTOR('',#4021,1.);
#2529=VECTOR('',#4026,1.);
#2530=VECTOR('',#4029,1.);
#2531=VECTOR('',#4032,1.);
#2532=VECTOR('',#4035,1.);
#2533=VECTOR('',#4038,1.);
#2534=VECTOR('',#4041,1.);
#2535=VECTOR('',#4042,1.);
#2536=VECTOR('',#4043,1.);
#2537=VECTOR('',#4048,1.);
#2538=VECTOR('',#4051,1.);
#2539=VECTOR('',#4052,1.);
#2540=VECTOR('',#4055,1.);
#2541=VECTOR('',#4058,1.);
#2542=VECTOR('',#4061,1.);
#2543=VECTOR('',#4062,1.);
#2544=VECTOR('',#4065,1.);
#2545=VECTOR('',#4068,1.);
#2546=VECTOR('',#4073,1.);
#2547=VECTOR('',#4074,1.);
#2548=VECTOR('',#4077,1.);
#2549=VECTOR('',#4082,1.);
#2550=VECTOR('',#4085,1.);
#2551=VECTOR('',#4088,1.);
#2552=VECTOR('',#4091,1.);
#2553=VECTOR('',#4092,1.);
#2554=VECTOR('',#4093,1.);
#2555=VECTOR('',#4096,1.);
#2556=VECTOR('',#4099,1.);
#2557=VECTOR('',#4102,1.);
#2558=VECTOR('',#4105,1.);
#2559=VECTOR('',#4110,1.);
#2560=VECTOR('',#4111,1.);
#2561=VECTOR('',#4112,1.);
#2562=VECTOR('',#4113,1.);
#2563=VECTOR('',#4114,1.);
#2564=VECTOR('',#4117,1.);
#2565=VECTOR('',#4120,1.);
#2566=VECTOR('',#4123,1.);
#2567=VECTOR('',#4126,1.);
#2568=VECTOR('',#4127,1.);
#2569=VECTOR('',#4128,1.);
#2570=VECTOR('',#4129,1.);
#2571=VECTOR('',#4130,1.);
#2572=VECTOR('',#4133,1.);
#2573=VECTOR('',#4136,1.);
#2574=VECTOR('',#4139,1.);
#2575=VECTOR('',#4142,1.);
#2576=VECTOR('',#4151,1.);
#2577=VECTOR('',#4152,1.);
#2578=VECTOR('',#4153,1.);
#2579=VECTOR('',#4154,1.);
#2580=VECTOR('',#4163,1.);
#2581=VECTOR('',#4166,1.);
#2582=VECTOR('',#4171,1.);
#2583=VECTOR('',#4176,1.);
#2584=VECTOR('',#4177,1.);
#2585=VECTOR('',#4178,1.);
#2586=VECTOR('',#4183,1.);
#2587=VECTOR('',#4186,1.);
#2588=VECTOR('',#4189,1.);
#2589=VECTOR('',#4194,1.);
#2590=VECTOR('',#4197,1.);
#2591=VECTOR('',#4202,1.);
#2592=VECTOR('',#4205,1.);
#2593=VECTOR('',#4206,1.);
#2594=VECTOR('',#4209,1.);
#2595=VECTOR('',#4212,1.);
#2596=VECTOR('',#4213,1.);
#2597=VECTOR('',#4214,1.);
#2598=VECTOR('',#4215,1.);
#2599=VECTOR('',#4224,1.);
#2600=VECTOR('',#4231,1.);
#2601=VECTOR('',#4232,1.);
#2602=VECTOR('',#4237,1.);
#2603=VECTOR('',#4238,1.);
#2604=VECTOR('',#4243,1.);
#2605=VECTOR('',#4244,1.);
#2606=VECTOR('',#4247,1.);
#2607=VECTOR('',#4248,1.);
#2608=VECTOR('',#4251,1.);
#2609=VECTOR('',#4252,1.);
#2610=VECTOR('',#4291,1.);
#2611=VECTOR('',#4292,1.);
#2612=VECTOR('',#4293,1.);
#2613=VECTOR('',#4294,1.);
#2614=VECTOR('',#4297,1.);
#2615=VECTOR('',#4298,1.);
#2616=VECTOR('',#4299,1.);
#2617=VECTOR('',#4300,1.);
#2618=VECTOR('',#4303,1.);
#2619=VECTOR('',#4304,1.);
#2620=VECTOR('',#4305,1.);
#2621=VECTOR('',#4306,1.);
#2622=VECTOR('',#4309,1.);
#2623=VECTOR('',#4310,1.);
#2624=VECTOR('',#4311,1.);
#2625=VECTOR('',#4312,1.);
#2626=VECTOR('',#4315,1.);
#2627=VECTOR('',#4316,1.);
#2628=VECTOR('',#4317,1.);
#2629=VECTOR('',#4318,1.);
#2630=VECTOR('',#4321,1.);
#2631=VECTOR('',#4322,1.);
#2632=VECTOR('',#4323,1.);
#2633=VECTOR('',#4324,1.);
#2634=VECTOR('',#4327,1.);
#2635=VECTOR('',#4328,1.);
#2636=VECTOR('',#4329,1.);
#2637=VECTOR('',#4330,1.);
#2638=VECTOR('',#4333,1.);
#2639=VECTOR('',#4334,1.);
#2640=VECTOR('',#4335,1.);
#2641=VECTOR('',#4336,1.);
#2642=VECTOR('',#4515,1.);
#2643=VECTOR('',#4516,1.);
#2644=VECTOR('',#4519,1.);
#2645=VECTOR('',#4520,1.);
#2646=VECTOR('',#4523,1.);
#2647=VECTOR('',#4524,1.);
#2648=VECTOR('',#4527,1.);
#2649=VECTOR('',#4528,1.);
#2650=VECTOR('',#4585,1.);
#2651=VECTOR('',#4586,1.);
#2652=VECTOR('',#4587,1.);
#2653=VECTOR('',#4590,1.);
#2654=VECTOR('',#4591,1.);
#2655=VECTOR('',#4592,1.);
#2656=VECTOR('',#4595,1.);
#2657=VECTOR('',#4596,1.);
#2658=VECTOR('',#4597,1.);
#2659=VECTOR('',#4600,1.);
#2660=VECTOR('',#4601,1.);
#2661=VECTOR('',#4602,1.);
#2662=VECTOR('',#4605,1.);
#2663=VECTOR('',#4606,1.);
#2664=VECTOR('',#4607,1.);
#2665=VECTOR('',#4610,1.);
#2666=VECTOR('',#4611,1.);
#2667=VECTOR('',#4612,1.);
#2668=VECTOR('',#4615,1.);
#2669=VECTOR('',#4616,1.);
#2670=VECTOR('',#4617,1.);
#2671=VECTOR('',#4620,1.);
#2672=VECTOR('',#4621,1.);
#2673=VECTOR('',#4622,1.);
#2674=VECTOR('',#4625,1.);
#2675=VECTOR('',#4626,1.);
#2676=VECTOR('',#4627,1.);
#2677=VECTOR('',#4630,1.);
#2678=VECTOR('',#4631,1.);
#2679=VECTOR('',#4632,1.);
#2680=VECTOR('',#4635,1.);
#2681=VECTOR('',#4636,1.);
#2682=VECTOR('',#4637,1.);
#2683=VECTOR('',#4640,1.);
#2684=VECTOR('',#4641,1.);
#2685=VECTOR('',#4642,1.);
#2686=VECTOR('',#4699,1.);
#2687=VECTOR('',#4702,1.);
#2688=VECTOR('',#4707,1.);
#2689=VECTOR('',#4710,1.);
#2690=VECTOR('',#4713,1.);
#2691=VECTOR('',#4716,1.);
#2692=VECTOR('',#4719,1.);
#2693=VECTOR('',#4722,1.);
#2694=VECTOR('',#4727,1.);
#2695=VECTOR('',#4728,1.);
#2696=VECTOR('',#4729,1.);
#2697=VECTOR('',#4732,1.);
#2698=VECTOR('',#4739,1.);
#2699=VECTOR('',#4740,1.);
#2700=VECTOR('',#4741,1.);
#2701=VECTOR('',#4744,1.);
#2702=VECTOR('',#4751,1.);
#2703=VECTOR('',#4752,1.);
#2704=VECTOR('',#4755,1.);
#2705=VECTOR('',#4756,1.);
#2706=VECTOR('',#4757,1.);
#2707=VECTOR('',#4760,1.);
#2708=VECTOR('',#4767,1.);
#2709=VECTOR('',#4768,1.);
#2710=VECTOR('',#4769,1.);
#2711=VECTOR('',#4772,1.);
#2712=VECTOR('',#4779,1.);
#2713=VECTOR('',#4780,1.);
#2714=VECTOR('',#4787,1.);
#2715=VECTOR('',#4790,1.);
#2716=VECTOR('',#4859,1.);
#2717=VECTOR('',#4862,1.);
#2718=VECTOR('',#4865,1.);
#2719=VECTOR('',#4866,1.);
#2720=VECTOR('',#4867,1.);
#2721=VECTOR('',#4868,1.);
#2722=VECTOR('',#4873,1.);
#2723=VECTOR('',#4876,1.);
#2724=VECTOR('',#4879,1.);
#2725=VECTOR('',#4880,1.);
#2726=VECTOR('',#4881,1.);
#2727=VECTOR('',#4882,1.);
#2728=VECTOR('',#4891,1.);
#2729=VECTOR('',#4898,1.);
#2730=VECTOR('',#4903,1.);
#2731=VECTOR('',#4910,1.);
#2732=EDGE_LOOP('',(#420,#421,#422,#423));
#2733=EDGE_LOOP('',(#424,#425,#426,#427));
#2734=EDGE_LOOP('',(#428,#429,#430,#431));
#2735=EDGE_LOOP('',(#432,#433,#434,#435));
#2736=EDGE_LOOP('',(#436,#437,#438,#439));
#2737=EDGE_LOOP('',(#440,#441,#442,#443));
#2738=EDGE_LOOP('',(#444,#445,#446,#447));
#2739=EDGE_LOOP('',(#448,#449,#450,#451));
#2740=EDGE_LOOP('',(#452,#453,#454,#455));
#2741=EDGE_LOOP('',(#456,#457,#458,#459,#460,#461,#462,#463));
#2742=EDGE_LOOP('',(#464,#465,#466,#467,#468,#469,#470,#471));
#2743=EDGE_LOOP('',(#472,#473,#474,#475));
#2744=EDGE_LOOP('',(#476,#477,#478,#479,#480,#481,#482,#483));
#2745=EDGE_LOOP('',(#484,#485,#486,#487,#488,#489,#490,#491,#492,#493,#494,
#495,#496,#497));
#2746=EDGE_LOOP('',(#498,#499,#500,#501,#502));
#2747=EDGE_LOOP('',(#503,#504,#505,#506,#507,#508,#509,#510,#511,#512,#513));
#2748=EDGE_LOOP('',(#514,#515,#516,#517,#518));
#2749=EDGE_LOOP('',(#519,#520,#521,#522,#523,#524,#525,#526));
#2750=EDGE_LOOP('',(#527,#528,#529,#530));
#2751=EDGE_LOOP('',(#531,#532,#533,#534,#535,#536,#537,#538));
#2752=EDGE_LOOP('',(#539,#540,#541,#542,#543,#544,#545,#546,#547,#548));
#2753=EDGE_LOOP('',(#549,#550,#551,#552,#553,#554,#555,#556));
#2754=EDGE_LOOP('',(#557,#558,#559,#560,#561,#562));
#2755=EDGE_LOOP('',(#563,#564,#565,#566,#567,#568,#569,#570));
#2756=EDGE_LOOP('',(#571));
#2757=EDGE_LOOP('',(#572));
#2758=EDGE_LOOP('',(#573));
#2759=EDGE_LOOP('',(#574,#575,#576,#577));
#2760=EDGE_LOOP('',(#578,#579,#580,#581,#582,#583,#584,#585));
#2761=EDGE_LOOP('',(#586));
#2762=EDGE_LOOP('',(#587));
#2763=EDGE_LOOP('',(#588));
#2764=EDGE_LOOP('',(#589,#590,#591,#592,#593,#594,#595,#596));
#2765=EDGE_LOOP('',(#597,#598,#599,#600,#601));
#2766=EDGE_LOOP('',(#602,#603,#604,#605));
#2767=EDGE_LOOP('',(#606,#607,#608,#609));
#2768=EDGE_LOOP('',(#610,#611,#612,#613));
#2769=EDGE_LOOP('',(#614,#615,#616,#617,#618,#619,#620,#621,#622,#623));
#2770=EDGE_LOOP('',(#624,#625,#626,#627,#628,#629,#630,#631,#632,#633,#634,
#635,#636,#637,#638,#639));
#2771=EDGE_LOOP('',(#640,#641,#642,#643));
#2772=EDGE_LOOP('',(#644,#645,#646,#647,#648,#649));
#2773=EDGE_LOOP('',(#650,#651,#652,#653,#654));
#2774=EDGE_LOOP('',(#655,#656,#657,#658,#659,#660));
#2775=EDGE_LOOP('',(#661,#662,#663,#664));
#2776=EDGE_LOOP('',(#665,#666,#667));
#2777=EDGE_LOOP('',(#668,#669,#670));
#2778=EDGE_LOOP('',(#671));
#2779=EDGE_LOOP('',(#672));
#2780=EDGE_LOOP('',(#673));
#2781=EDGE_LOOP('',(#674));
#2782=EDGE_LOOP('',(#675));
#2783=EDGE_LOOP('',(#676));
#2784=EDGE_LOOP('',(#677));
#2785=EDGE_LOOP('',(#678));
#2786=EDGE_LOOP('',(#679));
#2787=EDGE_LOOP('',(#680));
#2788=EDGE_LOOP('',(#681));
#2789=EDGE_LOOP('',(#682));
#2790=EDGE_LOOP('',(#683));
#2791=EDGE_LOOP('',(#684));
#2792=EDGE_LOOP('',(#685));
#2793=EDGE_LOOP('',(#686));
#2794=EDGE_LOOP('',(#687));
#2795=EDGE_LOOP('',(#688));
#2796=EDGE_LOOP('',(#689,#690,#691,#692));
#2797=EDGE_LOOP('',(#693,#694,#695,#696));
#2798=EDGE_LOOP('',(#697,#698,#699,#700));
#2799=EDGE_LOOP('',(#701,#702,#703,#704));
#2800=EDGE_LOOP('',(#705,#706,#707,#708));
#2801=EDGE_LOOP('',(#709,#710,#711,#712));
#2802=EDGE_LOOP('',(#713,#714,#715,#716));
#2803=EDGE_LOOP('',(#717,#718,#719,#720));
#2804=EDGE_LOOP('',(#721,#722,#723,#724));
#2805=EDGE_LOOP('',(#725,#726,#727,#728));
#2806=EDGE_LOOP('',(#729,#730,#731,#732));
#2807=EDGE_LOOP('',(#733,#734,#735,#736));
#2808=EDGE_LOOP('',(#737,#738,#739,#740));
#2809=EDGE_LOOP('',(#741,#742,#743,#744));
#2810=EDGE_LOOP('',(#745,#746,#747,#748));
#2811=EDGE_LOOP('',(#749,#750,#751,#752));
#2812=EDGE_LOOP('',(#753,#754,#755,#756));
#2813=EDGE_LOOP('',(#757,#758,#759,#760));
#2814=EDGE_LOOP('',(#761,#762,#763,#764));
#2815=EDGE_LOOP('',(#765,#766,#767,#768));
#2816=EDGE_LOOP('',(#769,#770,#771,#772));
#2817=EDGE_LOOP('',(#773,#774,#775,#776));
#2818=EDGE_LOOP('',(#777,#778,#779,#780));
#2819=EDGE_LOOP('',(#781,#782,#783,#784));
#2820=EDGE_LOOP('',(#785,#786,#787,#788));
#2821=EDGE_LOOP('',(#789,#790,#791,#792));
#2822=EDGE_LOOP('',(#793,#794,#795,#796));
#2823=EDGE_LOOP('',(#797,#798,#799,#800));
#2824=EDGE_LOOP('',(#801,#802,#803,#804));
#2825=EDGE_LOOP('',(#805,#806,#807,#808));
#2826=EDGE_LOOP('',(#809,#810,#811,#812));
#2827=EDGE_LOOP('',(#813,#814,#815,#816));
#2828=EDGE_LOOP('',(#817,#818,#819,#820));
#2829=EDGE_LOOP('',(#821,#822,#823,#824));
#2830=EDGE_LOOP('',(#825,#826,#827,#828));
#2831=EDGE_LOOP('',(#829,#830,#831,#832));
#2832=EDGE_LOOP('',(#833,#834,#835,#836));
#2833=EDGE_LOOP('',(#837,#838,#839,#840));
#2834=EDGE_LOOP('',(#841,#842,#843,#844));
#2835=EDGE_LOOP('',(#845,#846,#847,#848));
#2836=EDGE_LOOP('',(#849,#850,#851,#852));
#2837=EDGE_LOOP('',(#853,#854,#855,#856));
#2838=EDGE_LOOP('',(#857,#858,#859,#860));
#2839=EDGE_LOOP('',(#861,#862,#863,#864));
#2840=EDGE_LOOP('',(#865,#866,#867,#868));
#2841=EDGE_LOOP('',(#869,#870,#871,#872));
#2842=EDGE_LOOP('',(#873,#874,#875,#876));
#2843=EDGE_LOOP('',(#877,#878,#879,#880));
#2844=EDGE_LOOP('',(#881,#882,#883));
#2845=EDGE_LOOP('',(#884,#885,#886));
#2846=EDGE_LOOP('',(#887,#888,#889));
#2847=EDGE_LOOP('',(#890,#891,#892));
#2848=EDGE_LOOP('',(#893,#894,#895,#896));
#2849=EDGE_LOOP('',(#897,#898,#899,#900));
#2850=EDGE_LOOP('',(#901,#902,#903,#904));
#2851=EDGE_LOOP('',(#905,#906,#907,#908));
#2852=EDGE_LOOP('',(#909,#910,#911,#912));
#2853=EDGE_LOOP('',(#913,#914,#915,#916));
#2854=EDGE_LOOP('',(#917,#918,#919,#920));
#2855=EDGE_LOOP('',(#921,#922,#923,#924));
#2856=EDGE_LOOP('',(#925,#926,#927,#928));
#2857=EDGE_LOOP('',(#929,#930,#931,#932));
#2858=EDGE_LOOP('',(#933,#934,#935,#936,#937));
#2859=EDGE_LOOP('',(#938,#939,#940,#941,#942));
#2860=EDGE_LOOP('',(#943,#944,#945,#946,#947));
#2861=EDGE_LOOP('',(#948,#949,#950,#951));
#2862=EDGE_LOOP('',(#952,#953,#954,#955));
#2863=EDGE_LOOP('',(#956,#957,#958,#959));
#2864=EDGE_LOOP('',(#960,#961,#962,#963));
#2865=EDGE_LOOP('',(#964,#965,#966,#967));
#2866=EDGE_LOOP('',(#968,#969,#970,#971));
#2867=EDGE_LOOP('',(#972,#973,#974,#975));
#2868=EDGE_LOOP('',(#976,#977,#978,#979));
#2869=EDGE_LOOP('',(#980,#981,#982,#983));
#2870=EDGE_LOOP('',(#984,#985,#986,#987));
#2871=EDGE_LOOP('',(#988,#989,#990,#991));
#2872=EDGE_LOOP('',(#992,#993,#994,#995));
#2873=EDGE_LOOP('',(#996,#997,#998,#999));
#2874=EDGE_LOOP('',(#1000,#1001,#1002,#1003));
#2875=EDGE_LOOP('',(#1004,#1005,#1006,#1007));
#2876=EDGE_LOOP('',(#1008,#1009,#1010,#1011));
#2877=EDGE_LOOP('',(#1012,#1013,#1014,#1015));
#2878=EDGE_LOOP('',(#1016,#1017,#1018,#1019));
#2879=EDGE_LOOP('',(#1020,#1021,#1022,#1023));
#2880=EDGE_LOOP('',(#1024,#1025,#1026,#1027));
#2881=EDGE_LOOP('',(#1028,#1029,#1030,#1031));
#2882=EDGE_LOOP('',(#1032,#1033,#1034,#1035));
#2883=EDGE_LOOP('',(#1036,#1037,#1038,#1039));
#2884=EDGE_LOOP('',(#1040,#1041,#1042,#1043));
#2885=EDGE_LOOP('',(#1044,#1045,#1046,#1047));
#2886=EDGE_LOOP('',(#1048,#1049,#1050,#1051));
#2887=EDGE_LOOP('',(#1052,#1053,#1054,#1055));
#2888=EDGE_LOOP('',(#1056,#1057,#1058,#1059));
#2889=EDGE_LOOP('',(#1060,#1061,#1062,#1063));
#2890=EDGE_LOOP('',(#1064,#1065,#1066,#1067));
#2891=EDGE_LOOP('',(#1068,#1069,#1070,#1071));
#2892=EDGE_LOOP('',(#1072,#1073,#1074,#1075));
#2893=EDGE_LOOP('',(#1076));
#2894=EDGE_LOOP('',(#1077));
#2895=EDGE_LOOP('',(#1078,#1079,#1080,#1081));
#2896=EDGE_LOOP('',(#1082,#1083,#1084,#1085,#1086,#1087,#1088,#1089,#1090,
#1091,#1092,#1093));
#2897=EDGE_LOOP('',(#1094,#1095,#1096,#1097));
#2898=EDGE_LOOP('',(#1098,#1099,#1100,#1101));
#2899=EDGE_LOOP('',(#1102,#1103,#1104,#1105));
#2900=EDGE_LOOP('',(#1106,#1107,#1108,#1109));
#2901=EDGE_LOOP('',(#1110,#1111,#1112,#1113));
#2902=EDGE_LOOP('',(#1114,#1115,#1116,#1117));
#2903=EDGE_LOOP('',(#1118,#1119,#1120,#1121));
#2904=EDGE_LOOP('',(#1122,#1123,#1124,#1125));
#2905=EDGE_LOOP('',(#1126,#1127,#1128,#1129));
#2906=EDGE_LOOP('',(#1130,#1131,#1132,#1133));
#2907=EDGE_LOOP('',(#1134,#1135,#1136,#1137,#1138,#1139,#1140,#1141));
#2908=EDGE_LOOP('',(#1142,#1143,#1144,#1145,#1146,#1147,#1148,#1149));
#2909=EDGE_LOOP('',(#1150,#1151,#1152,#1153,#1154,#1155,#1156,#1157));
#2910=EDGE_LOOP('',(#1158));
#2911=EDGE_LOOP('',(#1159,#1160,#1161,#1162,#1163,#1164,#1165,#1166));
#2912=EDGE_LOOP('',(#1167,#1168,#1169,#1170,#1171,#1172));
#2913=EDGE_LOOP('',(#1173,#1174,#1175,#1176,#1177,#1178));
#2914=EDGE_LOOP('',(#1179,#1180,#1181,#1182));
#2915=EDGE_LOOP('',(#1183,#1184,#1185,#1186));
#2916=EDGE_LOOP('',(#1187,#1188,#1189,#1190));
#2917=EDGE_LOOP('',(#1191,#1192,#1193,#1194));
#2918=EDGE_LOOP('',(#1195,#1196,#1197,#1198));
#2919=EDGE_LOOP('',(#1199,#1200,#1201,#1202,#1203));
#2920=EDGE_LOOP('',(#1204,#1205,#1206,#1207));
#2921=EDGE_LOOP('',(#1208,#1209,#1210,#1211,#1212));
#2922=EDGE_LOOP('',(#1213,#1214,#1215,#1216));
#2923=EDGE_LOOP('',(#1217,#1218,#1219,#1220,#1221));
#2924=EDGE_LOOP('',(#1222));
#2925=EDGE_LOOP('',(#1223,#1224,#1225,#1226,#1227,#1228,#1229,#1230));
#2926=EDGE_LOOP('',(#1231,#1232,#1233,#1234,#1235));
#2927=EDGE_LOOP('',(#1236,#1237,#1238,#1239));
#2928=EDGE_LOOP('',(#1240,#1241,#1242,#1243,#1244,#1245));
#2929=EDGE_LOOP('',(#1246,#1247,#1248,#1249,#1250,#1251));
#2930=EDGE_LOOP('',(#1252,#1253,#1254,#1255,#1256,#1257));
#2931=EDGE_LOOP('',(#1258,#1259,#1260,#1261,#1262,#1263));
#2932=EDGE_LOOP('',(#1264,#1265,#1266,#1267,#1268,#1269));
#2933=EDGE_LOOP('',(#1270,#1271,#1272,#1273));
#2934=EDGE_LOOP('',(#1274,#1275,#1276,#1277));
#2935=EDGE_LOOP('',(#1278,#1279,#1280,#1281,#1282,#1283));
#2936=EDGE_LOOP('',(#1284,#1285,#1286,#1287,#1288,#1289));
#2937=EDGE_LOOP('',(#1290,#1291,#1292,#1293));
#2938=EDGE_LOOP('',(#1294,#1295,#1296,#1297));
#2939=EDGE_LOOP('',(#1298,#1299,#1300,#1301,#1302,#1303));
#2940=EDGE_LOOP('',(#1304,#1305,#1306,#1307));
#2941=EDGE_LOOP('',(#1308,#1309,#1310,#1311));
#2942=EDGE_LOOP('',(#1312,#1313,#1314,#1315));
#2943=EDGE_LOOP('',(#1316,#1317,#1318,#1319));
#2944=EDGE_LOOP('',(#1320,#1321,#1322,#1323,#1324,#1325,#1326,#1327));
#2945=EDGE_LOOP('',(#1328,#1329,#1330,#1331,#1332,#1333,#1334,#1335));
#2946=EDGE_LOOP('',(#1336,#1337,#1338,#1339,#1340,#1341,#1342,#1343));
#2947=EDGE_LOOP('',(#1344,#1345,#1346,#1347,#1348,#1349,#1350,#1351));
#2948=EDGE_LOOP('',(#1352,#1353,#1354,#1355));
#2949=EDGE_LOOP('',(#1356,#1357,#1358,#1359));
#2950=EDGE_LOOP('',(#1360,#1361,#1362,#1363));
#2951=EDGE_LOOP('',(#1364,#1365,#1366,#1367));
#2952=EDGE_LOOP('',(#1368,#1369,#1370,#1371));
#2953=EDGE_LOOP('',(#1372,#1373,#1374,#1375));
#2954=EDGE_LOOP('',(#1376,#1377,#1378,#1379));
#2955=EDGE_LOOP('',(#1380,#1381,#1382,#1383));
#2956=EDGE_LOOP('',(#1384,#1385,#1386,#1387));
#2957=EDGE_LOOP('',(#1388,#1389,#1390,#1391));
#2958=EDGE_LOOP('',(#1392,#1393,#1394,#1395));
#2959=EDGE_LOOP('',(#1396,#1397,#1398,#1399));
#2960=EDGE_LOOP('',(#1400,#1401,#1402,#1403));
#2961=EDGE_LOOP('',(#1404,#1405,#1406,#1407));
#2962=EDGE_LOOP('',(#1408,#1409,#1410,#1411));
#2963=EDGE_LOOP('',(#1412,#1413,#1414,#1415));
#2964=EDGE_LOOP('',(#1416,#1417,#1418,#1419));
#2965=EDGE_LOOP('',(#1420,#1421,#1422,#1423));
#2966=EDGE_LOOP('',(#1424,#1425,#1426,#1427));
#2967=EDGE_LOOP('',(#1428,#1429,#1430,#1431));
#2968=FACE_BOUND('',#2732,.T.);
#2969=FACE_BOUND('',#2733,.T.);
#2970=FACE_BOUND('',#2734,.T.);
#2971=FACE_BOUND('',#2735,.T.);
#2972=FACE_BOUND('',#2736,.T.);
#2973=FACE_BOUND('',#2737,.T.);
#2974=FACE_BOUND('',#2738,.T.);
#2975=FACE_BOUND('',#2739,.T.);
#2976=FACE_BOUND('',#2740,.T.);
#2977=FACE_BOUND('',#2741,.T.);
#2978=FACE_BOUND('',#2742,.T.);
#2979=FACE_BOUND('',#2743,.T.);
#2980=FACE_BOUND('',#2744,.T.);
#2981=FACE_BOUND('',#2745,.T.);
#2982=FACE_BOUND('',#2746,.T.);
#2983=FACE_BOUND('',#2747,.T.);
#2984=FACE_BOUND('',#2748,.T.);
#2985=FACE_BOUND('',#2749,.T.);
#2986=FACE_BOUND('',#2750,.T.);
#2987=FACE_BOUND('',#2751,.T.);
#2988=FACE_BOUND('',#2752,.T.);
#2989=FACE_BOUND('',#2753,.T.);
#2990=FACE_BOUND('',#2754,.T.);
#2991=FACE_BOUND('',#2755,.T.);
#2992=FACE_BOUND('',#2756,.T.);
#2993=FACE_BOUND('',#2757,.T.);
#2994=FACE_BOUND('',#2758,.T.);
#2995=FACE_BOUND('',#2759,.T.);
#2996=FACE_BOUND('',#2760,.T.);
#2997=FACE_BOUND('',#2761,.T.);
#2998=FACE_BOUND('',#2762,.T.);
#2999=FACE_BOUND('',#2763,.T.);
#3000=FACE_BOUND('',#2764,.T.);
#3001=FACE_BOUND('',#2765,.T.);
#3002=FACE_BOUND('',#2766,.T.);
#3003=FACE_BOUND('',#2767,.T.);
#3004=FACE_BOUND('',#2768,.T.);
#3005=FACE_BOUND('',#2769,.T.);
#3006=FACE_BOUND('',#2770,.T.);
#3007=FACE_BOUND('',#2771,.T.);
#3008=FACE_BOUND('',#2772,.T.);
#3009=FACE_BOUND('',#2773,.T.);
#3010=FACE_BOUND('',#2774,.T.);
#3011=FACE_BOUND('',#2775,.T.);
#3012=FACE_BOUND('',#2776,.T.);
#3013=FACE_BOUND('',#2777,.T.);
#3014=FACE_BOUND('',#2778,.T.);
#3015=FACE_BOUND('',#2779,.T.);
#3016=FACE_BOUND('',#2780,.T.);
#3017=FACE_BOUND('',#2781,.T.);
#3018=FACE_BOUND('',#2782,.T.);
#3019=FACE_BOUND('',#2783,.T.);
#3020=FACE_BOUND('',#2784,.T.);
#3021=FACE_BOUND('',#2785,.T.);
#3022=FACE_BOUND('',#2786,.T.);
#3023=FACE_BOUND('',#2787,.T.);
#3024=FACE_BOUND('',#2788,.T.);
#3025=FACE_BOUND('',#2789,.T.);
#3026=FACE_BOUND('',#2790,.T.);
#3027=FACE_BOUND('',#2791,.T.);
#3028=FACE_BOUND('',#2792,.T.);
#3029=FACE_BOUND('',#2793,.T.);
#3030=FACE_BOUND('',#2794,.T.);
#3031=FACE_BOUND('',#2795,.T.);
#3032=FACE_BOUND('',#2796,.T.);
#3033=FACE_BOUND('',#2797,.T.);
#3034=FACE_BOUND('',#2798,.T.);
#3035=FACE_BOUND('',#2799,.T.);
#3036=FACE_BOUND('',#2800,.T.);
#3037=FACE_BOUND('',#2801,.T.);
#3038=FACE_BOUND('',#2802,.T.);
#3039=FACE_BOUND('',#2803,.T.);
#3040=FACE_BOUND('',#2804,.T.);
#3041=FACE_BOUND('',#2805,.T.);
#3042=FACE_BOUND('',#2806,.T.);
#3043=FACE_BOUND('',#2807,.T.);
#3044=FACE_BOUND('',#2808,.T.);
#3045=FACE_BOUND('',#2809,.T.);
#3046=FACE_BOUND('',#2810,.T.);
#3047=FACE_BOUND('',#2811,.T.);
#3048=FACE_BOUND('',#2812,.T.);
#3049=FACE_BOUND('',#2813,.T.);
#3050=FACE_BOUND('',#2814,.T.);
#3051=FACE_BOUND('',#2815,.T.);
#3052=FACE_BOUND('',#2816,.T.);
#3053=FACE_BOUND('',#2817,.T.);
#3054=FACE_BOUND('',#2818,.T.);
#3055=FACE_BOUND('',#2819,.T.);
#3056=FACE_BOUND('',#2820,.T.);
#3057=FACE_BOUND('',#2821,.T.);
#3058=FACE_BOUND('',#2822,.T.);
#3059=FACE_BOUND('',#2823,.T.);
#3060=FACE_BOUND('',#2824,.T.);
#3061=FACE_BOUND('',#2825,.T.);
#3062=FACE_BOUND('',#2826,.T.);
#3063=FACE_BOUND('',#2827,.T.);
#3064=FACE_BOUND('',#2828,.T.);
#3065=FACE_BOUND('',#2829,.T.);
#3066=FACE_BOUND('',#2830,.T.);
#3067=FACE_BOUND('',#2831,.T.);
#3068=FACE_BOUND('',#2832,.T.);
#3069=FACE_BOUND('',#2833,.T.);
#3070=FACE_BOUND('',#2834,.T.);
#3071=FACE_BOUND('',#2835,.T.);
#3072=FACE_BOUND('',#2836,.T.);
#3073=FACE_BOUND('',#2837,.T.);
#3074=FACE_BOUND('',#2838,.T.);
#3075=FACE_BOUND('',#2839,.T.);
#3076=FACE_BOUND('',#2840,.T.);
#3077=FACE_BOUND('',#2841,.T.);
#3078=FACE_BOUND('',#2842,.T.);
#3079=FACE_BOUND('',#2843,.T.);
#3080=FACE_BOUND('',#2844,.T.);
#3081=FACE_BOUND('',#2845,.T.);
#3082=FACE_BOUND('',#2846,.T.);
#3083=FACE_BOUND('',#2847,.T.);
#3084=FACE_BOUND('',#2848,.T.);
#3085=FACE_BOUND('',#2849,.T.);
#3086=FACE_BOUND('',#2850,.T.);
#3087=FACE_BOUND('',#2851,.T.);
#3088=FACE_BOUND('',#2852,.T.);
#3089=FACE_BOUND('',#2853,.T.);
#3090=FACE_BOUND('',#2854,.T.);
#3091=FACE_BOUND('',#2855,.T.);
#3092=FACE_BOUND('',#2856,.T.);
#3093=FACE_BOUND('',#2857,.T.);
#3094=FACE_BOUND('',#2858,.T.);
#3095=FACE_BOUND('',#2859,.T.);
#3096=FACE_BOUND('',#2860,.T.);
#3097=FACE_BOUND('',#2861,.T.);
#3098=FACE_BOUND('',#2862,.T.);
#3099=FACE_BOUND('',#2863,.T.);
#3100=FACE_BOUND('',#2864,.T.);
#3101=FACE_BOUND('',#2865,.T.);
#3102=FACE_BOUND('',#2866,.T.);
#3103=FACE_BOUND('',#2867,.T.);
#3104=FACE_BOUND('',#2868,.T.);
#3105=FACE_BOUND('',#2869,.T.);
#3106=FACE_BOUND('',#2870,.T.);
#3107=FACE_BOUND('',#2871,.T.);
#3108=FACE_BOUND('',#2872,.T.);
#3109=FACE_BOUND('',#2873,.T.);
#3110=FACE_BOUND('',#2874,.T.);
#3111=FACE_BOUND('',#2875,.T.);
#3112=FACE_BOUND('',#2876,.T.);
#3113=FACE_BOUND('',#2877,.T.);
#3114=FACE_BOUND('',#2878,.T.);
#3115=FACE_BOUND('',#2879,.T.);
#3116=FACE_BOUND('',#2880,.T.);
#3117=FACE_BOUND('',#2881,.T.);
#3118=FACE_BOUND('',#2882,.T.);
#3119=FACE_BOUND('',#2883,.T.);
#3120=FACE_BOUND('',#2884,.T.);
#3121=FACE_BOUND('',#2885,.T.);
#3122=FACE_BOUND('',#2886,.T.);
#3123=FACE_BOUND('',#2887,.T.);
#3124=FACE_BOUND('',#2888,.T.);
#3125=FACE_BOUND('',#2889,.T.);
#3126=FACE_BOUND('',#2890,.T.);
#3127=FACE_BOUND('',#2891,.T.);
#3128=FACE_BOUND('',#2892,.T.);
#3129=FACE_BOUND('',#2893,.T.);
#3130=FACE_BOUND('',#2894,.T.);
#3131=FACE_BOUND('',#2895,.T.);
#3132=FACE_BOUND('',#2896,.T.);
#3133=FACE_BOUND('',#2897,.T.);
#3134=FACE_BOUND('',#2898,.T.);
#3135=FACE_BOUND('',#2899,.T.);
#3136=FACE_BOUND('',#2900,.T.);
#3137=FACE_BOUND('',#2901,.T.);
#3138=FACE_BOUND('',#2902,.T.);
#3139=FACE_BOUND('',#2903,.T.);
#3140=FACE_BOUND('',#2904,.T.);
#3141=FACE_BOUND('',#2905,.T.);
#3142=FACE_BOUND('',#2906,.T.);
#3143=FACE_BOUND('',#2907,.T.);
#3144=FACE_BOUND('',#2908,.T.);
#3145=FACE_BOUND('',#2909,.T.);
#3146=FACE_BOUND('',#2910,.T.);
#3147=FACE_BOUND('',#2911,.T.);
#3148=FACE_BOUND('',#2912,.T.);
#3149=FACE_BOUND('',#2913,.T.);
#3150=FACE_BOUND('',#2914,.T.);
#3151=FACE_BOUND('',#2915,.T.);
#3152=FACE_BOUND('',#2916,.T.);
#3153=FACE_BOUND('',#2917,.T.);
#3154=FACE_BOUND('',#2918,.T.);
#3155=FACE_BOUND('',#2919,.T.);
#3156=FACE_BOUND('',#2920,.T.);
#3157=FACE_BOUND('',#2921,.T.);
#3158=FACE_BOUND('',#2922,.T.);
#3159=FACE_BOUND('',#2923,.T.);
#3160=FACE_BOUND('',#2924,.T.);
#3161=FACE_BOUND('',#2925,.T.);
#3162=FACE_BOUND('',#2926,.T.);
#3163=FACE_BOUND('',#2927,.T.);
#3164=FACE_BOUND('',#2928,.T.);
#3165=FACE_BOUND('',#2929,.T.);
#3166=FACE_BOUND('',#2930,.T.);
#3167=FACE_BOUND('',#2931,.T.);
#3168=FACE_BOUND('',#2932,.T.);
#3169=FACE_BOUND('',#2933,.T.);
#3170=FACE_BOUND('',#2934,.T.);
#3171=FACE_BOUND('',#2935,.T.);
#3172=FACE_BOUND('',#2936,.T.);
#3173=FACE_BOUND('',#2937,.T.);
#3174=FACE_BOUND('',#2938,.T.);
#3175=FACE_BOUND('',#2939,.T.);
#3176=FACE_BOUND('',#2940,.T.);
#3177=FACE_BOUND('',#2941,.T.);
#3178=FACE_BOUND('',#2942,.T.);
#3179=FACE_BOUND('',#2943,.T.);
#3180=FACE_BOUND('',#2944,.T.);
#3181=FACE_BOUND('',#2945,.T.);
#3182=FACE_BOUND('',#2946,.T.);
#3183=FACE_BOUND('',#2947,.T.);
#3184=FACE_BOUND('',#2948,.T.);
#3185=FACE_BOUND('',#2949,.T.);
#3186=FACE_BOUND('',#2950,.T.);
#3187=FACE_BOUND('',#2951,.T.);
#3188=FACE_BOUND('',#2952,.T.);
#3189=FACE_BOUND('',#2953,.T.);
#3190=FACE_BOUND('',#2954,.T.);
#3191=FACE_BOUND('',#2955,.T.);
#3192=FACE_BOUND('',#2956,.T.);
#3193=FACE_BOUND('',#2957,.T.);
#3194=FACE_BOUND('',#2958,.T.);
#3195=FACE_BOUND('',#2959,.T.);
#3196=FACE_BOUND('',#2960,.T.);
#3197=FACE_BOUND('',#2961,.T.);
#3198=FACE_BOUND('',#2962,.T.);
#3199=FACE_BOUND('',#2963,.T.);
#3200=FACE_BOUND('',#2964,.T.);
#3201=FACE_BOUND('',#2965,.T.);
#3202=FACE_BOUND('',#2966,.T.);
#3203=FACE_BOUND('',#2967,.T.);
#3204=PLANE('',#3492);
#3205=PLANE('',#3493);
#3206=PLANE('',#3515);
#3207=PLANE('',#3528);
#3208=PLANE('',#3535);
#3209=PLANE('',#3537);
#3210=PLANE('',#3543);
#3211=PLANE('',#3545);
#3212=PLANE('',#3554);
#3213=PLANE('',#3564);
#3214=PLANE('',#3571);
#3215=PLANE('',#3576);
#3216=PLANE('',#3578);
#3217=PLANE('',#3585);
#3218=PLANE('',#3587);
#3219=PLANE('',#3590);
#3220=PLANE('',#3591);
#3221=PLANE('',#3594);
#3222=PLANE('',#3596);
#3223=PLANE('',#3599);
#3224=PLANE('',#3600);
#3225=PLANE('',#3601);
#3226=PLANE('',#3604);
#3227=PLANE('',#3607);
#3228=PLANE('',#3610);
#3229=PLANE('',#3613);
#3230=PLANE('',#3616);
#3231=PLANE('',#3619);
#3232=PLANE('',#3620);
#3233=PLANE('',#3621);
#3234=PLANE('',#3622);
#3235=PLANE('',#3623);
#3236=PLANE('',#3624);
#3237=PLANE('',#3625);
#3238=PLANE('',#3626);
#3239=PLANE('',#3627);
#3240=PLANE('',#3716);
#3241=PLANE('',#3717);
#3242=PLANE('',#3718);
#3243=PLANE('',#3719);
#3244=PLANE('',#3747);
#3245=PLANE('',#3748);
#3246=PLANE('',#3749);
#3247=PLANE('',#3750);
#3248=PLANE('',#3751);
#3249=PLANE('',#3752);
#3250=PLANE('',#3753);
#3251=PLANE('',#3754);
#3252=PLANE('',#3755);
#3253=PLANE('',#3756);
#3254=PLANE('',#3757);
#3255=PLANE('',#3758);
#3256=PLANE('',#3789);
#3257=PLANE('',#3796);
#3258=PLANE('',#3800);
#3259=PLANE('',#3804);
#3260=PLANE('',#3805);
#3261=PLANE('',#3809);
#3262=PLANE('',#3813);
#3263=PLANE('',#3814);
#3264=PLANE('',#3815);
#3265=PLANE('',#3818);
#3266=PLANE('',#3835);
#3267=PLANE('',#3838);
#3268=PLANE('',#3853);
#3269=PLANE('',#3857);
#3270=PLANE('',#3858);
#3271=PLANE('',#3865);
#3272=ADVANCED_FACE('',(#2968),#3204,.F.);
#3273=ADVANCED_FACE('',(#2969),#3205,.T.);
#3274=ADVANCED_FACE('',(#2970),#328,.T.);
#3275=ADVANCED_FACE('',(#2971),#329,.T.);
#3276=ADVANCED_FACE('',(#2972),#330,.T.);
#3277=ADVANCED_FACE('',(#2973),#331,.T.);
#3278=ADVANCED_FACE('',(#2974),#332,.T.);
#3279=ADVANCED_FACE('',(#2975),#333,.T.);
#3280=ADVANCED_FACE('',(#2976),#334,.F.);
#3281=ADVANCED_FACE('',(#2977,#2978,#2979,#2980),#3206,.T.);
#3282=ADVANCED_FACE('',(#2981),#3207,.T.);
#3283=ADVANCED_FACE('',(#2982),#3208,.F.);
#3284=ADVANCED_FACE('',(#2983),#3209,.T.);
#3285=ADVANCED_FACE('',(#2984),#3210,.T.);
#3286=ADVANCED_FACE('',(#2985,#2986,#2987),#3211,.F.);
#3287=ADVANCED_FACE('',(#2988,#2989,#2990,#2991),#3212,.T.);
#3288=ADVANCED_FACE('',(#2992,#2993,#2994,#2995,#2996,#2997,#2998,#2999),
#3213,.T.);
#3289=ADVANCED_FACE('',(#3000),#3214,.T.);
#3290=ADVANCED_FACE('',(#3001),#3215,.T.);
#3291=ADVANCED_FACE('',(#3002),#3216,.T.);
#3292=ADVANCED_FACE('',(#3003),#335,.T.);
#3293=ADVANCED_FACE('',(#3004),#336,.T.);
#3294=ADVANCED_FACE('',(#3005),#3217,.F.);
#3295=ADVANCED_FACE('',(#3006),#3218,.F.);
#3296=ADVANCED_FACE('',(#3007),#3219,.F.);
#3297=ADVANCED_FACE('',(#3008),#3220,.F.);
#3298=ADVANCED_FACE('',(#3009),#3221,.F.);
#3299=ADVANCED_FACE('',(#3010),#3222,.T.);
#3300=ADVANCED_FACE('',(#3011),#3223,.F.);
#3301=ADVANCED_FACE('',(#3012),#3224,.T.);
#3302=ADVANCED_FACE('',(#3013),#3225,.F.);
#3303=ADVANCED_FACE('',(#3014,#3015),#337,.F.);
#3304=ADVANCED_FACE('',(#3016),#3226,.T.);
#3305=ADVANCED_FACE('',(#3017,#3018),#338,.F.);
#3306=ADVANCED_FACE('',(#3019),#3227,.T.);
#3307=ADVANCED_FACE('',(#3020,#3021),#339,.F.);
#3308=ADVANCED_FACE('',(#3022),#3228,.T.);
#3309=ADVANCED_FACE('',(#3023,#3024),#340,.F.);
#3310=ADVANCED_FACE('',(#3025),#3229,.T.);
#3311=ADVANCED_FACE('',(#3026,#3027),#341,.F.);
#3312=ADVANCED_FACE('',(#3028),#3230,.T.);
#3313=ADVANCED_FACE('',(#3029,#3030),#342,.F.);
#3314=ADVANCED_FACE('',(#3031),#3231,.T.);
#3315=ADVANCED_FACE('',(#3032),#3232,.T.);
#3316=ADVANCED_FACE('',(#3033),#3233,.F.);
#3317=ADVANCED_FACE('',(#3034),#3234,.F.);
#3318=ADVANCED_FACE('',(#3035),#3235,.T.);
#3319=ADVANCED_FACE('',(#3036),#3236,.T.);
#3320=ADVANCED_FACE('',(#3037),#3237,.F.);
#3321=ADVANCED_FACE('',(#3038),#3238,.F.);
#3322=ADVANCED_FACE('',(#3039),#3239,.T.);
#3323=ADVANCED_FACE('',(#3040),#343,.T.);
#3324=ADVANCED_FACE('',(#3041),#24,.T.);
#3325=ADVANCED_FACE('',(#3042),#25,.T.);
#3326=ADVANCED_FACE('',(#3043),#344,.F.);
#3327=ADVANCED_FACE('',(#3044),#345,.T.);
#3328=ADVANCED_FACE('',(#3045),#346,.T.);
#3329=ADVANCED_FACE('',(#3046),#347,.T.);
#3330=ADVANCED_FACE('',(#3047),#348,.F.);
#3331=ADVANCED_FACE('',(#3048),#349,.T.);
#3332=ADVANCED_FACE('',(#3049),#26,.T.);
#3333=ADVANCED_FACE('',(#3050),#27,.T.);
#3334=ADVANCED_FACE('',(#3051),#28,.T.);
#3335=ADVANCED_FACE('',(#3052),#29,.T.);
#3336=ADVANCED_FACE('',(#3053),#350,.T.);
#3337=ADVANCED_FACE('',(#3054),#351,.F.);
#3338=ADVANCED_FACE('',(#3055),#352,.F.);
#3339=ADVANCED_FACE('',(#3056),#353,.T.);
#3340=ADVANCED_FACE('',(#3057),#30,.T.);
#3341=ADVANCED_FACE('',(#3058),#31,.T.);
#3342=ADVANCED_FACE('',(#3059),#354,.T.);
#3343=ADVANCED_FACE('',(#3060),#355,.T.);
#3344=ADVANCED_FACE('',(#3061),#32,.T.);
#3345=ADVANCED_FACE('',(#3062),#33,.T.);
#3346=ADVANCED_FACE('',(#3063),#356,.F.);
#3347=ADVANCED_FACE('',(#3064),#357,.T.);
#3348=ADVANCED_FACE('',(#3065),#358,.T.);
#3349=ADVANCED_FACE('',(#3066),#359,.T.);
#3350=ADVANCED_FACE('',(#3067),#360,.F.);
#3351=ADVANCED_FACE('',(#3068),#361,.T.);
#3352=ADVANCED_FACE('',(#3069),#34,.T.);
#3353=ADVANCED_FACE('',(#3070),#35,.T.);
#3354=ADVANCED_FACE('',(#3071),#36,.T.);
#3355=ADVANCED_FACE('',(#3072),#37,.T.);
#3356=ADVANCED_FACE('',(#3073),#362,.T.);
#3357=ADVANCED_FACE('',(#3074),#363,.F.);
#3358=ADVANCED_FACE('',(#3075),#364,.F.);
#3359=ADVANCED_FACE('',(#3076),#365,.T.);
#3360=ADVANCED_FACE('',(#3077),#38,.T.);
#3361=ADVANCED_FACE('',(#3078),#39,.T.);
#3362=ADVANCED_FACE('',(#3079),#366,.T.);
#3363=ADVANCED_FACE('',(#3080),#3240,.F.);
#3364=ADVANCED_FACE('',(#3081),#3241,.T.);
#3365=ADVANCED_FACE('',(#3082),#3242,.F.);
#3366=ADVANCED_FACE('',(#3083),#3243,.T.);
#3367=ADVANCED_FACE('',(#3084),#367,.F.);
#3368=ADVANCED_FACE('',(#3085),#368,.F.);
#3369=ADVANCED_FACE('',(#3086),#369,.F.);
#3370=ADVANCED_FACE('',(#3087),#370,.F.);
#3371=ADVANCED_FACE('',(#3088),#371,.F.);
#3372=ADVANCED_FACE('',(#3089),#372,.F.);
#3373=ADVANCED_FACE('',(#3090),#373,.T.);
#3374=ADVANCED_FACE('',(#3091),#14,.T.);
#3375=ADVANCED_FACE('',(#3092),#374,.T.);
#3376=ADVANCED_FACE('',(#3093),#15,.T.);
#3377=ADVANCED_FACE('',(#3094),#375,.F.);
#3378=ADVANCED_FACE('',(#3095),#376,.F.);
#3379=ADVANCED_FACE('',(#3096),#377,.F.);
#3380=ADVANCED_FACE('',(#3097),#378,.T.);
#3381=ADVANCED_FACE('',(#3098),#16,.T.);
#3382=ADVANCED_FACE('',(#3099),#379,.T.);
#3383=ADVANCED_FACE('',(#3100),#17,.T.);
#3384=ADVANCED_FACE('',(#3101),#380,.T.);
#3385=ADVANCED_FACE('',(#3102),#18,.T.);
#3386=ADVANCED_FACE('',(#3103),#381,.T.);
#3387=ADVANCED_FACE('',(#3104),#19,.T.);
#3388=ADVANCED_FACE('',(#3105),#3244,.T.);
#3389=ADVANCED_FACE('',(#3106),#3245,.T.);
#3390=ADVANCED_FACE('',(#3107),#3246,.T.);
#3391=ADVANCED_FACE('',(#3108),#3247,.T.);
#3392=ADVANCED_FACE('',(#3109),#3248,.F.);
#3393=ADVANCED_FACE('',(#3110),#3249,.F.);
#3394=ADVANCED_FACE('',(#3111),#3250,.F.);
#3395=ADVANCED_FACE('',(#3112),#3251,.F.);
#3396=ADVANCED_FACE('',(#3113),#3252,.F.);
#3397=ADVANCED_FACE('',(#3114),#3253,.F.);
#3398=ADVANCED_FACE('',(#3115),#3254,.F.);
#3399=ADVANCED_FACE('',(#3116),#3255,.F.);
#3400=ADVANCED_FACE('',(#3117),#382,.F.);
#3401=ADVANCED_FACE('',(#3118),#383,.F.);
#3402=ADVANCED_FACE('',(#3119),#384,.F.);
#3403=ADVANCED_FACE('',(#3120),#385,.F.);
#3404=ADVANCED_FACE('',(#3121),#386,.F.);
#3405=ADVANCED_FACE('',(#3122),#387,.F.);
#3406=ADVANCED_FACE('',(#3123),#388,.F.);
#3407=ADVANCED_FACE('',(#3124),#389,.F.);
#3408=ADVANCED_FACE('',(#3125),#390,.F.);
#3409=ADVANCED_FACE('',(#3126),#391,.F.);
#3410=ADVANCED_FACE('',(#3127),#392,.F.);
#3411=ADVANCED_FACE('',(#3128),#393,.F.);
#3412=ADVANCED_FACE('',(#3129,#3130),#394,.T.);
#3413=ADVANCED_FACE('',(#3131),#395,.F.);
#3414=ADVANCED_FACE('',(#3132),#3256,.F.);
#3415=ADVANCED_FACE('',(#3133),#3257,.T.);
#3416=ADVANCED_FACE('',(#3134),#396,.F.);
#3417=ADVANCED_FACE('',(#3135),#3258,.F.);
#3418=ADVANCED_FACE('',(#3136),#397,.F.);
#3419=ADVANCED_FACE('',(#3137),#3259,.T.);
#3420=ADVANCED_FACE('',(#3138),#3260,.F.);
#3421=ADVANCED_FACE('',(#3139),#398,.T.);
#3422=ADVANCED_FACE('',(#3140),#3261,.T.);
#3423=ADVANCED_FACE('',(#3141),#399,.T.);
#3424=ADVANCED_FACE('',(#3142),#3262,.F.);
#3425=ADVANCED_FACE('',(#3143,#3144,#3145,#3146),#3263,.F.);
#3426=ADVANCED_FACE('',(#3147,#3148),#3264,.F.);
#3427=ADVANCED_FACE('',(#3149),#3265,.F.);
#3428=ADVANCED_FACE('',(#3150),#400,.F.);
#3429=ADVANCED_FACE('',(#3151),#40,.F.);
#3430=ADVANCED_FACE('',(#3152),#41,.F.);
#3431=ADVANCED_FACE('',(#3153),#401,.F.);
#3432=ADVANCED_FACE('',(#3154),#42,.F.);
#3433=ADVANCED_FACE('',(#3155),#402,.F.);
#3434=ADVANCED_FACE('',(#3156),#43,.F.);
#3435=ADVANCED_FACE('',(#3157),#403,.F.);
#3436=ADVANCED_FACE('',(#3158),#44,.F.);
#3437=ADVANCED_FACE('',(#3159),#404,.F.);
#3438=ADVANCED_FACE('',(#3160,#3161),#45,.F.);
#3439=ADVANCED_FACE('',(#3162),#405,.F.);
#3440=ADVANCED_FACE('',(#3163),#46,.F.);
#3441=ADVANCED_FACE('',(#3164),#12,.T.);
#3442=ADVANCED_FACE('',(#3165),#3266,.F.);
#3443=ADVANCED_FACE('',(#3166),#3267,.T.);
#3444=ADVANCED_FACE('',(#3167),#13,.T.);
#3445=ADVANCED_FACE('',(#3168),#406,.T.);
#3446=ADVANCED_FACE('',(#3169),#20,.T.);
#3447=ADVANCED_FACE('',(#3170),#21,.T.);
#3448=ADVANCED_FACE('',(#3171),#407,.T.);
#3449=ADVANCED_FACE('',(#3172),#408,.T.);
#3450=ADVANCED_FACE('',(#3173),#22,.T.);
#3451=ADVANCED_FACE('',(#3174),#23,.T.);
#3452=ADVANCED_FACE('',(#3175),#409,.T.);
#3453=ADVANCED_FACE('',(#3176),#410,.T.);
#3454=ADVANCED_FACE('',(#3177),#3268,.T.);
#3455=ADVANCED_FACE('',(#3178),#411,.T.);
#3456=ADVANCED_FACE('',(#3179),#3269,.F.);
#3457=ADVANCED_FACE('',(#3180,#3181),#3270,.T.);
#3458=ADVANCED_FACE('',(#3182,#3183),#3271,.F.);
#3459=ADVANCED_FACE('',(#3184),#47,.F.);
#3460=ADVANCED_FACE('',(#3185),#48,.F.);
#3461=ADVANCED_FACE('',(#3186),#49,.F.);
#3462=ADVANCED_FACE('',(#3187),#412,.T.);
#3463=ADVANCED_FACE('',(#3188),#413,.F.);
#3464=ADVANCED_FACE('',(#3189),#50,.F.);
#3465=ADVANCED_FACE('',(#3190),#414,.F.);
#3466=ADVANCED_FACE('',(#3191),#415,.T.);
#3467=ADVANCED_FACE('',(#3192),#51,.F.);
#3468=ADVANCED_FACE('',(#3193),#52,.F.);
#3469=ADVANCED_FACE('',(#3194),#53,.F.);
#3470=ADVANCED_FACE('',(#3195),#54,.F.);
#3471=ADVANCED_FACE('',(#3196),#55,.F.);
#3472=ADVANCED_FACE('',(#3197),#416,.F.);
#3473=ADVANCED_FACE('',(#3198),#417,.T.);
#3474=ADVANCED_FACE('',(#3199),#418,.T.);
#3475=ADVANCED_FACE('',(#3200),#419,.F.);
#3476=ADVANCED_FACE('',(#3201),#56,.F.);
#3477=ADVANCED_FACE('',(#3202),#57,.F.);
#3478=ADVANCED_FACE('',(#3203),#58,.F.);
#3479=CLOSED_SHELL('',(#3272,#3273,#3274,#3275,#3276,#3277,#3278,#3279,
#3280,#3281,#3282,#3283,#3284,#3285,#3286,#3287,#3288,#3289,#3290,#3291,
#3292,#3293,#3294,#3295,#3296,#3297,#3298,#3299,#3300,#3301,#3302,#3303,
#3304,#3305,#3306,#3307,#3308,#3309,#3310,#3311,#3312,#3313,#3314,#3315,
#3316,#3317,#3318,#3319,#3320,#3321,#3322,#3323,#3324,#3325,#3326,#3327,
#3328,#3329,#3330,#3331,#3332,#3333,#3334,#3335,#3336,#3337,#3338,#3339,
#3340,#3341,#3342,#3343,#3344,#3345,#3346,#3347,#3348,#3349,#3350,#3351,
#3352,#3353,#3354,#3355,#3356,#3357,#3358,#3359,#3360,#3361,#3362,#3363,
#3364,#3365,#3366,#3367,#3368,#3369,#3370,#3371,#3372,#3373,#3374,#3375,
#3376,#3377,#3378,#3379,#3380,#3381,#3382,#3383,#3384,#3385,#3386,#3387,
#3388,#3389,#3390,#3391,#3392,#3393,#3394,#3395,#3396,#3397,#3398,#3399,
#3400,#3401,#3402,#3403,#3404,#3405,#3406,#3407,#3408,#3409,#3410,#3411,
#3412,#3413,#3414,#3415,#3416,#3417,#3418,#3419,#3420,#3421,#3422,#3423,
#3424,#3425,#3426,#3427,#3428,#3429,#3430,#3431,#3432,#3433,#3434,#3435,
#3436,#3437,#3438,#3439,#3440,#3441,#3442,#3443,#3444,#3445,#3446,#3447,
#3448,#3449,#3450,#3451,#3452,#3453,#3454,#3455,#3456,#3457,#3458,#3459,
#3460,#3461,#3462,#3463,#3464,#3465,#3466,#3467,#3468,#3469,#3470,#3471,
#3472,#3473,#3474,#3475,#3476,#3477,#3478));
#3480=STYLED_ITEM('',(#3481),#3488);
#3481=PRESENTATION_STYLE_ASSIGNMENT((#3482));
#3482=SURFACE_STYLE_USAGE(.BOTH.,#3483);
#3483=SURFACE_SIDE_STYLE('',(#3484));
#3484=SURFACE_STYLE_FILL_AREA(#3485);
#3485=FILL_AREA_STYLE('',(#3486));
#3486=FILL_AREA_STYLE_COLOUR('',#3487);
#3487=COLOUR_RGB('',0.615686274509804,0.811764705882353,0.929411764705882);
#3488=MANIFOLD_SOLID_BREP('Part 1',#3479);
#3489=SHAPE_DEFINITION_REPRESENTATION(#6309,#3490);
#3490=SHAPE_REPRESENTATION('Part 1',(#3491),#6304);
#3491=AXIS2_PLACEMENT_3D('',#5003,#3916,#3917);
#3492=AXIS2_PLACEMENT_3D('',#5004,#3918,#3919);
#3493=AXIS2_PLACEMENT_3D('',#5013,#3924,#3925);
#3494=AXIS2_PLACEMENT_3D('',#5022,#3930,#3931);
#3495=AXIS2_PLACEMENT_3D('',#5023,#3932,#3933);
#3496=AXIS2_PLACEMENT_3D('',#5028,#3935,#3936);
#3497=AXIS2_PLACEMENT_3D('',#5031,#3938,#3939);
#3498=AXIS2_PLACEMENT_3D('',#5032,#3940,#3941);
#3499=AXIS2_PLACEMENT_3D('',#5037,#3943,#3944);
#3500=AXIS2_PLACEMENT_3D('',#5040,#3946,#3947);
#3501=AXIS2_PLACEMENT_3D('',#5044,#3949,#3950);
#3502=AXIS2_PLACEMENT_3D('',#5045,#3951,#3952);
#3503=AXIS2_PLACEMENT_3D('',#5046,#3953,#3954);
#3504=AXIS2_PLACEMENT_3D('',#5047,#3955,#3956);
#3505=AXIS2_PLACEMENT_3D('',#5051,#3958,#3959);
#3506=AXIS2_PLACEMENT_3D('',#5052,#3960,#3961);
#3507=AXIS2_PLACEMENT_3D('',#5056,#3963,#3964);
#3508=AXIS2_PLACEMENT_3D('',#5057,#3965,#3966);
#3509=AXIS2_PLACEMENT_3D('',#5058,#3967,#3968);
#3510=AXIS2_PLACEMENT_3D('',#5059,#3969,#3970);
#3511=AXIS2_PLACEMENT_3D('',#5063,#3972,#3973);
#3512=AXIS2_PLACEMENT_3D('',#5064,#3974,#3975);
#3513=AXIS2_PLACEMENT_3D('',#5068,#3977,#3978);
#3514=AXIS2_PLACEMENT_3D('',#5072,#3980,#3981);
#3515=AXIS2_PLACEMENT_3D('',#5073,#3982,#3983);
#3516=AXIS2_PLACEMENT_3D('',#5077,#3985,#3986);
#3517=AXIS2_PLACEMENT_3D('',#5081,#3988,#3989);
#3518=AXIS2_PLACEMENT_3D('',#5085,#3991,#3992);
#3519=AXIS2_PLACEMENT_3D('',#5089,#3994,#3995);
#3520=AXIS2_PLACEMENT_3D('',#5093,#3997,#3998);
#3521=AXIS2_PLACEMENT_3D('',#5097,#4000,#4001);
#3522=AXIS2_PLACEMENT_3D('',#5101,#4003,#4004);
#3523=AXIS2_PLACEMENT_3D('',#5105,#4006,#4007);
#3524=AXIS2_PLACEMENT_3D('',#5117,#4013,#4014);
#3525=AXIS2_PLACEMENT_3D('',#5121,#4016,#4017);
#3526=AXIS2_PLACEMENT_3D('',#5125,#4019,#4020);
#3527=AXIS2_PLACEMENT_3D('',#5129,#4022,#4023);
#3528=AXIS2_PLACEMENT_3D('',#5130,#4024,#4025);
#3529=AXIS2_PLACEMENT_3D('',#5134,#4027,#4028);
#3530=AXIS2_PLACEMENT_3D('',#5138,#4030,#4031);
#3531=AXIS2_PLACEMENT_3D('',#5142,#4033,#4034);
#3532=AXIS2_PLACEMENT_3D('',#5146,#4036,#4037);
#3533=AXIS2_PLACEMENT_3D('',#5150,#4039,#4040);
#3534=AXIS2_PLACEMENT_3D('',#5158,#4044,#4045);
#3535=AXIS2_PLACEMENT_3D('',#5159,#4046,#4047);
#3536=AXIS2_PLACEMENT_3D('',#5162,#4049,#4050);
#3537=AXIS2_PLACEMENT_3D('',#5167,#4053,#4054);
#3538=AXIS2_PLACEMENT_3D('',#5171,#4056,#4057);
#3539=AXIS2_PLACEMENT_3D('',#5175,#4059,#4060);
#3540=AXIS2_PLACEMENT_3D('',#5181,#4063,#4064);
#3541=AXIS2_PLACEMENT_3D('',#5185,#4066,#4067);
#3542=AXIS2_PLACEMENT_3D('',#5189,#4069,#4070);
#3543=AXIS2_PLACEMENT_3D('',#5190,#4071,#4072);
#3544=AXIS2_PLACEMENT_3D('',#5195,#4075,#4076);
#3545=AXIS2_PLACEMENT_3D('',#5198,#4078,#4079);
#3546=AXIS2_PLACEMENT_3D('',#5199,#4080,#4081);
#3547=AXIS2_PLACEMENT_3D('',#5204,#4083,#4084);
#3548=AXIS2_PLACEMENT_3D('',#5208,#4086,#4087);
#3549=AXIS2_PLACEMENT_3D('',#5212,#4089,#4090);
#3550=AXIS2_PLACEMENT_3D('',#5217,#4094,#4095);
#3551=AXIS2_PLACEMENT_3D('',#5222,#4097,#4098);
#3552=AXIS2_PLACEMENT_3D('',#5226,#4100,#4101);
#3553=AXIS2_PLACEMENT_3D('',#5230,#4103,#4104);
#3554=AXIS2_PLACEMENT_3D('',#5233,#4106,#4107);
#3555=AXIS2_PLACEMENT_3D('',#5234,#4108,#4109);
#3556=AXIS2_PLACEMENT_3D('',#5248,#4115,#4116);
#3557=AXIS2_PLACEMENT_3D('',#5253,#4118,#4119);
#3558=AXIS2_PLACEMENT_3D('',#5257,#4121,#4122);
#3559=AXIS2_PLACEMENT_3D('',#5261,#4124,#4125);
#3560=AXIS2_PLACEMENT_3D('',#5282,#4131,#4132);
#3561=AXIS2_PLACEMENT_3D('',#5287,#4134,#4135);
#3562=AXIS2_PLACEMENT_3D('',#5291,#4137,#4138);
#3563=AXIS2_PLACEMENT_3D('',#5295,#4140,#4141);
#3564=AXIS2_PLACEMENT_3D('',#5298,#4143,#4144);
#3565=AXIS2_PLACEMENT_3D('',#5299,#4145,#4146);
#3566=AXIS2_PLACEMENT_3D('',#5301,#4147,#4148);
#3567=AXIS2_PLACEMENT_3D('',#5303,#4149,#4150);
#3568=AXIS2_PLACEMENT_3D('',#5311,#4155,#4156);
#3569=AXIS2_PLACEMENT_3D('',#5313,#4157,#4158);
#3570=AXIS2_PLACEMENT_3D('',#5315,#4159,#4160);
#3571=AXIS2_PLACEMENT_3D('',#5317,#4161,#4162);
#3572=AXIS2_PLACEMENT_3D('',#5321,#4164,#4165);
#3573=AXIS2_PLACEMENT_3D('',#5325,#4167,#4168);
#3574=AXIS2_PLACEMENT_3D('',#5326,#4169,#4170);
#3575=AXIS2_PLACEMENT_3D('',#5330,#4172,#4173);
#3576=AXIS2_PLACEMENT_3D('',#5331,#4174,#4175);
#3577=AXIS2_PLACEMENT_3D('',#5338,#4179,#4180);
#3578=AXIS2_PLACEMENT_3D('',#5339,#4181,#4182);
#3579=AXIS2_PLACEMENT_3D('',#5341,#4184,#4185);
#3580=AXIS2_PLACEMENT_3D('',#5345,#4187,#4188);
#3581=AXIS2_PLACEMENT_3D('',#5349,#4190,#4191);
#3582=AXIS2_PLACEMENT_3D('',#5350,#4192,#4193);
#3583=AXIS2_PLACEMENT_3D('',#5354,#4195,#4196);
#3584=AXIS2_PLACEMENT_3D('',#5358,#4198,#4199);
#3585=AXIS2_PLACEMENT_3D('',#5359,#4200,#4201);
#3586=AXIS2_PLACEMENT_3D('',#5362,#4203,#4204);
#3587=AXIS2_PLACEMENT_3D('',#5370,#4207,#4208);
#3588=AXIS2_PLACEMENT_3D('',#5373,#4210,#4211);
#3589=AXIS2_PLACEMENT_3D('',#5390,#4216,#4217);
#3590=AXIS2_PLACEMENT_3D('',#5391,#4218,#4219);
#3591=AXIS2_PLACEMENT_3D('',#5392,#4220,#4221);
#3592=AXIS2_PLACEMENT_3D('',#5393,#4222,#4223);
#3593=AXIS2_PLACEMENT_3D('',#5397,#4225,#4226);
#3594=AXIS2_PLACEMENT_3D('',#5398,#4227,#4228);
#3595=AXIS2_PLACEMENT_3D('',#5399,#4229,#4230);
#3596=AXIS2_PLACEMENT_3D('',#5403,#4233,#4234);
#3597=AXIS2_PLACEMENT_3D('',#5404,#4235,#4236);
#3598=AXIS2_PLACEMENT_3D('',#5409,#4239,#4240);
#3599=AXIS2_PLACEMENT_3D('',#5410,#4241,#4242);
#3600=AXIS2_PLACEMENT_3D('',#5413,#4245,#4246);
#3601=AXIS2_PLACEMENT_3D('',#5417,#4249,#4250);
#3602=AXIS2_PLACEMENT_3D('',#5421,#4253,#4254);
#3603=AXIS2_PLACEMENT_3D('',#5422,#4255,#4256);
#3604=AXIS2_PLACEMENT_3D('',#5424,#4257,#4258);
#3605=AXIS2_PLACEMENT_3D('',#5425,#4259,#4260);
#3606=AXIS2_PLACEMENT_3D('',#5426,#4261,#4262);
#3607=AXIS2_PLACEMENT_3D('',#5428,#4263,#4264);
#3608=AXIS2_PLACEMENT_3D('',#5429,#4265,#4266);
#3609=AXIS2_PLACEMENT_3D('',#5430,#4267,#4268);
#3610=AXIS2_PLACEMENT_3D('',#5432,#4269,#4270);
#3611=AXIS2_PLACEMENT_3D('',#5433,#4271,#4272);
#3612=AXIS2_PLACEMENT_3D('',#5434,#4273,#4274);
#3613=AXIS2_PLACEMENT_3D('',#5436,#4275,#4276);
#3614=AXIS2_PLACEMENT_3D('',#5437,#4277,#4278);
#3615=AXIS2_PLACEMENT_3D('',#5438,#4279,#4280);
#3616=AXIS2_PLACEMENT_3D('',#5440,#4281,#4282);
#3617=AXIS2_PLACEMENT_3D('',#5441,#4283,#4284);
#3618=AXIS2_PLACEMENT_3D('',#5442,#4285,#4286);
#3619=AXIS2_PLACEMENT_3D('',#5444,#4287,#4288);
#3620=AXIS2_PLACEMENT_3D('',#5445,#4289,#4290);
#3621=AXIS2_PLACEMENT_3D('',#5454,#4295,#4296);
#3622=AXIS2_PLACEMENT_3D('',#5463,#4301,#4302);
#3623=AXIS2_PLACEMENT_3D('',#5472,#4307,#4308);
#3624=AXIS2_PLACEMENT_3D('',#5481,#4313,#4314);
#3625=AXIS2_PLACEMENT_3D('',#5490,#4319,#4320);
#3626=AXIS2_PLACEMENT_3D('',#5499,#4325,#4326);
#3627=AXIS2_PLACEMENT_3D('',#5508,#4331,#4332);
#3628=AXIS2_PLACEMENT_3D('',#5517,#4337,#4338);
#3629=AXIS2_PLACEMENT_3D('',#5518,#4339,#4340);
#3630=AXIS2_PLACEMENT_3D('',#5519,#4341,#4342);
#3631=AXIS2_PLACEMENT_3D('',#5520,#4343,#4344);
#3632=AXIS2_PLACEMENT_3D('',#5521,#4345,#4346);
#3633=AXIS2_PLACEMENT_3D('',#5522,#4347,#4348);
#3634=AXIS2_PLACEMENT_3D('',#5523,#4349,#4350);
#3635=AXIS2_PLACEMENT_3D('',#5524,#4351,#4352);
#3636=AXIS2_PLACEMENT_3D('',#5525,#4353,#4354);
#3637=AXIS2_PLACEMENT_3D('',#5526,#4355,#4356);
#3638=AXIS2_PLACEMENT_3D('',#5527,#4357,#4358);
#3639=AXIS2_PLACEMENT_3D('',#5528,#4359,#4360);
#3640=AXIS2_PLACEMENT_3D('',#5529,#4361,#4362);
#3641=AXIS2_PLACEMENT_3D('',#5530,#4363,#4364);
#3642=AXIS2_PLACEMENT_3D('',#5531,#4365,#4366);
#3643=AXIS2_PLACEMENT_3D('',#5532,#4367,#4368);
#3644=AXIS2_PLACEMENT_3D('',#5533,#4369,#4370);
#3645=AXIS2_PLACEMENT_3D('',#5534,#4371,#4372);
#3646=AXIS2_PLACEMENT_3D('',#5535,#4373,#4374);
#3647=AXIS2_PLACEMENT_3D('',#5536,#4375,#4376);
#3648=AXIS2_PLACEMENT_3D('',#5537,#4377,#4378);
#3649=AXIS2_PLACEMENT_3D('',#5538,#4379,#4380);
#3650=AXIS2_PLACEMENT_3D('',#5539,#4381,#4382);
#3651=AXIS2_PLACEMENT_3D('',#5540,#4383,#4384);
#3652=AXIS2_PLACEMENT_3D('',#5541,#4385,#4386);
#3653=AXIS2_PLACEMENT_3D('',#5542,#4387,#4388);
#3654=AXIS2_PLACEMENT_3D('',#5543,#4389,#4390);
#3655=AXIS2_PLACEMENT_3D('',#5544,#4391,#4392);
#3656=AXIS2_PLACEMENT_3D('',#5545,#4393,#4394);
#3657=AXIS2_PLACEMENT_3D('',#5546,#4395,#4396);
#3658=AXIS2_PLACEMENT_3D('',#5547,#4397,#4398);
#3659=AXIS2_PLACEMENT_3D('',#5548,#4399,#4400);
#3660=AXIS2_PLACEMENT_3D('',#5549,#4401,#4402);
#3661=AXIS2_PLACEMENT_3D('',#5550,#4403,#4404);
#3662=AXIS2_PLACEMENT_3D('',#5551,#4405,#4406);
#3663=AXIS2_PLACEMENT_3D('',#5552,#4407,#4408);
#3664=AXIS2_PLACEMENT_3D('',#5553,#4409,#4410);
#3665=AXIS2_PLACEMENT_3D('',#5554,#4411,#4412);
#3666=AXIS2_PLACEMENT_3D('',#5555,#4413,#4414);
#3667=AXIS2_PLACEMENT_3D('',#5556,#4415,#4416);
#3668=AXIS2_PLACEMENT_3D('',#5557,#4417,#4418);
#3669=AXIS2_PLACEMENT_3D('',#5558,#4419,#4420);
#3670=AXIS2_PLACEMENT_3D('',#5559,#4421,#4422);
#3671=AXIS2_PLACEMENT_3D('',#5560,#4423,#4424);
#3672=AXIS2_PLACEMENT_3D('',#5561,#4425,#4426);
#3673=AXIS2_PLACEMENT_3D('',#5562,#4427,#4428);
#3674=AXIS2_PLACEMENT_3D('',#5563,#4429,#4430);
#3675=AXIS2_PLACEMENT_3D('',#5564,#4431,#4432);
#3676=AXIS2_PLACEMENT_3D('',#5565,#4433,#4434);
#3677=AXIS2_PLACEMENT_3D('',#5566,#4435,#4436);
#3678=AXIS2_PLACEMENT_3D('',#5567,#4437,#4438);
#3679=AXIS2_PLACEMENT_3D('',#5568,#4439,#4440);
#3680=AXIS2_PLACEMENT_3D('',#5569,#4441,#4442);
#3681=AXIS2_PLACEMENT_3D('',#5570,#4443,#4444);
#3682=AXIS2_PLACEMENT_3D('',#5571,#4445,#4446);
#3683=AXIS2_PLACEMENT_3D('',#5572,#4447,#4448);
#3684=AXIS2_PLACEMENT_3D('',#5573,#4449,#4450);
#3685=AXIS2_PLACEMENT_3D('',#5574,#4451,#4452);
#3686=AXIS2_PLACEMENT_3D('',#5575,#4453,#4454);
#3687=AXIS2_PLACEMENT_3D('',#5576,#4455,#4456);
#3688=AXIS2_PLACEMENT_3D('',#5577,#4457,#4458);
#3689=AXIS2_PLACEMENT_3D('',#5578,#4459,#4460);
#3690=AXIS2_PLACEMENT_3D('',#5579,#4461,#4462);
#3691=AXIS2_PLACEMENT_3D('',#5580,#4463,#4464);
#3692=AXIS2_PLACEMENT_3D('',#5581,#4465,#4466);
#3693=AXIS2_PLACEMENT_3D('',#5582,#4467,#4468);
#3694=AXIS2_PLACEMENT_3D('',#5583,#4469,#4470);
#3695=AXIS2_PLACEMENT_3D('',#5584,#4471,#4472);
#3696=AXIS2_PLACEMENT_3D('',#5585,#4473,#4474);
#3697=AXIS2_PLACEMENT_3D('',#5586,#4475,#4476);
#3698=AXIS2_PLACEMENT_3D('',#5587,#4477,#4478);
#3699=AXIS2_PLACEMENT_3D('',#5588,#4479,#4480);
#3700=AXIS2_PLACEMENT_3D('',#5589,#4481,#4482);
#3701=AXIS2_PLACEMENT_3D('',#5590,#4483,#4484);
#3702=AXIS2_PLACEMENT_3D('',#5591,#4485,#4486);
#3703=AXIS2_PLACEMENT_3D('',#5592,#4487,#4488);
#3704=AXIS2_PLACEMENT_3D('',#5593,#4489,#4490);
#3705=AXIS2_PLACEMENT_3D('',#5594,#4491,#4492);
#3706=AXIS2_PLACEMENT_3D('',#5595,#4493,#4494);
#3707=AXIS2_PLACEMENT_3D('',#5596,#4495,#4496);
#3708=AXIS2_PLACEMENT_3D('',#5597,#4497,#4498);
#3709=AXIS2_PLACEMENT_3D('',#5598,#4499,#4500);
#3710=AXIS2_PLACEMENT_3D('',#5599,#4501,#4502);
#3711=AXIS2_PLACEMENT_3D('',#5600,#4503,#4504);
#3712=AXIS2_PLACEMENT_3D('',#5601,#4505,#4506);
#3713=AXIS2_PLACEMENT_3D('',#5602,#4507,#4508);
#3714=AXIS2_PLACEMENT_3D('',#5603,#4509,#4510);
#3715=AXIS2_PLACEMENT_3D('',#5604,#4511,#4512);
#3716=AXIS2_PLACEMENT_3D('',#5605,#4513,#4514);
#3717=AXIS2_PLACEMENT_3D('',#5609,#4517,#4518);
#3718=AXIS2_PLACEMENT_3D('',#5613,#4521,#4522);
#3719=AXIS2_PLACEMENT_3D('',#5617,#4525,#4526);
#3720=AXIS2_PLACEMENT_3D('',#5621,#4529,#4530);
#3721=AXIS2_PLACEMENT_3D('',#5622,#4531,#4532);
#3722=AXIS2_PLACEMENT_3D('',#5623,#4533,#4534);
#3723=AXIS2_PLACEMENT_3D('',#5624,#4535,#4536);
#3724=AXIS2_PLACEMENT_3D('',#5625,#4537,#4538);
#3725=AXIS2_PLACEMENT_3D('',#5626,#4539,#4540);
#3726=AXIS2_PLACEMENT_3D('',#5627,#4541,#4542);
#3727=AXIS2_PLACEMENT_3D('',#5628,#4543,#4544);
#3728=AXIS2_PLACEMENT_3D('',#5629,#4545,#4546);
#3729=AXIS2_PLACEMENT_3D('',#5630,#4547,#4548);
#3730=AXIS2_PLACEMENT_3D('',#5631,#4549,#4550);
#3731=AXIS2_PLACEMENT_3D('',#5632,#4551,#4552);
#3732=AXIS2_PLACEMENT_3D('',#5633,#4553,#4554);
#3733=AXIS2_PLACEMENT_3D('',#5634,#4555,#4556);
#3734=AXIS2_PLACEMENT_3D('',#5650,#4557,#4558);
#3735=AXIS2_PLACEMENT_3D('',#5651,#4559,#4560);
#3736=AXIS2_PLACEMENT_3D('',#5667,#4561,#4562);
#3737=AXIS2_PLACEMENT_3D('',#5668,#4563,#4564);
#3738=AXIS2_PLACEMENT_3D('',#5669,#4565,#4566);
#3739=AXIS2_PLACEMENT_3D('',#5670,#4567,#4568);
#3740=AXIS2_PLACEMENT_3D('',#5671,#4569,#4570);
#3741=AXIS2_PLACEMENT_3D('',#5687,#4571,#4572);
#3742=AXIS2_PLACEMENT_3D('',#5688,#4573,#4574);
#3743=AXIS2_PLACEMENT_3D('',#5704,#4575,#4576);
#3744=AXIS2_PLACEMENT_3D('',#5705,#4577,#4578);
#3745=AXIS2_PLACEMENT_3D('',#5721,#4579,#4580);
#3746=AXIS2_PLACEMENT_3D('',#5722,#4581,#4582);
#3747=AXIS2_PLACEMENT_3D('',#5738,#4583,#4584);
#3748=AXIS2_PLACEMENT_3D('',#5744,#4588,#4589);
#3749=AXIS2_PLACEMENT_3D('',#5750,#4593,#4594);
#3750=AXIS2_PLACEMENT_3D('',#5756,#4598,#4599);
#3751=AXIS2_PLACEMENT_3D('',#5762,#4603,#4604);
#3752=AXIS2_PLACEMENT_3D('',#5768,#4608,#4609);
#3753=AXIS2_PLACEMENT_3D('',#5774,#4613,#4614);
#3754=AXIS2_PLACEMENT_3D('',#5780,#4618,#4619);
#3755=AXIS2_PLACEMENT_3D('',#5786,#4623,#4624);
#3756=AXIS2_PLACEMENT_3D('',#5792,#4628,#4629);
#3757=AXIS2_PLACEMENT_3D('',#5798,#4633,#4634);
#3758=AXIS2_PLACEMENT_3D('',#5804,#4638,#4639);
#3759=AXIS2_PLACEMENT_3D('',#5810,#4643,#4644);
#3760=AXIS2_PLACEMENT_3D('',#5811,#4645,#4646);
#3761=AXIS2_PLACEMENT_3D('',#5812,#4647,#4648);
#3762=AXIS2_PLACEMENT_3D('',#5813,#4649,#4650);
#3763=AXIS2_PLACEMENT_3D('',#5814,#4651,#4652);
#3764=AXIS2_PLACEMENT_3D('',#5815,#4653,#4654);
#3765=AXIS2_PLACEMENT_3D('',#5816,#4655,#4656);
#3766=AXIS2_PLACEMENT_3D('',#5817,#4657,#4658);
#3767=AXIS2_PLACEMENT_3D('',#5818,#4659,#4660);
#3768=AXIS2_PLACEMENT_3D('',#5819,#4661,#4662);
#3769=AXIS2_PLACEMENT_3D('',#5820,#4663,#4664);
#3770=AXIS2_PLACEMENT_3D('',#5821,#4665,#4666);
#3771=AXIS2_PLACEMENT_3D('',#5822,#4667,#4668);
#3772=AXIS2_PLACEMENT_3D('',#5823,#4669,#4670);
#3773=AXIS2_PLACEMENT_3D('',#5824,#4671,#4672);
#3774=AXIS2_PLACEMENT_3D('',#5825,#4673,#4674);
#3775=AXIS2_PLACEMENT_3D('',#5826,#4675,#4676);
#3776=AXIS2_PLACEMENT_3D('',#5827,#4677,#4678);
#3777=AXIS2_PLACEMENT_3D('',#5828,#4679,#4680);
#3778=AXIS2_PLACEMENT_3D('',#5829,#4681,#4682);
#3779=AXIS2_PLACEMENT_3D('',#5830,#4683,#4684);
#3780=AXIS2_PLACEMENT_3D('',#5831,#4685,#4686);
#3781=AXIS2_PLACEMENT_3D('',#5832,#4687,#4688);
#3782=AXIS2_PLACEMENT_3D('',#5833,#4689,#4690);
#3783=AXIS2_PLACEMENT_3D('',#5834,#4691,#4692);
#3784=AXIS2_PLACEMENT_3D('',#5835,#4693,#4694);
#3785=AXIS2_PLACEMENT_3D('',#5837,#4695,#4696);
#3786=AXIS2_PLACEMENT_3D('',#5839,#4697,#4698);
#3787=AXIS2_PLACEMENT_3D('',#5843,#4700,#4701);
#3788=AXIS2_PLACEMENT_3D('',#5847,#4703,#4704);
#3789=AXIS2_PLACEMENT_3D('',#5848,#4705,#4706);
#3790=AXIS2_PLACEMENT_3D('',#5852,#4708,#4709);
#3791=AXIS2_PLACEMENT_3D('',#5856,#4711,#4712);
#3792=AXIS2_PLACEMENT_3D('',#5860,#4714,#4715);
#3793=AXIS2_PLACEMENT_3D('',#5864,#4717,#4718);
#3794=AXIS2_PLACEMENT_3D('',#5868,#4720,#4721);
#3795=AXIS2_PLACEMENT_3D('',#5872,#4723,#4724);
#3796=AXIS2_PLACEMENT_3D('',#5873,#4725,#4726);
#3797=AXIS2_PLACEMENT_3D('',#5879,#4730,#4731);
#3798=AXIS2_PLACEMENT_3D('',#5883,#4733,#4734);
#3799=AXIS2_PLACEMENT_3D('',#5884,#4735,#4736);
#3800=AXIS2_PLACEMENT_3D('',#5885,#4737,#4738);
#3801=AXIS2_PLACEMENT_3D('',#5891,#4742,#4743);
#3802=AXIS2_PLACEMENT_3D('',#5895,#4745,#4746);
#3803=AXIS2_PLACEMENT_3D('',#5896,#4747,#4748);
#3804=AXIS2_PLACEMENT_3D('',#5897,#4749,#4750);
#3805=AXIS2_PLACEMENT_3D('',#5900,#4753,#4754);
#3806=AXIS2_PLACEMENT_3D('',#5906,#4758,#4759);
#3807=AXIS2_PLACEMENT_3D('',#5910,#4761,#4762);
#3808=AXIS2_PLACEMENT_3D('',#5911,#4763,#4764);
#3809=AXIS2_PLACEMENT_3D('',#5912,#4765,#4766);
#3810=AXIS2_PLACEMENT_3D('',#5918,#4770,#4771);
#3811=AXIS2_PLACEMENT_3D('',#5922,#4773,#4774);
#3812=AXIS2_PLACEMENT_3D('',#5923,#4775,#4776);
#3813=AXIS2_PLACEMENT_3D('',#5924,#4777,#4778);
#3814=AXIS2_PLACEMENT_3D('',#5927,#4781,#4782);
#3815=AXIS2_PLACEMENT_3D('',#5928,#4783,#4784);
#3816=AXIS2_PLACEMENT_3D('',#5929,#4785,#4786);
#3817=AXIS2_PLACEMENT_3D('',#5946,#4788,#4789);
#3818=AXIS2_PLACEMENT_3D('',#5961,#4791,#4792);
#3819=AXIS2_PLACEMENT_3D('',#5962,#4793,#4794);
#3820=AXIS2_PLACEMENT_3D('',#5973,#4795,#4796);
#3821=AXIS2_PLACEMENT_3D('',#5979,#4797,#4798);
#3822=AXIS2_PLACEMENT_3D('',#5985,#4799,#4800);
#3823=AXIS2_PLACEMENT_3D('',#5996,#4801,#4802);
#3824=AXIS2_PLACEMENT_3D('',#6002,#4803,#4804);
#3825=AXIS2_PLACEMENT_3D('',#6012,#4805,#4806);
#3826=AXIS2_PLACEMENT_3D('',#6018,#4807,#4808);
#3827=AXIS2_PLACEMENT_3D('',#6019,#4809,#4810);
#3828=AXIS2_PLACEMENT_3D('',#6024,#4811,#4812);
#3829=AXIS2_PLACEMENT_3D('',#6030,#4813,#4814);
#3830=AXIS2_PLACEMENT_3D('',#6040,#4815,#4816);
#3831=AXIS2_PLACEMENT_3D('',#6046,#4817,#4818);
#3832=AXIS2_PLACEMENT_3D('',#6047,#4819,#4820);
#3833=AXIS2_PLACEMENT_3D('',#6052,#4821,#4822);
#3834=AXIS2_PLACEMENT_3D('',#6053,#4823,#4824);
#3835=AXIS2_PLACEMENT_3D('',#6072,#4825,#4826);
#3836=AXIS2_PLACEMENT_3D('',#6078,#4827,#4828);
#3837=AXIS2_PLACEMENT_3D('',#6079,#4829,#4830);
#3838=AXIS2_PLACEMENT_3D('',#6085,#4831,#4832);
#3839=AXIS2_PLACEMENT_3D('',#6091,#4833,#4834);
#3840=AXIS2_PLACEMENT_3D('',#6092,#4835,#4836);
#3841=AXIS2_PLACEMENT_3D('',#6098,#4837,#4838);
#3842=AXIS2_PLACEMENT_3D('',#6117,#4839,#4840);
#3843=AXIS2_PLACEMENT_3D('',#6118,#4841,#4842);
#3844=AXIS2_PLACEMENT_3D('',#6151,#4843,#4844);
#3845=AXIS2_PLACEMENT_3D('',#6152,#4845,#4846);
#3846=AXIS2_PLACEMENT_3D('',#6153,#4847,#4848);
#3847=AXIS2_PLACEMENT_3D('',#6154,#4849,#4850);
#3848=AXIS2_PLACEMENT_3D('',#6187,#4851,#4852);
#3849=AXIS2_PLACEMENT_3D('',#6188,#4853,#4854);
#3850=AXIS2_PLACEMENT_3D('',#6189,#4855,#4856);
#3851=AXIS2_PLACEMENT_3D('',#6190,#4857,#4858);
#3852=AXIS2_PLACEMENT_3D('',#6195,#4860,#4861);
#3853=AXIS2_PLACEMENT_3D('',#6198,#4863,#4864);
#3854=AXIS2_PLACEMENT_3D('',#6207,#4869,#4870);
#3855=AXIS2_PLACEMENT_3D('',#6208,#4871,#4872);
#3856=AXIS2_PLACEMENT_3D('',#6213,#4874,#4875);
#3857=AXIS2_PLACEMENT_3D('',#6216,#4877,#4878);
#3858=AXIS2_PLACEMENT_3D('',#6225,#4883,#4884);
#3859=AXIS2_PLACEMENT_3D('',#6226,#4885,#4886);
#3860=AXIS2_PLACEMENT_3D('',#6229,#4887,#4888);
#3861=AXIS2_PLACEMENT_3D('',#6231,#4889,#4890);
#3862=AXIS2_PLACEMENT_3D('',#6235,#4892,#4893);
#3863=AXIS2_PLACEMENT_3D('',#6237,#4894,#4895);
#3864=AXIS2_PLACEMENT_3D('',#6239,#4896,#4897);
#3865=AXIS2_PLACEMENT_3D('',#6242,#4899,#4900);
#3866=AXIS2_PLACEMENT_3D('',#6243,#4901,#4902);
#3867=AXIS2_PLACEMENT_3D('',#6248,#4904,#4905);
#3868=AXIS2_PLACEMENT_3D('',#6250,#4906,#4907);
#3869=AXIS2_PLACEMENT_3D('',#6252,#4908,#4909);
#3870=AXIS2_PLACEMENT_3D('',#6256,#4911,#4912);
#3871=AXIS2_PLACEMENT_3D('',#6258,#4913,#4914);
#3872=AXIS2_PLACEMENT_3D('',#6259,#4915,#4916);
#3873=AXIS2_PLACEMENT_3D('',#6260,#4917,#4918);
#3874=AXIS2_PLACEMENT_3D('',#6261,#4919,#4920);
#3875=AXIS2_PLACEMENT_3D('',#6262,#4921,#4922);
#3876=AXIS2_PLACEMENT_3D('',#6263,#4923,#4924);
#3877=AXIS2_PLACEMENT_3D('',#6264,#4925,#4926);
#3878=AXIS2_PLACEMENT_3D('',#6265,#4927,#4928);
#3879=AXIS2_PLACEMENT_3D('',#6266,#4929,#4930);
#3880=AXIS2_PLACEMENT_3D('',#6267,#4931,#4932);
#3881=AXIS2_PLACEMENT_3D('',#6268,#4933,#4934);
#3882=AXIS2_PLACEMENT_3D('',#6269,#4935,#4936);
#3883=AXIS2_PLACEMENT_3D('',#6270,#4937,#4938);
#3884=AXIS2_PLACEMENT_3D('',#6271,#4939,#4940);
#3885=AXIS2_PLACEMENT_3D('',#6272,#4941,#4942);
#3886=AXIS2_PLACEMENT_3D('',#6273,#4943,#4944);
#3887=AXIS2_PLACEMENT_3D('',#6274,#4945,#4946);
#3888=AXIS2_PLACEMENT_3D('',#6275,#4947,#4948);
#3889=AXIS2_PLACEMENT_3D('',#6276,#4949,#4950);
#3890=AXIS2_PLACEMENT_3D('',#6277,#4951,#4952);
#3891=AXIS2_PLACEMENT_3D('',#6278,#4953,#4954);
#3892=AXIS2_PLACEMENT_3D('',#6279,#4955,#4956);
#3893=AXIS2_PLACEMENT_3D('',#6280,#4957,#4958);
#3894=AXIS2_PLACEMENT_3D('',#6281,#4959,#4960);
#3895=AXIS2_PLACEMENT_3D('',#6282,#4961,#4962);
#3896=AXIS2_PLACEMENT_3D('',#6283,#4963,#4964);
#3897=AXIS2_PLACEMENT_3D('',#6284,#4965,#4966);
#3898=AXIS2_PLACEMENT_3D('',#6285,#4967,#4968);
#3899=AXIS2_PLACEMENT_3D('',#6286,#4969,#4970);
#3900=AXIS2_PLACEMENT_3D('',#6287,#4971,#4972);
#3901=AXIS2_PLACEMENT_3D('',#6288,#4973,#4974);
#3902=AXIS2_PLACEMENT_3D('',#6289,#4975,#4976);
#3903=AXIS2_PLACEMENT_3D('',#6290,#4977,#4978);
#3904=AXIS2_PLACEMENT_3D('',#6291,#4979,#4980);
#3905=AXIS2_PLACEMENT_3D('',#6292,#4981,#4982);
#3906=AXIS2_PLACEMENT_3D('',#6293,#4983,#4984);
#3907=AXIS2_PLACEMENT_3D('',#6294,#4985,#4986);
#3908=AXIS2_PLACEMENT_3D('',#6295,#4987,#4988);
#3909=AXIS2_PLACEMENT_3D('',#6296,#4989,#4990);
#3910=AXIS2_PLACEMENT_3D('',#6297,#4991,#4992);
#3911=AXIS2_PLACEMENT_3D('',#6298,#4993,#4994);
#3912=AXIS2_PLACEMENT_3D('',#6299,#4995,#4996);
#3913=AXIS2_PLACEMENT_3D('',#6300,#4997,#4998);
#3914=AXIS2_PLACEMENT_3D('',#6301,#4999,#5000);
#3915=AXIS2_PLACEMENT_3D('',#6302,#5001,#5002);
#3916=DIRECTION('',(0.,0.,1.));
#3917=DIRECTION('',(1.,0.,0.));
#3918=DIRECTION('',(0.,1.,0.));
#3919=DIRECTION('',(0.,0.,1.));
#3920=DIRECTION('',(1.,0.,0.));
#3921=DIRECTION('',(0.,0.,-1.));
#3922=DIRECTION('',(1.,0.,0.));
#3923=DIRECTION('',(0.,0.,-1.));
#3924=DIRECTION('',(0.,1.,0.));
#3925=DIRECTION('',(0.,0.,1.));
#3926=DIRECTION('',(0.,0.,1.));
#3927=DIRECTION('',(1.,-8.21170876202039E-17,0.));
#3928=DIRECTION('',(0.,0.,1.));
#3929=DIRECTION('',(-1.,0.,0.));
#3930=DIRECTION('',(0.,0.,-1.));
#3931=DIRECTION('',(-1.,0.,0.));
#3932=DIRECTION('',(0.,0.,-1.));
#3933=DIRECTION('',(-1.,0.,0.));
#3934=DIRECTION('',(0.,0.,-1.));
#3935=DIRECTION('',(0.,0.,1.));
#3936=DIRECTION('',(1.,0.,0.));
#3937=DIRECTION('',(0.,0.,-1.));
#3938=DIRECTION('',(0.,0.,-1.));
#3939=DIRECTION('',(-1.,0.,0.));
#3940=DIRECTION('',(0.,0.,-1.));
#3941=DIRECTION('',(-1.,0.,0.));
#3942=DIRECTION('',(0.,0.,-1.));
#3943=DIRECTION('',(0.,0.,1.));
#3944=DIRECTION('',(1.,0.,0.));
#3945=DIRECTION('',(0.,0.,-1.));
#3946=DIRECTION('',(0.,0.,-1.));
#3947=DIRECTION('',(-1.,0.,0.));
#3948=DIRECTION('',(0.,0.,-1.));
#3949=DIRECTION('',(0.,0.,-1.));
#3950=DIRECTION('',(-1.,0.,0.));
#3951=DIRECTION('',(0.,0.,1.));
#3952=DIRECTION('',(1.,0.,0.));
#3953=DIRECTION('',(0.,0.,-1.));
#3954=DIRECTION('',(-1.,0.,0.));
#3955=DIRECTION('',(0.,0.,-1.));
#3956=DIRECTION('',(-1.,0.,0.));
#3957=DIRECTION('',(0.,0.,-1.));
#3958=DIRECTION('',(0.,0.,1.));
#3959=DIRECTION('',(1.,0.,0.));
#3960=DIRECTION('',(0.,0.,-1.));
#3961=DIRECTION('',(-1.,0.,0.));
#3962=DIRECTION('',(0.,0.,1.));
#3963=DIRECTION('',(0.,0.,-1.));
#3964=DIRECTION('',(-1.,0.,0.));
#3965=DIRECTION('',(0.,0.,1.));
#3966=DIRECTION('',(1.,0.,0.));
#3967=DIRECTION('',(0.,0.,-1.));
#3968=DIRECTION('',(-1.,0.,0.));
#3969=DIRECTION('',(0.,0.,-1.));
#3970=DIRECTION('',(-1.,0.,0.));
#3971=DIRECTION('',(0.,0.,1.));
#3972=DIRECTION('',(0.,0.,1.));
#3973=DIRECTION('',(1.,0.,0.));
#3974=DIRECTION('',(0.,0.,1.));
#3975=DIRECTION('',(1.,0.,0.));
#3976=DIRECTION('',(0.,0.,-1.));
#3977=DIRECTION('',(0.,0.,1.));
#3978=DIRECTION('',(1.,0.,0.));
#3979=DIRECTION('',(0.,0.,-1.));
#3980=DIRECTION('',(0.,0.,1.));
#3981=DIRECTION('',(1.,0.,0.));
#3982=DIRECTION('',(0.,0.,1.));
#3983=DIRECTION('',(1.,0.,0.));
#3984=DIRECTION('',(-0.607910756157679,0.794005360528377,0.));
#3985=DIRECTION('',(0.,0.,1.));
#3986=DIRECTION('',(1.,0.,0.));
#3987=DIRECTION('',(0.794005360528377,0.607910756157679,0.));
#3988=DIRECTION('',(0.,0.,1.));
#3989=DIRECTION('',(1.,0.,0.));
#3990=DIRECTION('',(0.607910756157679,-0.794005360528378,0.));
#3991=DIRECTION('',(0.,0.,1.));
#3992=DIRECTION('',(1.,0.,0.));
#3993=DIRECTION('',(-0.794005360528378,-0.607910756157679,0.));
#3994=DIRECTION('',(0.,0.,1.));
#3995=DIRECTION('',(1.,0.,0.));
#3996=DIRECTION('',(-0.131588756692748,-0.991304392763422,0.));
#3997=DIRECTION('',(0.,0.,1.));
#3998=DIRECTION('',(1.,0.,0.));
#3999=DIRECTION('',(-0.794005360528378,-0.607910756157679,0.));
#4000=DIRECTION('',(0.,0.,1.));
#4001=DIRECTION('',(1.,0.,0.));
#4002=DIRECTION('',(-0.991304392763422,0.131588756692748,0.));
#4003=DIRECTION('',(0.,0.,1.));
#4004=DIRECTION('',(1.,0.,0.));
#4005=DIRECTION('',(0.794005360528377,0.607910756157679,0.));
#4006=DIRECTION('',(0.,0.,1.));
#4007=DIRECTION('',(1.,0.,0.));
#4008=DIRECTION('',(-1.,0.,0.));
#4009=DIRECTION('',(0.,1.,0.));
#4010=DIRECTION('',(-1.,0.,0.));
#4011=DIRECTION('',(3.89278760387502E-16,-1.,0.));
#4012=DIRECTION('',(0.794005360528378,0.607910756157679,0.));
#4013=DIRECTION('',(0.,0.,1.));
#4014=DIRECTION('',(1.,0.,0.));
#4015=DIRECTION('',(-0.131588756692749,-0.991304392763422,0.));
#4016=DIRECTION('',(0.,0.,1.));
#4017=DIRECTION('',(1.,0.,0.));
#4018=DIRECTION('',(-0.794005360528378,-0.607910756157679,0.));
#4019=DIRECTION('',(0.,0.,1.));
#4020=DIRECTION('',(1.,0.,0.));
#4021=DIRECTION('',(-0.991304392763422,0.13158875669275,0.));
#4022=DIRECTION('',(0.,0.,1.));
#4023=DIRECTION('',(1.,0.,0.));
#4024=DIRECTION('',(0.,0.,1.));
#4025=DIRECTION('',(1.,0.,0.));
#4026=DIRECTION('',(0.,-1.,0.));
#4027=DIRECTION('',(0.,0.,1.));
#4028=DIRECTION('',(0.,-1.,0.));
#4029=DIRECTION('',(1.,0.,0.));
#4030=DIRECTION('',(0.,0.,1.));
#4031=DIRECTION('',(-0.707106781186548,-0.707106781186547,0.));
#4032=DIRECTION('',(0.,-1.,0.));
#4033=DIRECTION('',(0.,0.,1.));
#4034=DIRECTION('',(-0.707106781186548,0.707106781186548,0.));
#4035=DIRECTION('',(1.,0.,0.));
#4036=DIRECTION('',(0.,0.,1.));
#4037=DIRECTION('',(0.,1.,0.));
#4038=DIRECTION('',(0.,-1.,0.));
#4039=DIRECTION('',(0.,0.,1.));
#4040=DIRECTION('',(1.,0.,0.));
#4041=DIRECTION('',(1.,0.,0.));
#4042=DIRECTION('',(0.,-1.,0.));
#4043=DIRECTION('',(1.,0.,0.));
#4044=DIRECTION('',(0.,0.,1.));
#4045=DIRECTION('',(1.,0.,0.));
#4046=DIRECTION('',(0.,0.832050294337844,0.554700196225229));
#4047=DIRECTION('',(1.,0.,0.));
#4048=DIRECTION('',(0.,0.554700196225229,-0.832050294337844));
#4049=DIRECTION('',(0.,0.832050294337844,0.554700196225229));
#4050=DIRECTION('',(0.,-0.554700196225229,0.832050294337844));
#4051=DIRECTION('',(1.,0.,0.));
#4052=DIRECTION('',(-0.485071250072666,-0.485071250072666,0.727606875108999));
#4053=DIRECTION('',(0.,0.,1.));
#4054=DIRECTION('',(1.,0.,0.));
#4055=DIRECTION('',(1.,0.,0.));
#4056=DIRECTION('',(0.,0.,1.));
#4057=DIRECTION('',(-5.10928373008597E-16,1.,0.));
#4058=DIRECTION('',(5.10928373008597E-16,-1.,0.));
#4059=DIRECTION('',(0.,0.,1.));
#4060=DIRECTION('',(1.,0.,0.));
#4061=DIRECTION('',(1.,0.,0.));
#4062=DIRECTION('',(-3.89278760387502E-16,1.,0.));
#4063=DIRECTION('',(0.,0.,1.));
#4064=DIRECTION('',(1.,0.,0.));
#4065=DIRECTION('',(1.,0.,0.));
#4066=DIRECTION('',(0.,0.,1.));
#4067=DIRECTION('',(-1.,0.,0.));
#4068=DIRECTION('',(0.,-1.,0.));
#4069=DIRECTION('',(0.,0.,1.));
#4070=DIRECTION('',(-0.707106781186548,0.707106781186547,0.));
#4071=DIRECTION('',(0.,0.832050294337844,-0.554700196225229));
#4072=DIRECTION('',(-1.,0.,0.));
#4073=DIRECTION('',(0.485071250072666,-0.485071250072666,-0.727606875108999));
#4074=DIRECTION('',(1.,0.,0.));
#4075=DIRECTION('',(0.,0.832050294337844,-0.554700196225229));
#4076=DIRECTION('',(0.,-0.554700196225229,-0.832050294337844));
#4077=DIRECTION('',(0.,0.554700196225229,0.832050294337844));
#4078=DIRECTION('',(0.,1.,0.));
#4079=DIRECTION('',(0.,0.,1.));
#4080=DIRECTION('',(0.,1.,0.));
#4081=DIRECTION('',(0.,0.,1.));
#4082=DIRECTION('',(1.,0.,-1.92747052886312E-16));
#4083=DIRECTION('',(0.,1.,0.));
#4084=DIRECTION('',(0.,0.,1.));
#4085=DIRECTION('',(0.,0.,1.));
#4086=DIRECTION('',(0.,1.,0.));
#4087=DIRECTION('',(0.,0.,1.));
#4088=DIRECTION('',(1.,0.,-1.92747052886312E-16));
#4089=DIRECTION('',(0.,1.,0.));
#4090=DIRECTION('',(0.,0.,1.));
#4091=DIRECTION('',(0.,0.,1.));
#4092=DIRECTION('',(1.,0.,0.));
#4093=DIRECTION('',(1.,0.,0.));
#4094=DIRECTION('',(0.,1.,0.));
#4095=DIRECTION('',(0.,0.,1.));
#4096=DIRECTION('',(0.,0.,1.));
#4097=DIRECTION('',(0.,1.,0.));
#4098=DIRECTION('',(0.,0.,1.));
#4099=DIRECTION('',(1.,0.,-1.26070020056454E-16));
#4100=DIRECTION('',(0.,1.,0.));
#4101=DIRECTION('',(0.,0.,1.));
#4102=DIRECTION('',(0.,0.,1.));
#4103=DIRECTION('',(0.,1.,0.));
#4104=DIRECTION('',(0.,0.,1.));
#4105=DIRECTION('',(1.,0.,-1.26070020056454E-16));
#4106=DIRECTION('',(0.,1.,0.));
#4107=DIRECTION('',(0.,0.,1.));
#4108=DIRECTION('',(0.,1.,0.));
#4109=DIRECTION('',(-0.554700196225229,0.,0.832050294337844));
#4110=DIRECTION('',(0.,0.,-1.));
#4111=DIRECTION('',(0.,0.,-1.));
#4112=DIRECTION('',(1.,0.,0.));
#4113=DIRECTION('',(0.,0.,-1.));
#4114=DIRECTION('',(0.,0.,1.));
#4115=DIRECTION('',(0.,1.,0.));
#4116=DIRECTION('',(0.,0.,1.));
#4117=DIRECTION('',(1.,0.,-1.92747052886312E-16));
#4118=DIRECTION('',(0.,1.,0.));
#4119=DIRECTION('',(0.,0.,1.));
#4120=DIRECTION('',(0.,0.,1.));
#4121=DIRECTION('',(0.,1.,0.));
#4122=DIRECTION('',(0.,0.,1.));
#4123=DIRECTION('',(1.,0.,-1.92747052886312E-16));
#4124=DIRECTION('',(0.,1.,0.));
#4125=DIRECTION('',(0.,0.,1.));
#4126=DIRECTION('',(0.,0.,1.));
#4127=DIRECTION('',(1.,0.,0.));
#4128=DIRECTION('',(0.,0.,1.));
#4129=DIRECTION('',(1.,0.,0.));
#4130=DIRECTION('',(0.,0.,1.));
#4131=DIRECTION('',(0.,1.,0.));
#4132=DIRECTION('',(0.,0.,1.));
#4133=DIRECTION('',(0.,0.,1.));
#4134=DIRECTION('',(0.,1.,0.));
#4135=DIRECTION('',(0.,0.,1.));
#4136=DIRECTION('',(1.,0.,-1.26070020056454E-16));
#4137=DIRECTION('',(0.,1.,0.));
#4138=DIRECTION('',(0.,0.,1.));
#4139=DIRECTION('',(0.,0.,1.));
#4140=DIRECTION('',(0.,1.,0.));
#4141=DIRECTION('',(0.,0.,1.));
#4142=DIRECTION('',(1.,0.,-1.26070020056454E-16));
#4143=DIRECTION('',(0.,0.,1.));
#4144=DIRECTION('',(1.,0.,0.));
#4145=DIRECTION('',(0.,0.,1.));
#4146=DIRECTION('',(1.,0.,0.));
#4147=DIRECTION('',(0.,0.,1.));
#4148=DIRECTION('',(1.,0.,0.));
#4149=DIRECTION('',(0.,0.,-1.));
#4150=DIRECTION('',(1.,0.,0.));
#4151=DIRECTION('',(-3.89278760387502E-16,1.,0.));
#4152=DIRECTION('',(1.,0.,0.));
#4153=DIRECTION('',(0.,-1.,0.));
#4154=DIRECTION('',(1.,0.,0.));
#4155=DIRECTION('',(0.,0.,1.));
#4156=DIRECTION('',(1.,0.,0.));
#4157=DIRECTION('',(0.,0.,-1.));
#4158=DIRECTION('',(1.,0.,0.));
#4159=DIRECTION('',(0.,0.,-1.));
#4160=DIRECTION('',(1.,0.,0.));
#4161=DIRECTION('',(0.,0.,1.));
#4162=DIRECTION('',(1.,0.,0.));
#4163=DIRECTION('',(1.,0.,0.));
#4164=DIRECTION('',(0.,0.,1.));
#4165=DIRECTION('',(0.,1.,0.));
#4166=DIRECTION('',(0.,1.,0.));
#4167=DIRECTION('',(0.,0.,1.));
#4168=DIRECTION('',(1.,0.,0.));
#4169=DIRECTION('',(0.,0.,1.));
#4170=DIRECTION('',(1.,0.,0.));
#4171=DIRECTION('',(5.10928373008597E-16,-1.,0.));
#4172=DIRECTION('',(0.,0.,1.));
#4173=DIRECTION('',(5.10928373008597E-16,-1.,0.));
#4174=DIRECTION('',(0.832050294337844,0.,-0.554700196225229));
#4175=DIRECTION('',(0.,1.,0.));
#4176=DIRECTION('',(-3.89278760387502E-16,1.,0.));
#4177=DIRECTION('',(0.485071250072666,-0.485071250072666,0.727606875108999));
#4178=DIRECTION('',(-0.554700196225229,0.,-0.832050294337844));
#4179=DIRECTION('',(0.832050294337844,0.,-0.554700196225229));
#4180=DIRECTION('',(0.554700196225229,0.,0.832050294337844));
#4181=DIRECTION('',(0.,1.,0.));
#4182=DIRECTION('',(0.,0.,1.));
#4183=DIRECTION('',(1.,-8.21170876202039E-17,0.));
#4184=DIRECTION('',(0.,0.,-1.));
#4185=DIRECTION('',(-1.,0.,0.));
#4186=DIRECTION('',(0.,0.,-1.));
#4187=DIRECTION('',(0.,0.,-1.));
#4188=DIRECTION('',(-1.,0.,0.));
#4189=DIRECTION('',(0.,0.,-1.));
#4190=DIRECTION('',(0.,0.,1.));
#4191=DIRECTION('',(1.,0.,0.));
#4192=DIRECTION('',(0.,0.,-1.));
#4193=DIRECTION('',(-1.,0.,0.));
#4194=DIRECTION('',(0.,0.,-1.));
#4195=DIRECTION('',(0.,0.,-1.));
#4196=DIRECTION('',(-1.,0.,0.));
#4197=DIRECTION('',(0.,0.,-1.));
#4198=DIRECTION('',(0.,0.,1.));
#4199=DIRECTION('',(1.,0.,0.));
#4200=DIRECTION('',(-1.,-3.89278760387502E-16,0.));
#4201=DIRECTION('',(3.89278760387502E-16,-1.,0.));
#4202=DIRECTION('',(0.,0.,-1.));
#4203=DIRECTION('',(-1.,-3.89278760387502E-16,0.));
#4204=DIRECTION('',(-2.15933004773261E-16,0.554700196225229,-0.832050294337844));
#4205=DIRECTION('',(0.,0.,1.));
#4206=DIRECTION('',(0.,0.,-1.));
#4207=DIRECTION('',(0.,1.,0.));
#4208=DIRECTION('',(0.,0.,1.));
#4209=DIRECTION('',(0.,0.,-1.));
#4210=DIRECTION('',(0.,1.,0.));
#4211=DIRECTION('',(-0.554700196225229,0.,0.832050294337844));
#4212=DIRECTION('',(0.,0.,1.));
#4213=DIRECTION('',(0.,0.,-1.));
#4214=DIRECTION('',(0.,0.,1.));
#4215=DIRECTION('',(1.,0.,0.));
#4216=DIRECTION('',(0.,1.,0.));
#4217=DIRECTION('',(-0.554700196225229,0.,-0.832050294337844));
#4218=DIRECTION('',(1.,0.,0.));
#4219=DIRECTION('',(0.,0.,-1.));
#4220=DIRECTION('',(1.,0.,0.));
#4221=DIRECTION('',(0.,0.,-1.));
#4222=DIRECTION('',(1.,0.,0.));
#4223=DIRECTION('',(0.,0.554700196225229,0.832050294337844));
#4224=DIRECTION('',(0.,-1.,0.));
#4225=DIRECTION('',(1.,0.,0.));
#4226=DIRECTION('',(0.,-0.554700196225229,0.832050294337844));
#4227=DIRECTION('',(0.,0.832050294337844,0.554700196225229));
#4228=DIRECTION('',(1.,0.,0.));
#4229=DIRECTION('',(0.,0.832050294337844,0.554700196225229));
#4230=DIRECTION('',(0.,0.554700196225229,-0.832050294337844));
#4231=DIRECTION('',(-2.83412068764906E-16,0.554700196225229,-0.832050294337844));
#4232=DIRECTION('',(-0.485071250072666,0.485071250072666,-0.727606875108999));
#4233=DIRECTION('',(0.,0.832050294337844,-0.554700196225229));
#4234=DIRECTION('',(-1.,0.,0.));
#4235=DIRECTION('',(0.,0.832050294337844,-0.554700196225229));
#4236=DIRECTION('',(0.,0.554700196225229,0.832050294337844));
#4237=DIRECTION('',(0.,-0.554700196225229,-0.832050294337844));
#4238=DIRECTION('',(-2.83412068764906E-16,0.554700196225229,0.832050294337844));
#4239=DIRECTION('',(0.,0.832050294337844,-0.554700196225229));
#4240=DIRECTION('',(0.,0.554700196225229,0.832050294337844));
#4241=DIRECTION('',(0.832050294337844,0.,0.554700196225229));
#4242=DIRECTION('',(0.,-1.,0.));
#4243=DIRECTION('',(-0.485071250072666,0.485071250072666,0.727606875108999));
#4244=DIRECTION('',(-0.485071250072666,-0.485071250072666,0.727606875108999));
#4245=DIRECTION('',(0.,-1.,0.));
#4246=DIRECTION('',(0.,0.,-1.));
#4247=DIRECTION('',(0.,0.,1.));
#4248=DIRECTION('',(-0.554700196225229,0.,-0.832050294337844));
#4249=DIRECTION('',(1.,0.,0.));
#4250=DIRECTION('',(0.,0.,-1.));
#4251=DIRECTION('',(0.,-0.554700196225229,-0.832050294337844));
#4252=DIRECTION('',(0.,0.,1.));
#4253=DIRECTION('',(0.,0.,1.));
#4254=DIRECTION('',(1.,0.,0.));
#4255=DIRECTION('',(0.,0.,1.));
#4256=DIRECTION('',(1.,0.,0.));
#4257=DIRECTION('',(0.,0.,1.));
#4258=DIRECTION('',(1.,0.,0.));
#4259=DIRECTION('',(0.,0.,1.));
#4260=DIRECTION('',(1.,0.,0.));
#4261=DIRECTION('',(0.,0.,-1.));
#4262=DIRECTION('',(1.,0.,0.));
#4263=DIRECTION('',(0.,0.,1.));
#4264=DIRECTION('',(1.,0.,0.));
#4265=DIRECTION('',(0.,0.,1.));
#4266=DIRECTION('',(1.,0.,0.));
#4267=DIRECTION('',(0.,0.,-1.));
#4268=DIRECTION('',(1.,0.,0.));
#4269=DIRECTION('',(0.,0.,1.));
#4270=DIRECTION('',(1.,0.,0.));
#4271=DIRECTION('',(0.,0.,1.));
#4272=DIRECTION('',(1.,0.,0.));
#4273=DIRECTION('',(0.,0.,-1.));
#4274=DIRECTION('',(1.,0.,0.));
#4275=DIRECTION('',(0.,0.,1.));
#4276=DIRECTION('',(1.,0.,0.));
#4277=DIRECTION('',(0.,0.,1.));
#4278=DIRECTION('',(1.,0.,0.));
#4279=DIRECTION('',(0.,0.,1.));
#4280=DIRECTION('',(1.,0.,0.));
#4281=DIRECTION('',(0.,0.,1.));
#4282=DIRECTION('',(1.,0.,0.));
#4283=DIRECTION('',(0.,0.,1.));
#4284=DIRECTION('',(1.,0.,0.));
#4285=DIRECTION('',(0.,0.,1.));
#4286=DIRECTION('',(1.,0.,0.));
#4287=DIRECTION('',(0.,0.,1.));
#4288=DIRECTION('',(1.,0.,0.));
#4289=DIRECTION('',(1.92747052886312E-16,0.,1.));
#4290=DIRECTION('',(1.,0.,-1.92747052886312E-16));
#4291=DIRECTION('',(0.,1.,0.));
#4292=DIRECTION('',(1.,0.,-1.92747052886312E-16));
#4293=DIRECTION('',(0.,1.,0.));
#4294=DIRECTION('',(1.,0.,-1.92747052886312E-16));
#4295=DIRECTION('',(-1.,0.,0.));
#4296=DIRECTION('',(0.,0.,1.));
#4297=DIRECTION('',(0.,0.,1.));
#4298=DIRECTION('',(0.,1.,0.));
#4299=DIRECTION('',(0.,0.,1.));
#4300=DIRECTION('',(0.,1.,0.));
#4301=DIRECTION('',(1.92747052886312E-16,0.,1.));
#4302=DIRECTION('',(1.,0.,-1.92747052886312E-16));
#4303=DIRECTION('',(1.,0.,-1.92747052886312E-16));
#4304=DIRECTION('',(0.,1.,0.));
#4305=DIRECTION('',(1.,0.,-1.92747052886312E-16));
#4306=DIRECTION('',(0.,1.,0.));
#4307=DIRECTION('',(-1.,0.,0.));
#4308=DIRECTION('',(0.,0.,1.));
#4309=DIRECTION('',(0.,0.,1.));
#4310=DIRECTION('',(0.,1.,0.));
#4311=DIRECTION('',(0.,0.,1.));
#4312=DIRECTION('',(0.,1.,0.));
#4313=DIRECTION('',(1.26070020056454E-16,0.,1.));
#4314=DIRECTION('',(1.,0.,-1.26070020056454E-16));
#4315=DIRECTION('',(1.,0.,-1.26070020056454E-16));
#4316=DIRECTION('',(0.,1.,0.));
#4317=DIRECTION('',(1.,0.,-1.26070020056454E-16));
#4318=DIRECTION('',(0.,1.,0.));
#4319=DIRECTION('',(-1.,0.,0.));
#4320=DIRECTION('',(0.,0.,1.));
#4321=DIRECTION('',(0.,0.,1.));
#4322=DIRECTION('',(0.,1.,0.));
#4323=DIRECTION('',(0.,0.,1.));
#4324=DIRECTION('',(0.,1.,0.));
#4325=DIRECTION('',(1.26070020056454E-16,0.,1.));
#4326=DIRECTION('',(1.,0.,-1.26070020056454E-16));
#4327=DIRECTION('',(1.,0.,-1.26070020056454E-16));
#4328=DIRECTION('',(0.,1.,0.));
#4329=DIRECTION('',(1.,0.,-1.26070020056454E-16));
#4330=DIRECTION('',(0.,1.,0.));
#4331=DIRECTION('',(-1.,0.,0.));
#4332=DIRECTION('',(0.,0.,1.));
#4333=DIRECTION('',(0.,1.,0.));
#4334=DIRECTION('',(0.,0.,1.));
#4335=DIRECTION('',(0.,1.,0.));
#4336=DIRECTION('',(0.,0.,1.));
#4337=DIRECTION('',(0.,0.,-1.));
#4338=DIRECTION('',(-1.,0.,0.));
#4339=DIRECTION('',(0.,0.,-1.));
#4340=DIRECTION('',(-1.,0.,0.));
#4341=DIRECTION('',(0.,0.,1.));
#4342=DIRECTION('',(1.,0.,0.));
#4343=DIRECTION('',(0.,1.,0.));
#4344=DIRECTION('',(0.,0.,1.));
#4345=DIRECTION('',(0.,1.,0.));
#4346=DIRECTION('',(0.,0.,1.));
#4347=DIRECTION('',(1.,0.,0.));
#4348=DIRECTION('',(0.,0.,-1.));
#4349=DIRECTION('',(0.,1.,0.));
#4350=DIRECTION('',(0.,0.,1.));
#4351=DIRECTION('',(1.,0.,0.));
#4352=DIRECTION('',(0.,0.,-1.));
#4353=DIRECTION('',(0.,1.,0.));
#4354=DIRECTION('',(0.,0.,1.));
#4355=DIRECTION('',(0.,-1.,0.));
#4356=DIRECTION('',(0.,0.,-1.));
#4357=DIRECTION('',(0.,1.,0.));
#4358=DIRECTION('',(0.,0.,1.));
#4359=DIRECTION('',(-1.,0.,1.26070020056454E-16));
#4360=DIRECTION('',(1.26070020056454E-16,0.,1.));
#4361=DIRECTION('',(-1.,0.,0.));
#4362=DIRECTION('',(0.,0.,1.));
#4363=DIRECTION('',(0.,0.,1.));
#4364=DIRECTION('',(1.,0.,0.));
#4365=DIRECTION('',(0.,0.,1.));
#4366=DIRECTION('',(1.,0.,0.));
#4367=DIRECTION('',(0.,0.,-1.));
#4368=DIRECTION('',(-1.,0.,0.));
#4369=DIRECTION('',(1.,0.,-1.26070020056454E-16));
#4370=DIRECTION('',(-1.26070020056454E-16,0.,-1.));
#4371=DIRECTION('',(-1.,0.,0.));
#4372=DIRECTION('',(0.,0.,1.));
#4373=DIRECTION('',(0.,1.,0.));
#4374=DIRECTION('',(0.,0.,1.));
#4375=DIRECTION('',(0.,1.,0.));
#4376=DIRECTION('',(0.,0.,1.));
#4377=DIRECTION('',(0.,0.,1.));
#4378=DIRECTION('',(1.,0.,0.));
#4379=DIRECTION('',(0.,0.,1.));
#4380=DIRECTION('',(1.,0.,0.));
#4381=DIRECTION('',(0.,0.,-1.));
#4382=DIRECTION('',(-1.,0.,0.));
#4383=DIRECTION('',(0.,1.,0.));
#4384=DIRECTION('',(0.,0.,1.));
#4385=DIRECTION('',(1.,0.,0.));
#4386=DIRECTION('',(0.,0.,-1.));
#4387=DIRECTION('',(0.,1.,0.));
#4388=DIRECTION('',(0.,0.,1.));
#4389=DIRECTION('',(0.,1.,0.));
#4390=DIRECTION('',(0.,0.,1.));
#4391=DIRECTION('',(0.,1.,0.));
#4392=DIRECTION('',(0.,0.,1.));
#4393=DIRECTION('',(0.,1.,0.));
#4394=DIRECTION('',(0.,0.,1.));
#4395=DIRECTION('',(0.,1.,0.));
#4396=DIRECTION('',(0.,0.,1.));
#4397=DIRECTION('',(1.,0.,0.));
#4398=DIRECTION('',(0.,0.,-1.));
#4399=DIRECTION('',(1.,0.,-1.26070020056454E-16));
#4400=DIRECTION('',(-1.26070020056454E-16,0.,-1.));
#4401=DIRECTION('',(-1.,0.,0.));
#4402=DIRECTION('',(0.,0.,1.));
#4403=DIRECTION('',(0.,1.,0.));
#4404=DIRECTION('',(0.,0.,1.));
#4405=DIRECTION('',(0.,1.,0.));
#4406=DIRECTION('',(0.,0.,1.));
#4407=DIRECTION('',(0.,-1.,0.));
#4408=DIRECTION('',(0.,0.,-1.));
#4409=DIRECTION('',(0.,1.,0.));
#4410=DIRECTION('',(0.,0.,1.));
#4411=DIRECTION('',(-1.,0.,1.26070020056454E-16));
#4412=DIRECTION('',(1.26070020056454E-16,0.,1.));
#4413=DIRECTION('',(-1.,0.,0.));
#4414=DIRECTION('',(0.,0.,1.));
#4415=DIRECTION('',(0.,1.,0.));
#4416=DIRECTION('',(0.,0.,1.));
#4417=DIRECTION('',(0.,0.,-1.));
#4418=DIRECTION('',(-1.,0.,0.));
#4419=DIRECTION('',(0.,1.,0.));
#4420=DIRECTION('',(0.,0.,1.));
#4421=DIRECTION('',(0.,0.,1.));
#4422=DIRECTION('',(1.,0.,0.));
#4423=DIRECTION('',(0.,0.,-1.));
#4424=DIRECTION('',(-1.,0.,0.));
#4425=DIRECTION('',(-1.,0.,1.92747052886312E-16));
#4426=DIRECTION('',(1.92747052886312E-16,0.,1.));
#4427=DIRECTION('',(-1.,0.,0.));
#4428=DIRECTION('',(0.,0.,1.));
#4429=DIRECTION('',(1.,0.,0.));
#4430=DIRECTION('',(0.,0.,-1.));
#4431=DIRECTION('',(0.,1.,0.));
#4432=DIRECTION('',(0.,0.,1.));
#4433=DIRECTION('',(0.,1.,0.));
#4434=DIRECTION('',(0.,0.,1.));
#4435=DIRECTION('',(0.,0.,-1.));
#4436=DIRECTION('',(-1.,0.,0.));
#4437=DIRECTION('',(0.,1.,0.));
#4438=DIRECTION('',(0.,0.,1.));
#4439=DIRECTION('',(0.,0.,-1.));
#4440=DIRECTION('',(-1.,0.,0.));
#4441=DIRECTION('',(0.,1.,0.));
#4442=DIRECTION('',(0.,0.,1.));
#4443=DIRECTION('',(0.,1.,0.));
#4444=DIRECTION('',(0.,0.,1.));
#4445=DIRECTION('',(0.,1.,0.));
#4446=DIRECTION('',(0.,0.,1.));
#4447=DIRECTION('',(0.,0.,1.));
#4448=DIRECTION('',(1.,0.,0.));
#4449=DIRECTION('',(0.,0.,1.));
#4450=DIRECTION('',(1.,0.,0.));
#4451=DIRECTION('',(1.,0.,-1.92747052886312E-16));
#4452=DIRECTION('',(-1.92747052886312E-16,0.,-1.));
#4453=DIRECTION('',(1.,0.,0.));
#4454=DIRECTION('',(0.,0.,-1.));
#4455=DIRECTION('',(-1.,0.,0.));
#4456=DIRECTION('',(0.,0.,1.));
#4457=DIRECTION('',(0.,0.,-1.));
#4458=DIRECTION('',(-1.,0.,0.));
#4459=DIRECTION('',(0.,0.,1.));
#4460=DIRECTION('',(1.,0.,0.));
#4461=DIRECTION('',(0.,-1.,0.));
#4462=DIRECTION('',(0.,0.,-1.));
#4463=DIRECTION('',(0.,1.,0.));
#4464=DIRECTION('',(0.,0.,1.));
#4465=DIRECTION('',(1.,0.,-1.92747052886312E-16));
#4466=DIRECTION('',(-1.92747052886312E-16,0.,-1.));
#4467=DIRECTION('',(1.,0.,0.));
#4468=DIRECTION('',(0.,0.,-1.));
#4469=DIRECTION('',(-1.,0.,0.));
#4470=DIRECTION('',(0.,0.,1.));
#4471=DIRECTION('',(0.,1.,0.));
#4472=DIRECTION('',(0.,0.,1.));
#4473=DIRECTION('',(0.,0.,-1.));
#4474=DIRECTION('',(-1.,0.,0.));
#4475=DIRECTION('',(0.,1.,0.));
#4476=DIRECTION('',(0.,0.,1.));
#4477=DIRECTION('',(0.,1.,0.));
#4478=DIRECTION('',(0.,0.,1.));
#4479=DIRECTION('',(0.,1.,0.));
#4480=DIRECTION('',(0.,0.,1.));
#4481=DIRECTION('',(0.,1.,0.));
#4482=DIRECTION('',(0.,0.,1.));
#4483=DIRECTION('',(0.,1.,0.));
#4484=DIRECTION('',(0.,0.,1.));
#4485=DIRECTION('',(0.,0.,-1.));
#4486=DIRECTION('',(-1.,0.,0.));
#4487=DIRECTION('',(0.,0.,-1.));
#4488=DIRECTION('',(-1.,0.,0.));
#4489=DIRECTION('',(0.,0.,1.));
#4490=DIRECTION('',(1.,0.,0.));
#4491=DIRECTION('',(0.,-1.,0.));
#4492=DIRECTION('',(0.,0.,-1.));
#4493=DIRECTION('',(0.,1.,0.));
#4494=DIRECTION('',(0.,0.,1.));
#4495=DIRECTION('',(0.,1.,0.));
#4496=DIRECTION('',(0.,0.,1.));
#4497=DIRECTION('',(0.,1.,0.));
#4498=DIRECTION('',(0.,0.,1.));
#4499=DIRECTION('',(0.,0.,1.));
#4500=DIRECTION('',(1.,0.,0.));
#4501=DIRECTION('',(0.,0.,1.));
#4502=DIRECTION('',(1.,0.,0.));
#4503=DIRECTION('',(0.,1.,0.));
#4504=DIRECTION('',(0.,0.,1.));
#4505=DIRECTION('',(-1.,0.,0.));
#4506=DIRECTION('',(0.,0.,1.));
#4507=DIRECTION('',(0.,1.,0.));
#4508=DIRECTION('',(0.,0.,1.));
#4509=DIRECTION('',(1.,0.,0.));
#4510=DIRECTION('',(0.,0.,-1.));
#4511=DIRECTION('',(-1.,0.,1.92747052886312E-16));
#4512=DIRECTION('',(1.92747052886312E-16,0.,1.));
#4513=DIRECTION('',(-1.,-5.10928373008597E-16,0.));
#4514=DIRECTION('',(5.10928373008597E-16,-1.,0.));
#4515=DIRECTION('',(0.,0.,1.));
#4516=DIRECTION('',(-2.83412068764906E-16,0.554700196225229,0.832050294337844));
#4517=DIRECTION('',(-1.,0.,0.));
#4518=DIRECTION('',(0.,0.,1.));
#4519=DIRECTION('',(0.,0.554700196225229,0.832050294337844));
#4520=DIRECTION('',(0.,0.,1.));
#4521=DIRECTION('',(-1.,-5.10928373008597E-16,0.));
#4522=DIRECTION('',(5.10928373008597E-16,-1.,0.));
#4523=DIRECTION('',(2.83412068764906E-16,-0.554700196225229,0.832050294337844));
#4524=DIRECTION('',(0.,0.,1.));
#4525=DIRECTION('',(-1.,0.,0.));
#4526=DIRECTION('',(0.,0.,1.));
#4527=DIRECTION('',(0.,0.,1.));
#4528=DIRECTION('',(0.,-0.554700196225229,0.832050294337844));
#4529=DIRECTION('',(0.,0.,1.));
#4530=DIRECTION('',(1.,0.,0.));
#4531=DIRECTION('',(0.,-0.913811548620257,-0.406138466053448));
#4532=DIRECTION('',(0.,-0.406138466053448,0.913811548620257));
#4533=DIRECTION('',(0.,0.,-1.));
#4534=DIRECTION('',(-1.,0.,0.));
#4535=DIRECTION('',(0.,-0.913811548620257,-0.406138466053448));
#4536=DIRECTION('',(0.,0.406138466053448,-0.913811548620257));
#4537=DIRECTION('',(0.,0.,1.));
#4538=DIRECTION('',(1.,0.,0.));
#4539=DIRECTION('',(0.,-0.913811548620257,0.406138466053448));
#4540=DIRECTION('',(0.,0.406138466053448,0.913811548620257));
#4541=DIRECTION('',(0.,0.,1.));
#4542=DIRECTION('',(1.,0.,0.));
#4543=DIRECTION('',(-0.913811548620257,0.,0.406138466053448));
#4544=DIRECTION('',(0.406138466053448,0.,0.913811548620257));
#4545=DIRECTION('',(0.,0.,-1.));
#4546=DIRECTION('',(-1.,0.,0.));
#4547=DIRECTION('',(0.,-0.913811548620257,0.406138466053448));
#4548=DIRECTION('',(0.,-0.406138466053448,-0.913811548620257));
#4549=DIRECTION('',(0.,0.,1.));
#4550=DIRECTION('',(1.,0.,0.));
#4551=DIRECTION('',(0.,-0.913811548620257,0.406138466053448));
#4552=DIRECTION('',(0.,0.406138466053448,0.913811548620257));
#4553=DIRECTION('',(0.,-0.554700196225229,0.832050294337844));
#4554=DIRECTION('',(0.,-0.832050294337844,-0.554700196225229));
#4555=DIRECTION('',(0.,0.554700196225228,-0.832050294337845));
#4556=DIRECTION('',(0.,0.832050294337845,0.554700196225228));
#4557=DIRECTION('',(-2.83412068764906E-16,0.554700196225229,-0.832050294337844));
#4558=DIRECTION('',(0.,0.832050294337844,0.554700196225229));
#4559=DIRECTION('',(0.,0.554700196225228,-0.832050294337844));
#4560=DIRECTION('',(0.,0.832050294337844,0.554700196225228));
#4561=DIRECTION('',(-0.485071250072666,0.485071250072666,0.727606875108999));
#4562=DIRECTION('',(0.832050294337844,0.,0.554700196225229));
#4563=DIRECTION('',(-0.485071250072666,-0.485071250072666,0.727606875108999));
#4564=DIRECTION('',(0.832050294337844,0.,0.554700196225229));
#4565=DIRECTION('',(-0.485071250072666,0.485071250072666,-0.727606875108999));
#4566=DIRECTION('',(-0.832050294337844,0.,0.554700196225229));
#4567=DIRECTION('',(0.,0.554700196225229,0.832050294337844));
#4568=DIRECTION('',(0.,-0.832050294337844,0.554700196225229));
#4569=DIRECTION('',(0.,-0.55470019622523,-0.832050294337843));
#4570=DIRECTION('',(0.,0.832050294337843,-0.55470019622523));
#4571=DIRECTION('',(-0.554700196225229,0.,-0.832050294337844));
#4572=DIRECTION('',(-0.832050294337844,0.,0.554700196225229));
#4573=DIRECTION('',(-0.554700196225228,-2.88675435756254E-15,-0.832050294337845));
#4574=DIRECTION('',(-0.832050294337845,0.,0.554700196225228));
#4575=DIRECTION('',(0.,0.554700196225229,0.832050294337844));
#4576=DIRECTION('',(0.,-0.832050294337844,0.554700196225229));
#4577=DIRECTION('',(0.,-0.554700196225227,-0.832050294337845));
#4578=DIRECTION('',(0.,0.832050294337845,-0.554700196225227));
#4579=DIRECTION('',(2.83412068764906E-16,-0.554700196225229,-0.832050294337844));
#4580=DIRECTION('',(0.,0.832050294337844,-0.554700196225229));
#4581=DIRECTION('',(0.,-0.554700196225228,-0.832050294337845));
#4582=DIRECTION('',(0.,0.832050294337845,-0.554700196225228));
#4583=DIRECTION('',(-0.607910756157679,0.794005360528378,0.));
#4584=DIRECTION('',(-0.794005360528378,-0.607910756157679,0.));
#4585=DIRECTION('',(0.,0.,1.));
#4586=DIRECTION('',(-0.794005360528378,-0.607910756157679,0.));
#4587=DIRECTION('',(0.,0.,1.));
#4588=DIRECTION('',(-0.991304392763422,0.131588756692749,0.));
#4589=DIRECTION('',(-0.131588756692749,-0.991304392763422,0.));
#4590=DIRECTION('',(0.,0.,1.));
#4591=DIRECTION('',(-0.131588756692749,-0.991304392763422,0.));
#4592=DIRECTION('',(0.,0.,1.));
#4593=DIRECTION('',(0.607910756157679,-0.794005360528378,0.));
#4594=DIRECTION('',(0.794005360528378,0.607910756157679,0.));
#4595=DIRECTION('',(0.,0.,1.));
#4596=DIRECTION('',(0.794005360528378,0.607910756157679,0.));
#4597=DIRECTION('',(0.,0.,1.));
#4598=DIRECTION('',(0.13158875669275,0.991304392763422,0.));
#4599=DIRECTION('',(-0.991304392763422,0.13158875669275,0.));
#4600=DIRECTION('',(0.,0.,1.));
#4601=DIRECTION('',(-0.991304392763422,0.13158875669275,0.));
#4602=DIRECTION('',(0.,0.,1.));
#4603=DIRECTION('',(-0.991304392763422,0.131588756692748,0.));
#4604=DIRECTION('',(-0.131588756692748,-0.991304392763422,0.));
#4605=DIRECTION('',(0.,0.,1.));
#4606=DIRECTION('',(-0.131588756692748,-0.991304392763422,0.));
#4607=DIRECTION('',(0.,0.,1.));
#4608=DIRECTION('',(0.607910756157679,-0.794005360528377,0.));
#4609=DIRECTION('',(0.794005360528377,0.607910756157679,0.));
#4610=DIRECTION('',(0.,0.,1.));
#4611=DIRECTION('',(0.794005360528377,0.607910756157679,0.));
#4612=DIRECTION('',(0.,0.,1.));
#4613=DIRECTION('',(0.131588756692748,0.991304392763422,0.));
#4614=DIRECTION('',(-0.991304392763422,0.131588756692748,0.));
#4615=DIRECTION('',(0.,0.,1.));
#4616=DIRECTION('',(-0.991304392763422,0.131588756692748,0.));
#4617=DIRECTION('',(0.,0.,1.));
#4618=DIRECTION('',(-0.607910756157679,0.794005360528378,0.));
#4619=DIRECTION('',(-0.794005360528378,-0.607910756157679,0.));
#4620=DIRECTION('',(0.,0.,1.));
#4621=DIRECTION('',(-0.794005360528378,-0.607910756157679,0.));
#4622=DIRECTION('',(0.,0.,1.));
#4623=DIRECTION('',(0.794005360528377,0.607910756157679,0.));
#4624=DIRECTION('',(-0.607910756157679,0.794005360528377,0.));
#4625=DIRECTION('',(0.,0.,1.));
#4626=DIRECTION('',(-0.607910756157679,0.794005360528377,0.));
#4627=DIRECTION('',(0.,0.,1.));
#4628=DIRECTION('',(-0.607910756157679,0.794005360528378,0.));
#4629=DIRECTION('',(-0.794005360528378,-0.607910756157679,0.));
#4630=DIRECTION('',(0.,0.,1.));
#4631=DIRECTION('',(-0.794005360528378,-0.607910756157679,0.));
#4632=DIRECTION('',(0.,0.,1.));
#4633=DIRECTION('',(-0.794005360528378,-0.607910756157679,0.));
#4634=DIRECTION('',(0.607910756157679,-0.794005360528378,0.));
#4635=DIRECTION('',(0.,0.,1.));
#4636=DIRECTION('',(0.607910756157679,-0.794005360528378,0.));
#4637=DIRECTION('',(0.,0.,1.));
#4638=DIRECTION('',(0.607910756157679,-0.794005360528378,0.));
#4639=DIRECTION('',(0.794005360528377,0.607910756157679,0.));
#4640=DIRECTION('',(0.,0.,1.));
#4641=DIRECTION('',(0.794005360528377,0.607910756157679,0.));
#4642=DIRECTION('',(0.,0.,1.));
#4643=DIRECTION('',(0.,0.,-1.));
#4644=DIRECTION('',(-1.,0.,0.));
#4645=DIRECTION('',(0.,0.,1.));
#4646=DIRECTION('',(1.,0.,0.));
#4647=DIRECTION('',(0.,0.,-1.));
#4648=DIRECTION('',(-1.,0.,0.));
#4649=DIRECTION('',(0.,0.,1.));
#4650=DIRECTION('',(1.,0.,0.));
#4651=DIRECTION('',(0.,0.,-1.));
#4652=DIRECTION('',(-1.,0.,0.));
#4653=DIRECTION('',(0.,0.,1.));
#4654=DIRECTION('',(1.,0.,0.));
#4655=DIRECTION('',(0.,0.,-1.));
#4656=DIRECTION('',(-1.,0.,0.));
#4657=DIRECTION('',(0.,0.,1.));
#4658=DIRECTION('',(1.,0.,0.));
#4659=DIRECTION('',(0.,0.,-1.));
#4660=DIRECTION('',(-1.,0.,0.));
#4661=DIRECTION('',(0.,0.,1.));
#4662=DIRECTION('',(1.,0.,0.));
#4663=DIRECTION('',(0.,0.,-1.));
#4664=DIRECTION('',(-1.,0.,0.));
#4665=DIRECTION('',(0.,0.,1.));
#4666=DIRECTION('',(1.,0.,0.));
#4667=DIRECTION('',(0.,0.,-1.));
#4668=DIRECTION('',(-1.,0.,0.));
#4669=DIRECTION('',(0.,0.,1.));
#4670=DIRECTION('',(1.,0.,0.));
#4671=DIRECTION('',(0.,0.,-1.));
#4672=DIRECTION('',(-1.,0.,0.));
#4673=DIRECTION('',(0.,0.,1.));
#4674=DIRECTION('',(1.,0.,0.));
#4675=DIRECTION('',(0.,0.,-1.));
#4676=DIRECTION('',(-1.,0.,0.));
#4677=DIRECTION('',(0.,0.,1.));
#4678=DIRECTION('',(1.,0.,0.));
#4679=DIRECTION('',(0.,0.,-1.));
#4680=DIRECTION('',(-1.,0.,0.));
#4681=DIRECTION('',(0.,0.,1.));
#4682=DIRECTION('',(1.,0.,0.));
#4683=DIRECTION('',(0.,0.,-1.));
#4684=DIRECTION('',(-1.,0.,0.));
#4685=DIRECTION('',(0.,0.,1.));
#4686=DIRECTION('',(1.,0.,0.));
#4687=DIRECTION('',(0.,0.,-1.));
#4688=DIRECTION('',(-1.,0.,0.));
#4689=DIRECTION('',(0.,0.,1.));
#4690=DIRECTION('',(1.,0.,0.));
#4691=DIRECTION('',(0.,0.,1.));
#4692=DIRECTION('',(1.,0.,0.));
#4693=DIRECTION('',(0.,0.,1.));
#4694=DIRECTION('',(1.,0.,0.));
#4695=DIRECTION('',(0.,0.,1.));
#4696=DIRECTION('',(1.,0.,0.));
#4697=DIRECTION('',(0.,0.,1.));
#4698=DIRECTION('',(1.,0.,0.));
#4699=DIRECTION('',(0.,0.,-1.));
#4700=DIRECTION('',(0.,0.,1.));
#4701=DIRECTION('',(1.,0.,0.));
#4702=DIRECTION('',(0.,0.,-1.));
#4703=DIRECTION('',(0.,0.,1.));
#4704=DIRECTION('',(1.,0.,0.));
#4705=DIRECTION('',(0.,0.,1.));
#4706=DIRECTION('',(1.,0.,0.));
#4707=DIRECTION('',(1.,0.,0.));
#4708=DIRECTION('',(0.,0.,1.));
#4709=DIRECTION('',(1.,0.,0.));
#4710=DIRECTION('',(1.,0.,0.));
#4711=DIRECTION('',(0.,0.,1.));
#4712=DIRECTION('',(1.,0.,0.));
#4713=DIRECTION('',(1.,0.,0.));
#4714=DIRECTION('',(0.,0.,1.));
#4715=DIRECTION('',(1.,0.,0.));
#4716=DIRECTION('',(1.,0.,0.));
#4717=DIRECTION('',(0.,0.,1.));
#4718=DIRECTION('',(1.,0.,0.));
#4719=DIRECTION('',(1.,0.,0.));
#4720=DIRECTION('',(0.,0.,1.));
#4721=DIRECTION('',(1.,0.,0.));
#4722=DIRECTION('',(1.,0.,0.));
#4723=DIRECTION('',(0.,0.,1.));
#4724=DIRECTION('',(1.,0.,0.));
#4725=DIRECTION('',(0.,1.,0.));
#4726=DIRECTION('',(0.,0.,1.));
#4727=DIRECTION('',(0.,0.,-1.));
#4728=DIRECTION('',(1.,0.,0.));
#4729=DIRECTION('',(1.,0.,0.));
#4730=DIRECTION('',(0.,0.,-1.));
#4731=DIRECTION('',(-1.,0.,0.));
#4732=DIRECTION('',(0.,0.,-1.));
#4733=DIRECTION('',(0.,0.,1.));
#4734=DIRECTION('',(1.,0.,0.));
#4735=DIRECTION('',(0.,0.,-1.));
#4736=DIRECTION('',(-1.,0.,0.));
#4737=DIRECTION('',(0.,1.,0.));
#4738=DIRECTION('',(0.,0.,1.));
#4739=DIRECTION('',(0.,0.,-1.));
#4740=DIRECTION('',(1.,0.,0.));
#4741=DIRECTION('',(1.,0.,0.));
#4742=DIRECTION('',(0.,0.,-1.));
#4743=DIRECTION('',(-1.,0.,0.));
#4744=DIRECTION('',(0.,0.,-1.));
#4745=DIRECTION('',(0.,0.,1.));
#4746=DIRECTION('',(1.,0.,0.));
#4747=DIRECTION('',(0.,0.,-1.));
#4748=DIRECTION('',(-1.,0.,0.));
#4749=DIRECTION('',(0.,1.,0.));
#4750=DIRECTION('',(0.,0.,1.));
#4751=DIRECTION('',(1.,0.,0.));
#4752=DIRECTION('',(1.,0.,0.));
#4753=DIRECTION('',(0.,1.,0.));
#4754=DIRECTION('',(0.,0.,1.));
#4755=DIRECTION('',(0.,0.,-1.));
#4756=DIRECTION('',(1.,0.,0.));
#4757=DIRECTION('',(1.,0.,0.));
#4758=DIRECTION('',(0.,0.,-1.));
#4759=DIRECTION('',(-1.,0.,0.));
#4760=DIRECTION('',(0.,0.,-1.));
#4761=DIRECTION('',(0.,0.,1.));
#4762=DIRECTION('',(1.,0.,0.));
#4763=DIRECTION('',(0.,0.,-1.));
#4764=DIRECTION('',(-1.,0.,0.));
#4765=DIRECTION('',(0.,1.,0.));
#4766=DIRECTION('',(0.,0.,1.));
#4767=DIRECTION('',(0.,0.,-1.));
#4768=DIRECTION('',(1.,0.,0.));
#4769=DIRECTION('',(1.,0.,0.));
#4770=DIRECTION('',(0.,0.,-1.));
#4771=DIRECTION('',(-1.,0.,0.));
#4772=DIRECTION('',(0.,0.,-1.));
#4773=DIRECTION('',(0.,0.,1.));
#4774=DIRECTION('',(1.,0.,0.));
#4775=DIRECTION('',(0.,0.,-1.));
#4776=DIRECTION('',(-1.,0.,0.));
#4777=DIRECTION('',(0.,1.,0.));
#4778=DIRECTION('',(0.,0.,1.));
#4779=DIRECTION('',(1.,0.,0.));
#4780=DIRECTION('',(1.,0.,0.));
#4781=DIRECTION('',(0.,0.,1.));
#4782=DIRECTION('',(1.,0.,0.));
#4783=DIRECTION('',(0.,0.,1.));
#4784=DIRECTION('',(1.,0.,0.));
#4785=DIRECTION('',(0.,0.,1.));
#4786=DIRECTION('',(1.,0.,0.));
#4787=DIRECTION('',(-1.,0.,0.));
#4788=DIRECTION('',(0.,0.,1.));
#4789=DIRECTION('',(1.,0.,0.));
#4790=DIRECTION('',(1.,0.,0.));
#4791=DIRECTION('',(0.,0.,1.));
#4792=DIRECTION('',(1.,0.,0.));
#4793=DIRECTION('',(-1.,0.,0.));
#4794=DIRECTION('',(0.,0.,1.));
#4795=DIRECTION('',(0.,0.,1.));
#4796=DIRECTION('',(1.,0.,0.));
#4797=DIRECTION('',(0.,0.,1.));
#4798=DIRECTION('',(1.,0.,0.));
#4799=DIRECTION('',(1.,0.,0.));
#4800=DIRECTION('',(0.,0.,-1.));
#4801=DIRECTION('',(0.,0.,1.));
#4802=DIRECTION('',(1.,0.,0.));
#4803=DIRECTION('',(1.,0.,0.));
#4804=DIRECTION('',(0.,0.,-1.));
#4805=DIRECTION('',(0.,0.,1.));
#4806=DIRECTION('',(1.,0.,0.));
#4807=DIRECTION('',(0.,0.,-1.));
#4808=DIRECTION('',(-1.,0.,0.));
#4809=DIRECTION('',(1.,0.,0.));
#4810=DIRECTION('',(0.,0.,-1.));
#4811=DIRECTION('',(0.,0.,1.));
#4812=DIRECTION('',(1.,0.,0.));
#4813=DIRECTION('',(-1.,0.,0.));
#4814=DIRECTION('',(0.,0.,1.));
#4815=DIRECTION('',(0.,0.,1.));
#4816=DIRECTION('',(1.,0.,0.));
#4817=DIRECTION('',(0.,0.,-1.));
#4818=DIRECTION('',(-1.,0.,0.));
#4819=DIRECTION('',(-1.,0.,0.));
#4820=DIRECTION('',(0.,0.,1.));
#4821=DIRECTION('',(0.,0.,1.));
#4822=DIRECTION('',(1.,0.,0.));
#4823=DIRECTION('',(0.,0.,1.));
#4824=DIRECTION('',(1.,0.,0.));
#4825=DIRECTION('',(0.,0.707106781186547,0.707106781186548));
#4826=DIRECTION('',(1.,0.,0.));
#4827=DIRECTION('',(0.,0.707106781186547,0.707106781186548));
#4828=DIRECTION('',(0.,0.707106781186548,-0.707106781186547));
#4829=DIRECTION('',(0.,0.707106781186547,0.707106781186548));
#4830=DIRECTION('',(0.,0.707106781186548,-0.707106781186547));
#4831=DIRECTION('',(0.,0.707106781186547,-0.707106781186548));
#4832=DIRECTION('',(-1.,0.,0.));
#4833=DIRECTION('',(0.,0.707106781186547,-0.707106781186548));
#4834=DIRECTION('',(0.,-0.707106781186548,-0.707106781186547));
#4835=DIRECTION('',(0.,0.707106781186547,-0.707106781186548));
#4836=DIRECTION('',(0.,-0.707106781186548,-0.707106781186547));
#4837=DIRECTION('',(0.,0.,1.));
#4838=DIRECTION('',(1.,0.,0.));
#4839=DIRECTION('',(0.,0.,-1.));
#4840=DIRECTION('',(-1.,0.,0.));
#4841=DIRECTION('',(0.,0.,-1.));
#4842=DIRECTION('',(-1.,0.,0.));
#4843=DIRECTION('',(0.,0.,-1.));
#4844=DIRECTION('',(-1.,0.,0.));
#4845=DIRECTION('',(0.,0.,-1.));
#4846=DIRECTION('',(-1.,0.,0.));
#4847=DIRECTION('',(0.,0.,-1.));
#4848=DIRECTION('',(-1.,0.,0.));
#4849=DIRECTION('',(0.,0.,-1.));
#4850=DIRECTION('',(-1.,0.,0.));
#4851=DIRECTION('',(0.,0.,-1.));
#4852=DIRECTION('',(-1.,0.,0.));
#4853=DIRECTION('',(0.,0.,-1.));
#4854=DIRECTION('',(-1.,0.,0.));
#4855=DIRECTION('',(0.,0.,-1.));
#4856=DIRECTION('',(-1.,0.,0.));
#4857=DIRECTION('',(0.,0.,-1.));
#4858=DIRECTION('',(-1.,0.,0.));
#4859=DIRECTION('',(0.,0.,-1.));
#4860=DIRECTION('',(0.,0.,-1.));
#4861=DIRECTION('',(-1.,0.,0.));
#4862=DIRECTION('',(0.,0.,-1.));
#4863=DIRECTION('',(0.,1.,0.));
#4864=DIRECTION('',(0.,0.,1.));
#4865=DIRECTION('',(1.,0.,0.));
#4866=DIRECTION('',(0.,0.,-1.));
#4867=DIRECTION('',(1.,0.,0.));
#4868=DIRECTION('',(0.,0.,-1.));
#4869=DIRECTION('',(0.,0.,-1.));
#4870=DIRECTION('',(-1.,0.,0.));
#4871=DIRECTION('',(0.,0.,-1.));
#4872=DIRECTION('',(-1.,0.,0.));
#4873=DIRECTION('',(0.,0.,-1.));
#4874=DIRECTION('',(0.,0.,-1.));
#4875=DIRECTION('',(-1.,0.,0.));
#4876=DIRECTION('',(0.,0.,-1.));
#4877=DIRECTION('',(0.,1.,0.));
#4878=DIRECTION('',(0.,0.,1.));
#4879=DIRECTION('',(1.,0.,0.));
#4880=DIRECTION('',(0.,0.,1.));
#4881=DIRECTION('',(1.,0.,0.));
#4882=DIRECTION('',(0.,0.,1.));
#4883=DIRECTION('',(0.,0.,-1.));
#4884=DIRECTION('',(1.,0.,0.));
#4885=DIRECTION('',(0.,0.,-1.));
#4886=DIRECTION('',(-1.,0.,0.));
#4887=DIRECTION('',(0.,0.,-1.));
#4888=DIRECTION('',(-1.,0.,0.));
#4889=DIRECTION('',(0.,0.,-1.));
#4890=DIRECTION('',(-1.,0.,0.));
#4891=DIRECTION('',(1.,0.,0.));
#4892=DIRECTION('',(0.,0.,-1.));
#4893=DIRECTION('',(-1.,0.,0.));
#4894=DIRECTION('',(0.,0.,-1.));
#4895=DIRECTION('',(-1.,0.,0.));
#4896=DIRECTION('',(0.,0.,-1.));
#4897=DIRECTION('',(-1.,0.,0.));
#4898=DIRECTION('',(1.,0.,0.));
#4899=DIRECTION('',(0.,0.,-1.));
#4900=DIRECTION('',(1.,0.,0.));
#4901=DIRECTION('',(0.,0.,-1.));
#4902=DIRECTION('',(-1.,0.,0.));
#4903=DIRECTION('',(1.,0.,0.));
#4904=DIRECTION('',(0.,0.,-1.));
#4905=DIRECTION('',(-1.,0.,0.));
#4906=DIRECTION('',(0.,0.,-1.));
#4907=DIRECTION('',(-1.,0.,0.));
#4908=DIRECTION('',(0.,0.,-1.));
#4909=DIRECTION('',(-1.,0.,0.));
#4910=DIRECTION('',(1.,0.,0.));
#4911=DIRECTION('',(0.,0.,-1.));
#4912=DIRECTION('',(-1.,0.,0.));
#4913=DIRECTION('',(0.,0.,-1.));
#4914=DIRECTION('',(-1.,0.,0.));
#4915=DIRECTION('',(0.,0.,-1.));
#4916=DIRECTION('',(-1.,0.,0.));
#4917=DIRECTION('',(-0.413571628036869,-0.910471585763627,0.));
#4918=DIRECTION('',(0.910471585763627,-0.413571628036869,0.));
#4919=DIRECTION('',(-0.413571628036869,0.910471585763627,-1.21727671349042E-15));
#4920=DIRECTION('',(-0.910471585763627,-0.413571628036869,0.));
#4921=DIRECTION('',(0.,0.,-1.));
#4922=DIRECTION('',(-1.,0.,0.));
#4923=DIRECTION('',(0.,0.,-1.));
#4924=DIRECTION('',(-1.,0.,0.));
#4925=DIRECTION('',(1.,0.,0.));
#4926=DIRECTION('',(0.,0.,-1.));
#4927=DIRECTION('',(0.,0.,-1.));
#4928=DIRECTION('',(-1.,0.,0.));
#4929=DIRECTION('',(1.,0.,0.));
#4930=DIRECTION('',(0.,0.,-1.));
#4931=DIRECTION('',(0.,0.,-1.));
#4932=DIRECTION('',(-1.,0.,0.));
#4933=DIRECTION('',(0.,0.,-1.));
#4934=DIRECTION('',(-1.,0.,0.));
#4935=DIRECTION('',(0.,0.,-1.));
#4936=DIRECTION('',(-1.,0.,0.));
#4937=DIRECTION('',(1.,0.,0.));
#4938=DIRECTION('',(0.,0.,-1.));
#4939=DIRECTION('',(-1.,0.,0.));
#4940=DIRECTION('',(0.,0.,1.));
#4941=DIRECTION('',(0.,0.,-1.));
#4942=DIRECTION('',(-1.,0.,0.));
#4943=DIRECTION('',(0.413571628036869,0.910471585763627,0.));
#4944=DIRECTION('',(-0.910471585763627,0.413571628036869,0.));
#4945=DIRECTION('',(0.413571628036869,-0.910471585763627,0.));
#4946=DIRECTION('',(0.910471585763627,0.413571628036869,0.));
#4947=DIRECTION('',(-1.,0.,0.));
#4948=DIRECTION('',(0.,0.,1.));
#4949=DIRECTION('',(-1.,0.,0.));
#4950=DIRECTION('',(0.,0.,1.));
#4951=DIRECTION('',(0.,0.,-1.));
#4952=DIRECTION('',(-1.,0.,0.));
#4953=DIRECTION('',(0.,0.,-1.));
#4954=DIRECTION('',(-1.,0.,0.));
#4955=DIRECTION('',(0.,0.,-1.));
#4956=DIRECTION('',(-1.,0.,0.));
#4957=DIRECTION('',(-0.41357162803687,0.910471585763627,0.));
#4958=DIRECTION('',(-0.910471585763627,-0.41357162803687,0.));
#4959=DIRECTION('',(-0.413571628036869,-0.910471585763627,0.));
#4960=DIRECTION('',(0.910471585763627,-0.413571628036869,0.));
#4961=DIRECTION('',(0.,0.,-1.));
#4962=DIRECTION('',(-1.,0.,0.));
#4963=DIRECTION('',(1.,0.,0.));
#4964=DIRECTION('',(0.,0.,-1.));
#4965=DIRECTION('',(0.,0.,-1.));
#4966=DIRECTION('',(-1.,0.,0.));
#4967=DIRECTION('',(0.,0.,-1.));
#4968=DIRECTION('',(-1.,0.,0.));
#4969=DIRECTION('',(0.,0.,-1.));
#4970=DIRECTION('',(-1.,0.,0.));
#4971=DIRECTION('',(0.,0.,-1.));
#4972=DIRECTION('',(-1.,0.,0.));
#4973=DIRECTION('',(0.,0.,-1.));
#4974=DIRECTION('',(-1.,0.,0.));
#4975=DIRECTION('',(1.,0.,0.));
#4976=DIRECTION('',(0.,0.,-1.));
#4977=DIRECTION('',(-1.,0.,0.));
#4978=DIRECTION('',(0.,0.,1.));
#4979=DIRECTION('',(-1.,0.,0.));
#4980=DIRECTION('',(0.,0.,1.));
#4981=DIRECTION('',(0.,0.,-1.));
#4982=DIRECTION('',(-1.,0.,0.));
#4983=DIRECTION('',(0.,0.,-1.));
#4984=DIRECTION('',(-1.,0.,0.));
#4985=DIRECTION('',(0.,0.,-1.));
#4986=DIRECTION('',(-1.,0.,0.));
#4987=DIRECTION('',(0.,0.,-1.));
#4988=DIRECTION('',(-1.,0.,0.));
#4989=DIRECTION('',(1.,0.,0.));
#4990=DIRECTION('',(0.,0.,-1.));
#4991=DIRECTION('',(-1.,0.,0.));
#4992=DIRECTION('',(0.,0.,1.));
#4993=DIRECTION('',(0.,0.,-1.));
#4994=DIRECTION('',(-1.,0.,0.));
#4995=DIRECTION('',(0.413571628036869,-0.910471585763627,0.));
#4996=DIRECTION('',(0.910471585763627,0.413571628036869,0.));
#4997=DIRECTION('',(0.,0.,-1.));
#4998=DIRECTION('',(-1.,0.,0.));
#4999=DIRECTION('',(0.413571628036869,0.910471585763627,0.));
#5000=DIRECTION('',(-0.910471585763627,0.413571628036869,0.));
#5001=DIRECTION('',(0.,0.,-1.));
#5002=DIRECTION('',(-1.,0.,0.));
#5003=CARTESIAN_POINT('',(0.,0.,0.));
#5004=CARTESIAN_POINT('',(-0.00179066671144715,-0.0385,0.002));
#5005=CARTESIAN_POINT('',(-0.00179066671144715,-0.0385,0.004));
#5006=CARTESIAN_POINT('',(-0.0853289319769481,-0.0385,0.004));
#5007=CARTESIAN_POINT('',(0.0817475985540538,-0.0385,0.004));
#5008=CARTESIAN_POINT('',(-0.0853289319769481,-0.0385,0.002));
#5009=CARTESIAN_POINT('',(-0.0853289319769481,-0.0385,0.));
#5010=CARTESIAN_POINT('',(-0.00179066671144715,-0.0385,0.));
#5011=CARTESIAN_POINT('',(0.0817475985540538,-0.0385,0.));
#5012=CARTESIAN_POINT('',(0.0817475985540538,-0.0385,0.002));
#5013=CARTESIAN_POINT('',(-0.00179066671144712,0.0375,0.002));
#5014=CARTESIAN_POINT('',(-0.0853289319769481,0.0375,0.02));
#5015=CARTESIAN_POINT('',(-0.0853289319769481,0.0375,0.));
#5016=CARTESIAN_POINT('',(-0.0853289319769481,0.0375,0.004));
#5017=CARTESIAN_POINT('',(-0.00179066671144715,0.0375,0.004));
#5018=CARTESIAN_POINT('',(0.0817475985540538,0.0375,0.004));
#5019=CARTESIAN_POINT('',(0.0817475985540538,0.0375,0.));
#5020=CARTESIAN_POINT('',(0.0817475985540538,0.0375,0.));
#5021=CARTESIAN_POINT('',(-0.0862906667114471,0.0375,0.));
#5022=CARTESIAN_POINT('',(-0.00470635449396249,-0.000499999999999983,0.002));
#5023=CARTESIAN_POINT('',(-0.00470635449396256,-0.000500000000000049,0.005));
#5024=CARTESIAN_POINT('',(-0.0866954163410665,-0.0376186440677966,0.005));
#5025=CARTESIAN_POINT('',(-0.0866954163410665,0.0366186440677966,0.005));
#5026=CARTESIAN_POINT('',(-0.0866954163410665,-0.0376186440677966,0.002));
#5027=CARTESIAN_POINT('',(-0.0866954163410665,-0.0376186440677966,0.02));
#5028=CARTESIAN_POINT('',(-0.00470635449396249,-0.000499999999999983,0.02));
#5029=CARTESIAN_POINT('',(-0.0866954163410665,0.0366186440677966,0.02));
#5030=CARTESIAN_POINT('',(-0.0866954163410665,0.0366186440677966,0.002));
#5031=CARTESIAN_POINT('',(0.00112502107106822,-0.000499999999999994,0.002));
#5032=CARTESIAN_POINT('',(0.00112502107106841,-0.000500000000000042,0.005));
#5033=CARTESIAN_POINT('',(0.0831140829181722,0.0366186440677966,0.005));
#5034=CARTESIAN_POINT('',(0.0831140829181722,-0.0376186440677966,0.005));
#5035=CARTESIAN_POINT('',(0.0831140829181722,0.0366186440677966,0.002));
#5036=CARTESIAN_POINT('',(0.0831140829181722,0.0366186440677966,0.02));
#5037=CARTESIAN_POINT('',(0.00112502107106822,-0.000499999999999994,0.02));
#5038=CARTESIAN_POINT('',(0.0831140829181722,-0.0376186440677966,0.02));
#5039=CARTESIAN_POINT('',(0.0831140829181722,-0.0376186440677966,0.002));
#5040=CARTESIAN_POINT('',(0.0817475985540538,-0.037,0.002));
#5041=CARTESIAN_POINT('',(0.0817475985540538,-0.0385,0.002));
#5042=CARTESIAN_POINT('',(0.0817475985540538,-0.0385,0.005));
#5043=CARTESIAN_POINT('',(0.0817475985540538,-0.0385,0.02));
#5044=CARTESIAN_POINT('',(0.0817475985540538,-0.037,0.005));
#5045=CARTESIAN_POINT('',(0.0817475985540538,-0.037,0.02));
#5046=CARTESIAN_POINT('',(-0.0853289319769481,-0.037,0.002));
#5047=CARTESIAN_POINT('',(-0.0853289319769481,-0.037,0.005));
#5048=CARTESIAN_POINT('',(-0.0853289319769481,-0.0385,0.005));
#5049=CARTESIAN_POINT('',(-0.0853289319769481,-0.0385,0.002));
#5050=CARTESIAN_POINT('',(-0.0853289319769481,-0.0385,0.02));
#5051=CARTESIAN_POINT('',(-0.0853289319769481,-0.037,0.02));
#5052=CARTESIAN_POINT('',(-0.0853289319769481,0.036,0.002));
#5053=CARTESIAN_POINT('',(-0.0853289319769481,0.0375,0.02));
#5054=CARTESIAN_POINT('',(-0.0853289319769481,0.0375,0.005));
#5055=CARTESIAN_POINT('',(-0.0853289319769481,0.0375,0.02));
#5056=CARTESIAN_POINT('',(-0.0853289319769481,0.036,0.005));
#5057=CARTESIAN_POINT('',(-0.0853289319769481,0.036,0.02));
#5058=CARTESIAN_POINT('',(0.0817475985540538,0.036,0.002));
#5059=CARTESIAN_POINT('',(0.0817475985540538,0.036,0.005));
#5060=CARTESIAN_POINT('',(0.0817475985540538,0.0375,0.005));
#5061=CARTESIAN_POINT('',(0.0817475985540538,0.0375,0.));
#5062=CARTESIAN_POINT('',(0.0817475985540538,0.0375,0.02));
#5063=CARTESIAN_POINT('',(0.0817475985540538,0.036,0.02));
#5064=CARTESIAN_POINT('',(-0.00167125381994992,-0.02965,-0.0005));
#5065=CARTESIAN_POINT('',(0.00480948687845794,-0.02915,0.0005));
#5066=CARTESIAN_POINT('',(0.00480948687845794,-0.02915,-0.00025));
#5067=CARTESIAN_POINT('',(0.00480948687845794,-0.02915,-0.001));
#5068=CARTESIAN_POINT('',(-0.00167125381994992,-0.02965,-0.00025));
#5069=CARTESIAN_POINT('',(-0.00815199451835779,-0.02915,-0.00025));
#5070=CARTESIAN_POINT('',(-0.00815199451835779,-0.02915,0.0005));
#5071=CARTESIAN_POINT('',(-0.00815199451835779,-0.02915,-0.001));
#5072=CARTESIAN_POINT('',(-0.00167125381994992,-0.02965,-0.001));
#5073=CARTESIAN_POINT('',(-0.00179066671144715,-0.000500000000000014,0.002));
#5074=CARTESIAN_POINT('',(-0.0116171056006177,-0.00802337224962529,0.002));
#5075=CARTESIAN_POINT('',(0.0028012297009029,-0.0268554712104364,0.002));
#5076=CARTESIAN_POINT('',(0.00219331894474522,-0.0260614658499079,0.002));
#5077=CARTESIAN_POINT('',(0.0026027283607708,-0.0270074488994758,0.002));
#5078=CARTESIAN_POINT('',(0.00275470604981022,-0.0272059502396079,0.002));
#5079=CARTESIAN_POINT('',(0.0127796462791129,-0.0195306003009431,0.002));
#5080=CARTESIAN_POINT('',(-0.00518534755547355,-0.0332850578011846,0.002));
#5081=CARTESIAN_POINT('',(-0.00533732524451298,-0.0330865564610526,0.002));
#5082=CARTESIAN_POINT('',(-0.00553582658464507,-0.033238534150092,0.002));
#5083=CARTESIAN_POINT('',(-0.0199541618861657,-0.0144064351892809,0.002));
#5084=CARTESIAN_POINT('',(-0.00614373734080275,-0.0324445287895636,0.002));
#5085=CARTESIAN_POINT('',(-0.00594523600067066,-0.0322925511005242,0.002));
#5086=CARTESIAN_POINT('',(-0.00609721368971008,-0.0320940497603921,0.002));
#5087=CARTESIAN_POINT('',(0.0118677801448763,-0.0183395922601506,0.002));
#5088=CARTESIAN_POINT('',(0.0018428399155737,-0.0260149421988153,0.002));
#5089=CARTESIAN_POINT('',(0.00199481760461312,-0.0262134435389474,0.002));
#5090=CARTESIAN_POINT('',(-0.00266554446440296,-0.000383866069181173,0.002));
#5091=CARTESIAN_POINT('',(-0.00630254208433407,-0.0277826485162724,0.002));
#5092=CARTESIAN_POINT('',(-0.00660426105222697,-0.0300556036362196,0.002));
#5093=CARTESIAN_POINT('',(-0.00605471598614322,-0.0278155457054455,0.002));
#5094=CARTESIAN_POINT('',(-0.00620669367518264,-0.0276170443653134,0.002));
#5095=CARTESIAN_POINT('',(0.00966634055653382,-0.0154642444951738,0.002));
#5096=CARTESIAN_POINT('',(-0.00244726030812254,-0.0247387262902653,0.002));
#5097=CARTESIAN_POINT('',(-0.00229528261908313,-0.0249372276303974,0.002));
#5098=CARTESIAN_POINT('',(-0.00226238542990993,-0.0246894015322066,0.002));
#5099=CARTESIAN_POINT('',(-0.00495420949619909,-0.0243320806278462,0.002));
#5100=CARTESIAN_POINT('',(1.05696900373009E-5,-0.0249911205000995,0.002));
#5101=CARTESIAN_POINT('',(-2.23274991358871E-5,-0.0252389465982904,0.002));
#5102=CARTESIAN_POINT('',(0.000129650189903532,-0.0254374479384224,0.002));
#5103=CARTESIAN_POINT('',(0.0109559140106398,-0.0171485842193581,0.002));
#5104=CARTESIAN_POINT('',(-0.0062044572649967,-0.0302870021655249,0.002));
#5105=CARTESIAN_POINT('',(-0.00635643495403611,-0.0300885008253928,0.002));
#5106=CARTESIAN_POINT('',(-0.00179066671144715,-0.03615,0.002));
#5107=CARTESIAN_POINT('',(0.0803593332885529,-0.03615,0.002));
#5108=CARTESIAN_POINT('',(-0.0839406667114471,-0.03615,0.002));
#5109=CARTESIAN_POINT('',(0.0803593332885529,-0.000500000000000014,0.002));
#5110=CARTESIAN_POINT('',(0.0803593332885529,0.03515,0.002));
#5111=CARTESIAN_POINT('',(-0.00179066671144715,0.03515,0.002));
#5112=CARTESIAN_POINT('',(-0.0839406667114471,0.03515,0.002));
#5113=CARTESIAN_POINT('',(-0.0839406667114471,-0.000500000000000046,0.002));
#5114=CARTESIAN_POINT('',(0.0136915124133494,-0.0207216083417357,0.002));
#5115=CARTESIAN_POINT('',(-0.00346885886228714,-0.0338600262879026,0.002));
#5116=CARTESIAN_POINT('',(0.00286524859261309,-0.0290104720608001,0.002));
#5117=CARTESIAN_POINT('',(0.00301722628165251,-0.0292089734009323,0.002));
#5118=CARTESIAN_POINT('',(0.00326505237984336,-0.0292418705901055,0.002));
#5119=CARTESIAN_POINT('',(0.00692672886469524,-0.00165717357235319,0.002));
#5120=CARTESIAN_POINT('',(0.00296333341195047,-0.0315148257100527,0.002));
#5121=CARTESIAN_POINT('',(0.00271550731375961,-0.0314819285208795,0.002));
#5122=CARTESIAN_POINT('',(0.00286748500279902,-0.0316804298610116,0.002));
#5123=CARTESIAN_POINT('',(0.0149810858674554,-0.02240594806592,0.002));
#5124=CARTESIAN_POINT('',(-0.000891948364261073,-0.0345587479360597,0.002));
#5125=CARTESIAN_POINT('',(-0.00104392605330048,-0.0343602465959276,0.002));
#5126=CARTESIAN_POINT('',(-0.00107682324247367,-0.0346080726941184,0.002));
#5127=CARTESIAN_POINT('',(-0.00622751699937114,-0.0339243539569445,0.002));
#5128=CARTESIAN_POINT('',(-0.00334977836242091,-0.0343063537262255,0.002));
#5129=CARTESIAN_POINT('',(-0.00331688117324772,-0.0340585276280347,0.002));
#5130=CARTESIAN_POINT('',(-0.00179066671144715,-0.000500000000000014,0.018));
#5131=CARTESIAN_POINT('',(0.00470933328855287,0.0033701024412966,0.018));
#5132=CARTESIAN_POINT('',(0.00470933328855287,0.03315,0.018));
#5133=CARTESIAN_POINT('',(0.00470933328855287,0.0323518504251546,0.018));
#5134=CARTESIAN_POINT('',(0.00570933328855287,0.0323518504251546,0.018));
#5135=CARTESIAN_POINT('',(0.00570933328855287,0.03115,0.018));
#5136=CARTESIAN_POINT('',(-0.00179066671144713,0.03115,0.018));
#5137=CARTESIAN_POINT('',(0.075527282994215,0.03115,0.018));
#5138=CARTESIAN_POINT('',(0.0751574828633982,0.0299481495748453,0.018));
#5139=CARTESIAN_POINT('',(0.0763593332885529,0.0303179497056622,0.018));
#5140=CARTESIAN_POINT('',(0.0763593332885529,-0.000500000000000009,0.018));
#5141=CARTESIAN_POINT('',(0.0763593332885529,-0.0313179497056622,0.018));
#5142=CARTESIAN_POINT('',(0.0751574828633982,-0.0309481495748453,0.018));
#5143=CARTESIAN_POINT('',(0.075527282994215,-0.03215,0.018));
#5144=CARTESIAN_POINT('',(-0.00179066671144713,-0.03215,0.018));
#5145=CARTESIAN_POINT('',(0.00570933328855287,-0.03215,0.018));
#5146=CARTESIAN_POINT('',(0.00570933328855287,-0.0333518504251547,0.018));
#5147=CARTESIAN_POINT('',(0.00470933328855287,-0.0333518504251547,0.018));
#5148=CARTESIAN_POINT('',(0.00470933328855287,-0.0335201024412966,0.018));
#5149=CARTESIAN_POINT('',(0.00470933328855287,-0.03415,0.018));
#5150=CARTESIAN_POINT('',(0.00270933328855287,-0.03415,0.018));
#5151=CARTESIAN_POINT('',(0.00270933328855287,-0.03615,0.018));
#5152=CARTESIAN_POINT('',(-0.00179066671144711,-0.03615,0.018));
#5153=CARTESIAN_POINT('',(0.0803593332885529,-0.03615,0.018));
#5154=CARTESIAN_POINT('',(0.0803593332885529,-0.000500000000000007,0.018));
#5155=CARTESIAN_POINT('',(0.0803593332885529,0.03515,0.018));
#5156=CARTESIAN_POINT('',(-0.00179066671144713,0.03515,0.018));
#5157=CARTESIAN_POINT('',(0.00270933328855287,0.03515,0.018));
#5158=CARTESIAN_POINT('',(0.00270933328855287,0.03315,0.018));
#5159=CARTESIAN_POINT('',(-0.00179066671144713,0.03115,0.018));
#5160=CARTESIAN_POINT('',(0.00570933328855287,0.03115,0.018));
#5161=CARTESIAN_POINT('',(0.00570933328855287,0.0323179497056622,0.0162480754415067));
#5162=CARTESIAN_POINT('',(0.00270933328855287,0.0323179497056622,0.0162480754415067));
#5163=CARTESIAN_POINT('',(0.00369902573085043,0.03515,0.012));
#5164=CARTESIAN_POINT('',(-0.00179066671144713,0.03515,0.012));
#5165=CARTESIAN_POINT('',(0.079527282994215,0.03515,0.012));
#5166=CARTESIAN_POINT('',(0.0757230595340592,0.0313457765398442,0.0177063351902337));
#5167=CARTESIAN_POINT('',(-0.00179066671144715,-0.000500000000000014,0.018));
#5168=CARTESIAN_POINT('',(-0.00179066671144713,0.03115,0.018));
#5169=CARTESIAN_POINT('',(-0.0791086164171093,0.03115,0.018));
#5170=CARTESIAN_POINT('',(-0.00929066671144713,0.03115,0.018));
#5171=CARTESIAN_POINT('',(-0.00929066671144713,0.0323518504251546,0.018));
#5172=CARTESIAN_POINT('',(-0.00829066671144713,0.0323518504251546,0.018));
#5173=CARTESIAN_POINT('',(-0.00829066671144712,-0.00049999999999998,0.018));
#5174=CARTESIAN_POINT('',(-0.00829066671144713,0.03315,0.018));
#5175=CARTESIAN_POINT('',(-0.00629066671144713,0.03315,0.018));
#5176=CARTESIAN_POINT('',(-0.00629066671144713,0.03515,0.018));
#5177=CARTESIAN_POINT('',(-0.00179066671144713,0.03515,0.018));
#5178=CARTESIAN_POINT('',(-0.0839406667114471,0.03515,0.018));
#5179=CARTESIAN_POINT('',(-0.0839406667114471,-0.000500000000000007,0.018));
#5180=CARTESIAN_POINT('',(-0.0839406667114471,-0.0159846978709102,0.018));
#5181=CARTESIAN_POINT('',(-0.0819406667114471,-0.0159846978709102,0.018));
#5182=CARTESIAN_POINT('',(-0.0819406667114471,-0.0139846978709102,0.018));
#5183=CARTESIAN_POINT('',(-0.0551817252219307,-0.0139846978709102,0.018));
#5184=CARTESIAN_POINT('',(-0.0811425171366018,-0.0139846978709102,0.018));
#5185=CARTESIAN_POINT('',(-0.0811425171366018,-0.0129846978709102,0.018));
#5186=CARTESIAN_POINT('',(-0.0799406667114471,-0.0129846978709102,0.018));
#5187=CARTESIAN_POINT('',(-0.0799406667114471,-0.000500000000000014,0.018));
#5188=CARTESIAN_POINT('',(-0.0799406667114471,0.0303179497056622,0.018));
#5189=CARTESIAN_POINT('',(-0.0787388162862925,0.0299481495748453,0.018));
#5190=CARTESIAN_POINT('',(-0.00179066671144715,-0.03615,0.012));
#5191=CARTESIAN_POINT('',(0.0797230595340592,-0.0363457765398442,0.0117063351902337));
#5192=CARTESIAN_POINT('',(0.079527282994215,-0.03615,0.012));
#5193=CARTESIAN_POINT('',(-0.00179066671144711,-0.03615,0.012));
#5194=CARTESIAN_POINT('',(0.00369902573085041,-0.03615,0.012));
#5195=CARTESIAN_POINT('',(0.00270933328855287,-0.0333179497056622,0.0162480754415068));
#5196=CARTESIAN_POINT('',(0.00570933328855287,-0.0333179497056622,0.0162480754415068));
#5197=CARTESIAN_POINT('',(0.00570933328855287,-0.03615,0.012));
#5198=CARTESIAN_POINT('',(-0.00179066671144715,-0.0385,0.002));
#5199=CARTESIAN_POINT('',(-0.0528406667114471,-0.0385,0.013));
#5200=CARTESIAN_POINT('',(-0.0528406667114471,-0.0385,0.014));
#5201=CARTESIAN_POINT('',(-0.0538406667114471,-0.0385,0.013));
#5202=CARTESIAN_POINT('',(-0.00179066671144714,-0.0385,0.014));
#5203=CARTESIAN_POINT('',(-0.0448406667114471,-0.0385,0.014));
#5204=CARTESIAN_POINT('',(-0.0448406667114471,-0.0385,0.013));
#5205=CARTESIAN_POINT('',(-0.0438406667114471,-0.0385,0.013));
#5206=CARTESIAN_POINT('',(-0.0438406667114471,-0.0385,0.0102));
#5207=CARTESIAN_POINT('',(-0.0438406667114471,-0.0385,0.0107));
#5208=CARTESIAN_POINT('',(-0.0448406667114471,-0.0385,0.0107));
#5209=CARTESIAN_POINT('',(-0.0448406667114471,-0.0385,0.0097));
#5210=CARTESIAN_POINT('',(-0.0533406667114471,-0.0385,0.0097));
#5211=CARTESIAN_POINT('',(-0.0528406667114471,-0.0385,0.0097));
#5212=CARTESIAN_POINT('',(-0.0528406667114471,-0.0385,0.0107));
#5213=CARTESIAN_POINT('',(-0.0538406667114471,-0.0385,0.0107));
#5214=CARTESIAN_POINT('',(-0.0538406667114471,-0.0385,0.002));
#5215=CARTESIAN_POINT('',(-0.00179066671144715,-0.0385,0.005));
#5216=CARTESIAN_POINT('',(-0.00179066671144715,-0.0385,0.02));
#5217=CARTESIAN_POINT('',(-0.0773006667114471,-0.0385,0.012));
#5218=CARTESIAN_POINT('',(-0.0783006667114471,-0.0385,0.012));
#5219=CARTESIAN_POINT('',(-0.0773006667114471,-0.0385,0.011));
#5220=CARTESIAN_POINT('',(-0.0783006667114471,-0.0385,0.002));
#5221=CARTESIAN_POINT('',(-0.0783006667114471,-0.0385,0.013));
#5222=CARTESIAN_POINT('',(-0.0773006667114471,-0.0385,0.013));
#5223=CARTESIAN_POINT('',(-0.0773006667114471,-0.0385,0.014));
#5224=CARTESIAN_POINT('',(-0.00179066671144714,-0.0385,0.014));
#5225=CARTESIAN_POINT('',(-0.0645406667114471,-0.0385,0.014));
#5226=CARTESIAN_POINT('',(-0.0645406667114471,-0.0385,0.013));
#5227=CARTESIAN_POINT('',(-0.0635406667114471,-0.0385,0.013));
#5228=CARTESIAN_POINT('',(-0.0635406667114471,-0.0385,0.0115));
#5229=CARTESIAN_POINT('',(-0.0635406667114471,-0.0385,0.012));
#5230=CARTESIAN_POINT('',(-0.0645406667114471,-0.0385,0.012));
#5231=CARTESIAN_POINT('',(-0.0645406667114471,-0.0385,0.011));
#5232=CARTESIAN_POINT('',(-0.0778006667114471,-0.0385,0.011));
#5233=CARTESIAN_POINT('',(-0.00179066671144711,-0.03615,0.02));
#5234=CARTESIAN_POINT('',(0.0803593332885528,-0.03615,0.0101972243622681));
#5235=CARTESIAN_POINT('',(0.0803593332885529,-0.03615,0.0116549623359794));
#5236=CARTESIAN_POINT('',(0.0803593332885529,-0.03615,0.02));
#5237=CARTESIAN_POINT('',(-0.0839406667114471,-0.03615,0.02));
#5238=CARTESIAN_POINT('',(-0.0839406667114471,-0.03615,0.02));
#5239=CARTESIAN_POINT('',(-0.00179066671144711,-0.03615,0.02));
#5240=CARTESIAN_POINT('',(0.0803593332885529,-0.03615,0.02));
#5241=CARTESIAN_POINT('',(0.0803593332885529,-0.03615,0.02));
#5242=CARTESIAN_POINT('',(0.00270933328855287,-0.03615,0.012));
#5243=CARTESIAN_POINT('',(0.00270933328855287,-0.03615,0.0123027756377321));
#5244=CARTESIAN_POINT('',(0.00369902573085041,-0.03615,0.012));
#5245=CARTESIAN_POINT('',(0.00334589316193085,-0.03615,0.012));
#5246=CARTESIAN_POINT('',(0.00299400530888985,-0.03615,0.0121026502675488));
#5247=CARTESIAN_POINT('',(0.00270933328855287,-0.03615,0.0123027756377321));
#5248=CARTESIAN_POINT('',(-0.0448406667114471,-0.03615,0.013));
#5249=CARTESIAN_POINT('',(-0.0448406667114471,-0.03615,0.014));
#5250=CARTESIAN_POINT('',(-0.0438406667114471,-0.03615,0.013));
#5251=CARTESIAN_POINT('',(-0.0533406667114471,-0.03615,0.014));
#5252=CARTESIAN_POINT('',(-0.0528406667114471,-0.03615,0.014));
#5253=CARTESIAN_POINT('',(-0.0528406667114471,-0.03615,0.013));
#5254=CARTESIAN_POINT('',(-0.0538406667114471,-0.03615,0.013));
#5255=CARTESIAN_POINT('',(-0.0538406667114471,-0.03615,0.0102));
#5256=CARTESIAN_POINT('',(-0.0538406667114471,-0.03615,0.0107));
#5257=CARTESIAN_POINT('',(-0.0528406667114471,-0.03615,0.0107));
#5258=CARTESIAN_POINT('',(-0.0528406667114471,-0.03615,0.0097));
#5259=CARTESIAN_POINT('',(-0.00179066671144711,-0.03615,0.0097));
#5260=CARTESIAN_POINT('',(-0.0448406667114471,-0.03615,0.0097));
#5261=CARTESIAN_POINT('',(-0.0448406667114471,-0.03615,0.0107));
#5262=CARTESIAN_POINT('',(-0.0438406667114471,-0.03615,0.0107));
#5263=CARTESIAN_POINT('',(-0.0438406667114471,-0.03615,0.02));
#5264=CARTESIAN_POINT('',(-0.00179066671144711,-0.03615,0.018));
#5265=CARTESIAN_POINT('',(-0.0284227837324142,-0.03615,0.018));
#5266=CARTESIAN_POINT('',(-0.0062906667114471,-0.03615,0.018));
#5267=CARTESIAN_POINT('',(-0.0284227837324142,-0.03615,0.02));
#5268=CARTESIAN_POINT('',(-0.0284227837324142,-0.03615,0.0123027756377321));
#5269=CARTESIAN_POINT('',(-0.0274330912901167,-0.03615,0.012));
#5270=CARTESIAN_POINT('',(-0.0277862238590363,-0.03615,0.012));
#5271=CARTESIAN_POINT('',(-0.0281381117120772,-0.03615,0.0121026502675489));
#5272=CARTESIAN_POINT('',(-0.0284227837324142,-0.03615,0.0123027756377321));
#5273=CARTESIAN_POINT('',(-0.0274330912901167,-0.03615,0.012));
#5274=CARTESIAN_POINT('',(-0.00179066671144711,-0.03615,0.012));
#5275=CARTESIAN_POINT('',(-0.00728035915374463,-0.03615,0.012));
#5276=CARTESIAN_POINT('',(-0.00728035915374463,-0.03615,0.012));
#5277=CARTESIAN_POINT('',(-0.00692729442572384,-0.03615,0.012));
#5278=CARTESIAN_POINT('',(-0.0065768238923532,-0.03615,0.0121016061883848));
#5279=CARTESIAN_POINT('',(-0.0062906667114471,-0.03615,0.0123027756377321));
#5280=CARTESIAN_POINT('',(-0.0062906667114471,-0.03615,0.0123027756377321));
#5281=CARTESIAN_POINT('',(-0.0062906667114471,-0.03615,0.02));
#5282=CARTESIAN_POINT('',(-0.0773006667114471,-0.03615,0.013));
#5283=CARTESIAN_POINT('',(-0.0783006667114471,-0.03615,0.013));
#5284=CARTESIAN_POINT('',(-0.0773006667114471,-0.03615,0.014));
#5285=CARTESIAN_POINT('',(-0.0783006667114471,-0.03615,0.0115));
#5286=CARTESIAN_POINT('',(-0.0783006667114471,-0.03615,0.012));
#5287=CARTESIAN_POINT('',(-0.0773006667114471,-0.03615,0.012));
#5288=CARTESIAN_POINT('',(-0.0773006667114471,-0.03615,0.011));
#5289=CARTESIAN_POINT('',(-0.00179066671144711,-0.03615,0.011));
#5290=CARTESIAN_POINT('',(-0.0645406667114471,-0.03615,0.011));
#5291=CARTESIAN_POINT('',(-0.0645406667114471,-0.03615,0.012));
#5292=CARTESIAN_POINT('',(-0.0635406667114471,-0.03615,0.012));
#5293=CARTESIAN_POINT('',(-0.0635406667114471,-0.03615,0.02));
#5294=CARTESIAN_POINT('',(-0.0635406667114471,-0.03615,0.013));
#5295=CARTESIAN_POINT('',(-0.0645406667114471,-0.03615,0.013));
#5296=CARTESIAN_POINT('',(-0.0645406667114471,-0.03615,0.014));
#5297=CARTESIAN_POINT('',(-0.0778006667114471,-0.03615,0.014));
#5298=CARTESIAN_POINT('',(-0.00179066671144715,-0.000500000000000014,0.02));
#5299=CARTESIAN_POINT('',(-0.0893206667114471,-0.000499999999999987,0.02));
#5300=CARTESIAN_POINT('',(-0.0868206667114471,-0.000499999999999987,0.02));
#5301=CARTESIAN_POINT('',(-0.0879406667114471,-0.02115,0.02));
#5302=CARTESIAN_POINT('',(-0.0854406667114471,-0.02115,0.02));
#5303=CARTESIAN_POINT('',(0.0857393332885529,-0.000499999999999936,0.02));
#5304=CARTESIAN_POINT('',(0.0882393332885529,-0.000499999999999936,0.02));
#5305=CARTESIAN_POINT('',(-0.0839406667114471,-0.000500000000000007,0.02));
#5306=CARTESIAN_POINT('',(-0.0839406667114471,0.03515,0.02));
#5307=CARTESIAN_POINT('',(-0.00179066671144713,0.03515,0.02));
#5308=CARTESIAN_POINT('',(0.0803593332885529,0.03515,0.02));
#5309=CARTESIAN_POINT('',(0.0803593332885529,-0.000500000000000007,0.02));
#5310=CARTESIAN_POINT('',(-0.00179066671144712,0.0375,0.02));
#5311=CARTESIAN_POINT('',(-0.0879406667114471,0.02015,0.02));
#5312=CARTESIAN_POINT('',(-0.0854406667114471,0.02015,0.02));
#5313=CARTESIAN_POINT('',(0.0843593332885529,-0.02115,0.02));
#5314=CARTESIAN_POINT('',(0.0868593332885529,-0.02115,0.02));
#5315=CARTESIAN_POINT('',(0.0843593332885529,0.02015,0.02));
#5316=CARTESIAN_POINT('',(0.0868593332885529,0.02015,0.02));
#5317=CARTESIAN_POINT('',(-0.00179066671144715,-0.000500000000000014,0.018));
#5318=CARTESIAN_POINT('',(-0.00179066671144713,-0.03215,0.018));
#5319=CARTESIAN_POINT('',(-0.0254227837324142,-0.03215,0.018));
#5320=CARTESIAN_POINT('',(-0.0092906667114471,-0.03215,0.018));
#5321=CARTESIAN_POINT('',(-0.0254227837324142,-0.0333518504251547,0.018));
#5322=CARTESIAN_POINT('',(-0.0264227837324142,-0.0333518504251547,0.018));
#5323=CARTESIAN_POINT('',(-0.0264227837324142,-0.025067348935455,0.018));
#5324=CARTESIAN_POINT('',(-0.0264227837324142,-0.03415,0.018));
#5325=CARTESIAN_POINT('',(-0.0284227837324142,-0.03415,0.018));
#5326=CARTESIAN_POINT('',(-0.0062906667114471,-0.03415,0.018));
#5327=CARTESIAN_POINT('',(-0.0082906667114471,-0.03415,0.018));
#5328=CARTESIAN_POINT('',(-0.00829066671144712,-0.00049999999999998,0.018));
#5329=CARTESIAN_POINT('',(-0.0082906667114471,-0.0333518504251547,0.018));
#5330=CARTESIAN_POINT('',(-0.0092906667114471,-0.0333518504251547,0.018));
#5331=CARTESIAN_POINT('',(-0.0839406667114471,-0.000500000000000014,0.012));
#5332=CARTESIAN_POINT('',(-0.0839406667114471,-0.000500000000000007,0.012));
#5333=CARTESIAN_POINT('',(-0.0839406667114471,-0.0149950054286126,0.012));
#5334=CARTESIAN_POINT('',(-0.0839406667114471,0.0343179497056622,0.012));
#5335=CARTESIAN_POINT('',(-0.0801364432512913,0.0305137262455063,0.0177063351902337));
#5336=CARTESIAN_POINT('',(-0.0839406667114471,-0.0129846978709102,0.012));
#5337=CARTESIAN_POINT('',(-0.0811086164171093,-0.0129846978709102,0.0162480754415068));
#5338=CARTESIAN_POINT('',(-0.0811086164171093,-0.0159846978709102,0.0162480754415068));
#5339=CARTESIAN_POINT('',(-0.00179066671144712,0.0375,0.002));
#5340=CARTESIAN_POINT('',(-0.00179066671144715,0.0375,0.005));
#5341=CARTESIAN_POINT('',(-0.00470635449396249,-0.000499999999999983,0.002));
#5342=CARTESIAN_POINT('',(-0.0866954163410665,-0.0376186440677966,0.002));
#5343=CARTESIAN_POINT('',(-0.0866954163410665,-0.0376186440677966,0.));
#5344=CARTESIAN_POINT('',(-0.0866954163410665,-0.0376186440677966,0.004));
#5345=CARTESIAN_POINT('',(-0.00470635449396256,-0.000500000000000049,0.004));
#5346=CARTESIAN_POINT('',(-0.0866954163410665,0.0366186440677966,0.004));
#5347=CARTESIAN_POINT('',(-0.0866954163410665,0.0366186440677966,0.002));
#5348=CARTESIAN_POINT('',(-0.0866954163410665,0.0366186440677966,0.));
#5349=CARTESIAN_POINT('',(-0.00470635449396249,-0.000499999999999983,0.));
#5350=CARTESIAN_POINT('',(0.00112502107106822,-0.000499999999999994,0.002));
#5351=CARTESIAN_POINT('',(0.0831140829181722,0.0366186440677966,0.002));
#5352=CARTESIAN_POINT('',(0.0831140829181722,0.0366186440677966,0.));
#5353=CARTESIAN_POINT('',(0.0831140829181722,0.0366186440677966,0.004));
#5354=CARTESIAN_POINT('',(0.00112502107106841,-0.000500000000000042,0.004));
#5355=CARTESIAN_POINT('',(0.0831140829181722,-0.0376186440677966,0.004));
#5356=CARTESIAN_POINT('',(0.0831140829181722,-0.0376186440677966,0.002));
#5357=CARTESIAN_POINT('',(0.0831140829181722,-0.0376186440677966,0.));
#5358=CARTESIAN_POINT('',(0.00112502107106822,-0.000499999999999994,0.));
#5359=CARTESIAN_POINT('',(-0.0839406667114471,-0.000500000000000007,0.02));
#5360=CARTESIAN_POINT('',(-0.0839406667114471,0.03515,0.02));
#5361=CARTESIAN_POINT('',(-0.0839406667114471,0.03515,0.0116549623359793));
#5362=CARTESIAN_POINT('',(-0.0839406667114471,0.03515,0.010197224362268));
#5363=CARTESIAN_POINT('',(-0.0839406667114471,-0.0149950054286126,0.012));
#5364=CARTESIAN_POINT('',(-0.0839406667114471,-0.0153481379975322,0.012));
#5365=CARTESIAN_POINT('',(-0.0839406667114471,-0.0157000258505668,0.0121026502675579));
#5366=CARTESIAN_POINT('',(-0.0839406667114471,-0.0159846978709102,0.012302775637732));
#5367=CARTESIAN_POINT('',(-0.0839406667114471,-0.0159846978709102,0.012302775637732));
#5368=CARTESIAN_POINT('',(-0.0839406667114471,-0.0159846978709102,0.02));
#5369=CARTESIAN_POINT('',(-0.0839406667114471,0.03515,0.02));
#5370=CARTESIAN_POINT('',(-0.00179066671144713,0.03515,0.02));
#5371=CARTESIAN_POINT('',(0.0803593332885529,0.03515,0.02));
#5372=CARTESIAN_POINT('',(0.0803593332885529,0.03515,0.0116549623359793));
#5373=CARTESIAN_POINT('',(0.0803593332885529,0.03515,0.010197224362268));
#5374=CARTESIAN_POINT('',(0.00369902573085043,0.03515,0.012));
#5375=CARTESIAN_POINT('',(0.00334589316193088,0.03515,0.012));
#5376=CARTESIAN_POINT('',(0.00299400530888985,0.03515,0.0121026502675487));
#5377=CARTESIAN_POINT('',(0.00270933328855287,0.03515,0.012302775637732));
#5378=CARTESIAN_POINT('',(0.00270933328855287,0.03515,0.012302775637732));
#5379=CARTESIAN_POINT('',(0.00270933328855287,0.03515,0.02));
#5380=CARTESIAN_POINT('',(0.0803593332885529,0.03515,0.02));
#5381=CARTESIAN_POINT('',(-0.00629066671144713,0.03515,0.012));
#5382=CARTESIAN_POINT('',(-0.00629066671144713,0.03515,0.012302775637732));
#5383=CARTESIAN_POINT('',(-0.00728035915374459,0.03515,0.012));
#5384=CARTESIAN_POINT('',(-0.00692734090474905,0.03515,0.012));
#5385=CARTESIAN_POINT('',(-0.00657577416009269,0.03515,0.0121023441600167));
#5386=CARTESIAN_POINT('',(-0.00629066671144713,0.03515,0.012302775637732));
#5387=CARTESIAN_POINT('',(-0.00728035915374459,0.03515,0.012));
#5388=CARTESIAN_POINT('',(-0.00179066671144713,0.03515,0.012));
#5389=CARTESIAN_POINT('',(-0.0831086164171093,0.03515,0.012));
#5390=CARTESIAN_POINT('',(-0.0839406667114471,0.03515,0.010197224362268));
#5391=CARTESIAN_POINT('',(0.0803593332885529,-0.000500000000000007,0.02));
#5392=CARTESIAN_POINT('',(0.0803593332885529,-0.000500000000000007,0.02));
#5393=CARTESIAN_POINT('',(0.0803593332885529,-0.03615,0.010197224362268));
#5394=CARTESIAN_POINT('',(0.0803593332885529,-0.0353179497056622,0.012));
#5395=CARTESIAN_POINT('',(0.0803593332885529,-0.000500000000000007,0.012));
#5396=CARTESIAN_POINT('',(0.0803593332885529,0.0343179497056622,0.012));
#5397=CARTESIAN_POINT('',(0.0803593332885529,0.03515,0.010197224362268));
#5398=CARTESIAN_POINT('',(-0.00179066671144713,0.03115,0.018));
#5399=CARTESIAN_POINT('',(-0.00629066671144713,0.0323179497056622,0.0162480754415067));
#5400=CARTESIAN_POINT('',(-0.00929066671144713,0.0323179497056622,0.0162480754415067));
#5401=CARTESIAN_POINT('',(-0.00929066671144713,0.03115,0.018));
#5402=CARTESIAN_POINT('',(-0.0833043929569535,0.0353457765398442,0.0117063351902337));
#5403=CARTESIAN_POINT('',(-0.00179066671144715,-0.03615,0.012));
#5404=CARTESIAN_POINT('',(-0.0284227837324142,-0.0333179497056622,0.0162480754415068));
#5405=CARTESIAN_POINT('',(-0.0254227837324142,-0.0333179497056622,0.0162480754415068));
#5406=CARTESIAN_POINT('',(-0.0254227837324142,-0.03215,0.018));
#5407=CARTESIAN_POINT('',(-0.0092906667114471,-0.03415,0.015));
#5408=CARTESIAN_POINT('',(-0.0092906667114471,-0.0333179497056622,0.0162480754415068));
#5409=CARTESIAN_POINT('',(-0.0062906667114471,-0.0333179497056622,0.0162480754415068));
#5410=CARTESIAN_POINT('',(0.0763593332885529,-0.000500000000000009,0.018));
#5411=CARTESIAN_POINT('',(0.0765551098283971,-0.0315137262455064,0.0177063351902337));
#5412=CARTESIAN_POINT('',(0.0805551098283971,0.0345137262455063,0.0117063351902337));
#5413=CARTESIAN_POINT('',(-0.0551817252219307,-0.0139846978709102,0.012));
#5414=CARTESIAN_POINT('',(-0.0819406667114471,-0.0139846978709102,0.012));
#5415=CARTESIAN_POINT('',(-0.0819406667114471,-0.0139846978709102,0.016802775637732));
#5416=CARTESIAN_POINT('',(-0.0759238119320876,-0.0139846978709102,0.0258280578067713));
#5417=CARTESIAN_POINT('',(-0.0264227837324142,-0.025067348935455,0.012));
#5418=CARTESIAN_POINT('',(-0.0264227837324142,-0.0349820502943378,0.0155547001962253));
#5419=CARTESIAN_POINT('',(-0.0264227837324142,-0.03415,0.0168027756377321));
#5420=CARTESIAN_POINT('',(-0.0264227837324142,-0.03415,0.012));
#5421=CARTESIAN_POINT('',(-0.0879406667114471,0.02015,0.017));
#5422=CARTESIAN_POINT('',(-0.0879406667114471,0.02015,0.017));
#5423=CARTESIAN_POINT('',(-0.0854406667114471,0.02015,0.017));
#5424=CARTESIAN_POINT('',(-0.00179066671144715,-0.000500000000000014,0.017));
#5425=CARTESIAN_POINT('',(0.0843593332885529,-0.02115,0.017));
#5426=CARTESIAN_POINT('',(0.0843593332885529,-0.02115,0.017));
#5427=CARTESIAN_POINT('',(0.0868593332885529,-0.02115,0.017));
#5428=CARTESIAN_POINT('',(-0.00179066671144715,-0.000500000000000014,0.017));
#5429=CARTESIAN_POINT('',(0.0857393332885529,-0.000499999999999936,0.017));
#5430=CARTESIAN_POINT('',(0.0857393332885529,-0.000499999999999936,0.017));
#5431=CARTESIAN_POINT('',(0.0882393332885529,-0.000499999999999936,0.017));
#5432=CARTESIAN_POINT('',(-0.00179066671144715,-0.000500000000000014,0.017));
#5433=CARTESIAN_POINT('',(0.0843593332885529,0.02015,0.017));
#5434=CARTESIAN_POINT('',(0.0843593332885529,0.02015,0.017));
#5435=CARTESIAN_POINT('',(0.0868593332885529,0.02015,0.017));
#5436=CARTESIAN_POINT('',(-0.00179066671144715,-0.000500000000000014,0.017));
#5437=CARTESIAN_POINT('',(-0.0879406667114471,-0.02115,0.017));
#5438=CARTESIAN_POINT('',(-0.0879406667114471,-0.02115,0.017));
#5439=CARTESIAN_POINT('',(-0.0854406667114471,-0.02115,0.017));
#5440=CARTESIAN_POINT('',(-0.00179066671144715,-0.000500000000000014,0.017));
#5441=CARTESIAN_POINT('',(-0.0893206667114471,-0.000499999999999987,0.017));
#5442=CARTESIAN_POINT('',(-0.0893206667114471,-0.000499999999999987,0.017));
#5443=CARTESIAN_POINT('',(-0.0868206667114471,-0.000499999999999987,0.017));
#5444=CARTESIAN_POINT('',(-0.00179066671144715,-0.000500000000000014,0.017));
#5445=CARTESIAN_POINT('',(-0.0488406667114471,-0.06115,0.0102));
#5446=CARTESIAN_POINT('',(-0.0448406667114471,-0.03615,0.0102));
#5447=CARTESIAN_POINT('',(-0.0448406667114471,-0.038,0.0102));
#5448=CARTESIAN_POINT('',(-0.0448406667114471,-0.03665,0.0102));
#5449=CARTESIAN_POINT('',(-0.0488406667114471,-0.03665,0.0102));
#5450=CARTESIAN_POINT('',(-0.0528406667114471,-0.03665,0.0102));
#5451=CARTESIAN_POINT('',(-0.0528406667114471,-0.06115,0.0102));
#5452=CARTESIAN_POINT('',(-0.0528406667114471,-0.038,0.0102));
#5453=CARTESIAN_POINT('',(-0.0443406667114471,-0.038,0.0102));
#5454=CARTESIAN_POINT('',(-0.0533406667114471,-0.06115,0.01185));
#5455=CARTESIAN_POINT('',(-0.0533406667114471,-0.03665,0.0135));
#5456=CARTESIAN_POINT('',(-0.0533406667114471,-0.03665,0.0107));
#5457=CARTESIAN_POINT('',(-0.0533406667114471,-0.03665,0.013));
#5458=CARTESIAN_POINT('',(-0.0533406667114471,-0.0385,0.013));
#5459=CARTESIAN_POINT('',(-0.0533406667114471,-0.038,0.013));
#5460=CARTESIAN_POINT('',(-0.0533406667114471,-0.038,0.01185));
#5461=CARTESIAN_POINT('',(-0.0533406667114471,-0.038,0.0107));
#5462=CARTESIAN_POINT('',(-0.0533406667114471,-0.06115,0.0107));
#5463=CARTESIAN_POINT('',(-0.0488406667114471,-0.06115,0.0135));
#5464=CARTESIAN_POINT('',(-0.0443406667114471,-0.03665,0.0135));
#5465=CARTESIAN_POINT('',(-0.0528406667114471,-0.03665,0.0135));
#5466=CARTESIAN_POINT('',(-0.0448406667114471,-0.03665,0.0135));
#5467=CARTESIAN_POINT('',(-0.0448406667114471,-0.06115,0.0135));
#5468=CARTESIAN_POINT('',(-0.0448406667114471,-0.038,0.0135));
#5469=CARTESIAN_POINT('',(-0.0488406667114471,-0.038,0.0135));
#5470=CARTESIAN_POINT('',(-0.0528406667114471,-0.038,0.0135));
#5471=CARTESIAN_POINT('',(-0.0528406667114471,-0.03615,0.0135));
#5472=CARTESIAN_POINT('',(-0.0443406667114471,-0.06115,0.01185));
#5473=CARTESIAN_POINT('',(-0.0443406667114471,-0.038,0.0135));
#5474=CARTESIAN_POINT('',(-0.0443406667114471,-0.038,0.0107));
#5475=CARTESIAN_POINT('',(-0.0443406667114471,-0.038,0.013));
#5476=CARTESIAN_POINT('',(-0.0443406667114471,-0.06115,0.013));
#5477=CARTESIAN_POINT('',(-0.0443406667114471,-0.03665,0.013));
#5478=CARTESIAN_POINT('',(-0.0443406667114471,-0.03665,0.01185));
#5479=CARTESIAN_POINT('',(-0.0443406667114471,-0.03665,0.0107));
#5480=CARTESIAN_POINT('',(-0.0443406667114471,-0.0385,0.0107));
#5481=CARTESIAN_POINT('',(-0.0709206667114471,-0.06115,0.0115));
#5482=CARTESIAN_POINT('',(-0.0709206667114471,-0.03665,0.0115));
#5483=CARTESIAN_POINT('',(-0.0645406667114471,-0.03665,0.0115));
#5484=CARTESIAN_POINT('',(-0.0773006667114471,-0.03665,0.0115));
#5485=CARTESIAN_POINT('',(-0.0773006667114471,-0.06115,0.0115));
#5486=CARTESIAN_POINT('',(-0.0773006667114471,-0.038,0.0115));
#5487=CARTESIAN_POINT('',(-0.0640406667114471,-0.038,0.0115));
#5488=CARTESIAN_POINT('',(-0.0645406667114471,-0.038,0.0115));
#5489=CARTESIAN_POINT('',(-0.0645406667114471,-0.03615,0.0115));
#5490=CARTESIAN_POINT('',(-0.0778006667114471,-0.06115,0.0125));
#5491=CARTESIAN_POINT('',(-0.0778006667114471,-0.03665,0.0135));
#5492=CARTESIAN_POINT('',(-0.0778006667114471,-0.03665,0.012));
#5493=CARTESIAN_POINT('',(-0.0778006667114471,-0.03665,0.013));
#5494=CARTESIAN_POINT('',(-0.0778006667114471,-0.0385,0.013));
#5495=CARTESIAN_POINT('',(-0.0778006667114471,-0.038,0.013));
#5496=CARTESIAN_POINT('',(-0.0778006667114471,-0.038,0.0125));
#5497=CARTESIAN_POINT('',(-0.0778006667114471,-0.038,0.012));
#5498=CARTESIAN_POINT('',(-0.0778006667114471,-0.06115,0.012));
#5499=CARTESIAN_POINT('',(-0.0709206667114471,-0.06115,0.0135));
#5500=CARTESIAN_POINT('',(-0.0709206667114471,-0.038,0.0135));
#5501=CARTESIAN_POINT('',(-0.0645406667114471,-0.038,0.0135));
#5502=CARTESIAN_POINT('',(-0.0773006667114471,-0.038,0.0135));
#5503=CARTESIAN_POINT('',(-0.0773006667114471,-0.03615,0.0135));
#5504=CARTESIAN_POINT('',(-0.0773006667114471,-0.03665,0.0135));
#5505=CARTESIAN_POINT('',(-0.0640406667114471,-0.03665,0.0135));
#5506=CARTESIAN_POINT('',(-0.0645406667114471,-0.03665,0.0135));
#5507=CARTESIAN_POINT('',(-0.0645406667114471,-0.06115,0.0135));
#5508=CARTESIAN_POINT('',(-0.0640406667114471,-0.06115,0.0125));
#5509=CARTESIAN_POINT('',(-0.0640406667114471,-0.06115,0.013));
#5510=CARTESIAN_POINT('',(-0.0640406667114471,-0.038,0.013));
#5511=CARTESIAN_POINT('',(-0.0640406667114471,-0.03665,0.013));
#5512=CARTESIAN_POINT('',(-0.0640406667114471,-0.03665,0.0125));
#5513=CARTESIAN_POINT('',(-0.0640406667114471,-0.03665,0.012));
#5514=CARTESIAN_POINT('',(-0.0640406667114471,-0.0385,0.012));
#5515=CARTESIAN_POINT('',(-0.0640406667114471,-0.038,0.012));
#5516=CARTESIAN_POINT('',(-0.0640406667114471,-0.038,0.0135));
#5517=CARTESIAN_POINT('',(-0.0635406667114471,-0.038,0.0125));
#5518=CARTESIAN_POINT('',(-0.0635406667114471,-0.038,0.012));
#5519=CARTESIAN_POINT('',(-0.0635406667114471,-0.038,0.013));
#5520=CARTESIAN_POINT('',(-0.0645406667114471,-0.038,0.012));
#5521=CARTESIAN_POINT('',(-0.0645406667114471,-0.038,0.012));
#5522=CARTESIAN_POINT('',(-0.0645406667114471,-0.038,0.011));
#5523=CARTESIAN_POINT('',(-0.0645406667114471,-0.038,0.013));
#5524=CARTESIAN_POINT('',(-0.0645406667114471,-0.038,0.014));
#5525=CARTESIAN_POINT('',(-0.0645406667114471,-0.038,0.013));
#5526=CARTESIAN_POINT('',(-0.0645406667114471,-0.06115,0.012));
#5527=CARTESIAN_POINT('',(-0.0645406667114471,-0.03665,0.012));
#5528=CARTESIAN_POINT('',(-0.0709206667114471,-0.038,0.011));
#5529=CARTESIAN_POINT('',(-0.0773006667114471,-0.038,0.011));
#5530=CARTESIAN_POINT('',(-0.0783006667114471,-0.038,0.002));
#5531=CARTESIAN_POINT('',(-0.0783006667114471,-0.038,0.013));
#5532=CARTESIAN_POINT('',(-0.0783006667114471,-0.038,0.012));
#5533=CARTESIAN_POINT('',(-0.00179066671144714,-0.038,0.014));
#5534=CARTESIAN_POINT('',(-0.0773006667114471,-0.038,0.014));
#5535=CARTESIAN_POINT('',(-0.0645406667114471,-0.06115,0.013));
#5536=CARTESIAN_POINT('',(-0.0645406667114471,-0.03665,0.013));
#5537=CARTESIAN_POINT('',(-0.0635406667114471,-0.03665,0.02));
#5538=CARTESIAN_POINT('',(-0.0635406667114471,-0.03665,0.013));
#5539=CARTESIAN_POINT('',(-0.0635406667114471,-0.03665,0.012));
#5540=CARTESIAN_POINT('',(-0.0645406667114471,-0.03665,0.012));
#5541=CARTESIAN_POINT('',(-0.0645406667114471,-0.03665,0.011));
#5542=CARTESIAN_POINT('',(-0.0773006667114471,-0.038,0.012));
#5543=CARTESIAN_POINT('',(-0.0773006667114471,-0.038,0.012));
#5544=CARTESIAN_POINT('',(-0.0773006667114471,-0.038,0.013));
#5545=CARTESIAN_POINT('',(-0.0773006667114471,-0.038,0.013));
#5546=CARTESIAN_POINT('',(-0.0645406667114471,-0.03665,0.013));
#5547=CARTESIAN_POINT('',(-0.0645406667114471,-0.03665,0.014));
#5548=CARTESIAN_POINT('',(-0.00179066671144711,-0.03665,0.011));
#5549=CARTESIAN_POINT('',(-0.0773006667114471,-0.03665,0.011));
#5550=CARTESIAN_POINT('',(-0.0773006667114471,-0.06115,0.012));
#5551=CARTESIAN_POINT('',(-0.0773006667114471,-0.03665,0.012));
#5552=CARTESIAN_POINT('',(-0.0773006667114471,-0.06115,0.013));
#5553=CARTESIAN_POINT('',(-0.0773006667114471,-0.03665,0.013));
#5554=CARTESIAN_POINT('',(-0.0709206667114471,-0.03665,0.014));
#5555=CARTESIAN_POINT('',(-0.0773006667114471,-0.03665,0.014));
#5556=CARTESIAN_POINT('',(-0.0773006667114471,-0.03665,0.012));
#5557=CARTESIAN_POINT('',(-0.0783006667114471,-0.03665,0.012));
#5558=CARTESIAN_POINT('',(-0.0773006667114471,-0.03665,0.013));
#5559=CARTESIAN_POINT('',(-0.0783006667114471,-0.03665,0.013));
#5560=CARTESIAN_POINT('',(-0.0783006667114471,-0.03665,0.0125));
#5561=CARTESIAN_POINT('',(-0.0488406667114471,-0.038,0.0097));
#5562=CARTESIAN_POINT('',(-0.0528406667114471,-0.038,0.0097));
#5563=CARTESIAN_POINT('',(-0.0448406667114471,-0.038,0.0097));
#5564=CARTESIAN_POINT('',(-0.0528406667114471,-0.038,0.0107));
#5565=CARTESIAN_POINT('',(-0.0528406667114471,-0.038,0.0107));
#5566=CARTESIAN_POINT('',(-0.0538406667114471,-0.038,0.0107));
#5567=CARTESIAN_POINT('',(-0.0448406667114471,-0.038,0.0107));
#5568=CARTESIAN_POINT('',(-0.0438406667114471,-0.038,0.0107));
#5569=CARTESIAN_POINT('',(-0.0448406667114471,-0.038,0.0107));
#5570=CARTESIAN_POINT('',(-0.0528406667114471,-0.06115,0.0107));
#5571=CARTESIAN_POINT('',(-0.0528406667114471,-0.03665,0.0107));
#5572=CARTESIAN_POINT('',(-0.0538406667114471,-0.038,0.002));
#5573=CARTESIAN_POINT('',(-0.0538406667114471,-0.038,0.013));
#5574=CARTESIAN_POINT('',(-0.00179066671144714,-0.038,0.014));
#5575=CARTESIAN_POINT('',(-0.0448406667114471,-0.038,0.014));
#5576=CARTESIAN_POINT('',(-0.0528406667114471,-0.038,0.014));
#5577=CARTESIAN_POINT('',(-0.0438406667114471,-0.038,0.01185));
#5578=CARTESIAN_POINT('',(-0.0438406667114471,-0.038,0.013));
#5579=CARTESIAN_POINT('',(-0.0448406667114471,-0.06115,0.0107));
#5580=CARTESIAN_POINT('',(-0.0448406667114471,-0.03665,0.0107));
#5581=CARTESIAN_POINT('',(-0.00179066671144711,-0.03665,0.0097));
#5582=CARTESIAN_POINT('',(-0.0448406667114471,-0.03665,0.0097));
#5583=CARTESIAN_POINT('',(-0.0528406667114471,-0.03665,0.0097));
#5584=CARTESIAN_POINT('',(-0.0528406667114471,-0.03665,0.0107));
#5585=CARTESIAN_POINT('',(-0.0538406667114471,-0.03665,0.0107));
#5586=CARTESIAN_POINT('',(-0.0528406667114471,-0.038,0.013));
#5587=CARTESIAN_POINT('',(-0.0528406667114471,-0.038,0.013));
#5588=CARTESIAN_POINT('',(-0.0448406667114471,-0.038,0.013));
#5589=CARTESIAN_POINT('',(-0.0448406667114471,-0.038,0.013));
#5590=CARTESIAN_POINT('',(-0.0448406667114471,-0.03665,0.0107));
#5591=CARTESIAN_POINT('',(-0.0438406667114471,-0.03665,0.0107));
#5592=CARTESIAN_POINT('',(-0.0538406667114471,-0.03665,0.01185));
#5593=CARTESIAN_POINT('',(-0.0538406667114471,-0.03665,0.013));
#5594=CARTESIAN_POINT('',(-0.0528406667114471,-0.06115,0.013));
#5595=CARTESIAN_POINT('',(-0.0528406667114471,-0.03665,0.013));
#5596=CARTESIAN_POINT('',(-0.0448406667114471,-0.06115,0.013));
#5597=CARTESIAN_POINT('',(-0.0448406667114471,-0.03665,0.013));
#5598=CARTESIAN_POINT('',(-0.0438406667114471,-0.03665,0.02));
#5599=CARTESIAN_POINT('',(-0.0438406667114471,-0.03665,0.013));
#5600=CARTESIAN_POINT('',(-0.0528406667114471,-0.03665,0.013));
#5601=CARTESIAN_POINT('',(-0.0528406667114471,-0.03665,0.014));
#5602=CARTESIAN_POINT('',(-0.0448406667114471,-0.03665,0.013));
#5603=CARTESIAN_POINT('',(-0.0448406667114471,-0.03665,0.014));
#5604=CARTESIAN_POINT('',(-0.0488406667114471,-0.03665,0.014));
#5605=CARTESIAN_POINT('',(-0.00829066671144712,-0.00049999999999998,0.012));
#5606=CARTESIAN_POINT('',(-0.0082906667114471,-0.03415,0.012));
#5607=CARTESIAN_POINT('',(-0.0082906667114471,-0.03415,0.0168027756377321));
#5608=CARTESIAN_POINT('',(-0.0082906667114471,-0.0329820502943379,0.0185547001962252));
#5609=CARTESIAN_POINT('',(0.00470933328855287,-0.0335201024412966,0.012));
#5610=CARTESIAN_POINT('',(0.00470933328855287,-0.036172851045506,0.013768499069473));
#5611=CARTESIAN_POINT('',(0.00470933328855287,-0.03415,0.0168027756377321));
#5612=CARTESIAN_POINT('',(0.00470933328855287,-0.03415,0.018));
#5613=CARTESIAN_POINT('',(-0.00829066671144712,-0.00049999999999998,0.0082));
#5614=CARTESIAN_POINT('',(-0.00829066671144713,0.0339820502943379,0.0155547001962252));
#5615=CARTESIAN_POINT('',(-0.00829066671144713,0.03315,0.016802775637732));
#5616=CARTESIAN_POINT('',(-0.00829066671144713,0.03315,0.018));
#5617=CARTESIAN_POINT('',(0.00470933328855287,0.0033701024412966,0.0082));
#5618=CARTESIAN_POINT('',(0.00470933328855287,0.03315,0.0082));
#5619=CARTESIAN_POINT('',(0.00470933328855287,0.03315,0.016802775637732));
#5620=CARTESIAN_POINT('',(0.00470933328855287,0.0279574664301214,0.0245915759925499));
#5621=CARTESIAN_POINT('',(0.00270933328855287,0.03315,0.02));
#5622=CARTESIAN_POINT('',(0.00270933328855287,0.03315,0.016802775637732));
#5623=CARTESIAN_POINT('',(-0.00629066671144713,0.03315,0.0082));
#5624=CARTESIAN_POINT('',(-0.00629066671144713,0.03315,0.016802775637732));
#5625=CARTESIAN_POINT('',(-0.0284227837324142,-0.03415,0.012));
#5626=CARTESIAN_POINT('',(-0.0284227837324142,-0.03415,0.0168027756377321));
#5627=CARTESIAN_POINT('',(-0.0819406667114471,-0.0159846978709102,0.02));
#5628=CARTESIAN_POINT('',(-0.0819406667114471,-0.0159846978709102,0.016802775637732));
#5629=CARTESIAN_POINT('',(0.00270933328855287,-0.03415,0.012));
#5630=CARTESIAN_POINT('',(0.00270933328855287,-0.03415,0.0168027756377321));
#5631=CARTESIAN_POINT('',(-0.0062906667114471,-0.03415,0.02));
#5632=CARTESIAN_POINT('',(-0.0062906667114471,-0.03415,0.0168027756377321));
#5633=CARTESIAN_POINT('',(0.00570933328855287,0.0319820502943379,0.0185547001962252));
#5634=CARTESIAN_POINT('',(0.00570933328855287,0.03315,0.016802775637732));
#5635=CARTESIAN_POINT('',(0.00470933328855287,0.03315,0.016802775637732));
#5636=CARTESIAN_POINT('',(0.00470933328855287,0.0323179497056622,0.0162480754415068));
#5637=CARTESIAN_POINT('',(0.00570933328855287,0.0323179497056622,0.0162480754415068));
#5638=CARTESIAN_POINT('',(0.00470933328855287,0.033676740374245,0.0156176097956548));
#5639=CARTESIAN_POINT('',(0.00490683099065197,0.0329570030944607,0.0152894953583243));
#5640=CARTESIAN_POINT('',(0.0057093332885504,0.0331080602670454,0.0150629095994318));
#5641=CARTESIAN_POINT('',(0.00427046655057082,0.0347259163763164,0.0132569637910283));
#5642=CARTESIAN_POINT('',(0.00469996431666243,0.0344507694289687,0.0130488458565404));
#5643=CARTESIAN_POINT('',(0.00505103318158095,0.0346818242701315,0.0127022635948027));
#5644=CARTESIAN_POINT('',(0.00321720100538009,0.0351548755119206,0.0122918057359199));
#5645=CARTESIAN_POINT('',(0.00333215581095813,0.0351570857157477,0.0119893714263782));
#5646=CARTESIAN_POINT('',(0.00347113486379385,0.0353252629735378,0.0117371055396932));
#5647=CARTESIAN_POINT('',(0.00269048401168658,0.0351499111742179,0.0123029754957417));
#5648=CARTESIAN_POINT('',(0.00268620378908512,0.0351498708328758,0.0120001937506863));
#5649=CARTESIAN_POINT('',(0.00268105937325343,0.035317816466989,0.0117482752995165));
#5650=CARTESIAN_POINT('',(-0.00929066671144713,0.0267666656789532,0.0263777771193021));
#5651=CARTESIAN_POINT('',(-0.00929066671144713,0.03315,0.016802775637732));
#5652=CARTESIAN_POINT('',(-0.00629066671144713,0.03515,0.012302775637732));
#5653=CARTESIAN_POINT('',(-0.00629066671144713,0.03515,0.012));
#5654=CARTESIAN_POINT('',(-0.00629066671144713,0.0353179497056622,0.0117480754415068));
#5655=CARTESIAN_POINT('',(-0.0068142655064378,0.03515,0.0123027756377456));
#5656=CARTESIAN_POINT('',(-0.00693316524916226,0.0351499999999975,0.0120000000000253));
#5657=CARTESIAN_POINT('',(-0.00707606490393262,0.0353179497056533,0.01174807544152));
#5658=CARTESIAN_POINT('',(-0.00785729443869799,0.0347166277339684,0.0132778632363093));
#5659=CARTESIAN_POINT('',(-0.00828560076093295,0.034437324815659,0.0130690127764987));
#5660=CARTESIAN_POINT('',(-0.00864060830232244,0.0346678913066112,0.0127231630400831));
#5661=CARTESIAN_POINT('',(-0.00829066671144713,0.0336735987815557,0.0156246783792059));
#5662=CARTESIAN_POINT('',(-0.00848710218735375,0.0329535659949638,0.015294651007558));
#5663=CARTESIAN_POINT('',(-0.00929066671144959,0.0331033478780113,0.015069978182983));
#5664=CARTESIAN_POINT('',(-0.00829066671144713,0.03315,0.016802775637732));
#5665=CARTESIAN_POINT('',(-0.00829066671144713,0.0323179497056622,0.0162480754415068));
#5666=CARTESIAN_POINT('',(-0.00929066671144713,0.0323179497056622,0.0162480754415068));
#5667=CARTESIAN_POINT('',(0.0682760007105298,-0.0240666674219769,0.0283222232293026));
#5668=CARTESIAN_POINT('',(0.0682760007105298,0.023066667421977,0.0283222232293026));
#5669=CARTESIAN_POINT('',(-0.0609161576628358,0.0121254909513887,0.044733987935185));
#5670=CARTESIAN_POINT('',(-0.0254227837324142,-0.0335720038129394,0.0176697699183229));
#5671=CARTESIAN_POINT('',(-0.0254227837324142,-0.03415,0.0168027756377321));
#5672=CARTESIAN_POINT('',(-0.0254227837324142,-0.0333179497056622,0.0162480754415068));
#5673=CARTESIAN_POINT('',(-0.0264227837324142,-0.0333179497056622,0.0162480754415068));
#5674=CARTESIAN_POINT('',(-0.0264227837324142,-0.03415,0.0168027756377321));
#5675=CARTESIAN_POINT('',(-0.0254227837324142,-0.0341080602670455,0.0150629095994319));
#5676=CARTESIAN_POINT('',(-0.0262252860303093,-0.0339570030944464,0.0152894953583269));
#5677=CARTESIAN_POINT('',(-0.0264227837324142,-0.034676740374245,0.0156176097956548));
#5678=CARTESIAN_POINT('',(-0.0260810838393866,-0.0356818242701326,0.0127022635948012));
#5679=CARTESIAN_POINT('',(-0.0264321527043057,-0.0354507694289759,0.0130488458565378));
#5680=CARTESIAN_POINT('',(-0.0268616504703953,-0.0357259163763164,0.013256963791027));
#5681=CARTESIAN_POINT('',(-0.0276609821571748,-0.0363252629735357,0.0117371055396965));
#5682=CARTESIAN_POINT('',(-0.0277999612100116,-0.0361570857157436,0.0119893714263844));
#5683=CARTESIAN_POINT('',(-0.0279149160155889,-0.0361548755119206,0.0122918057359227));
#5684=CARTESIAN_POINT('',(-0.0284510576477137,-0.036317816466989,0.0117482752995165));
#5685=CARTESIAN_POINT('',(-0.028445913231882,-0.0361498708328758,0.0120001937506864));
#5686=CARTESIAN_POINT('',(-0.0284416330092805,-0.0361499111742179,0.0123029754957418));
#5687=CARTESIAN_POINT('',(-0.084772717005785,-0.0129846978709102,0.0125547001962252));
#5688=CARTESIAN_POINT('',(-0.0819406667114471,-0.0129846978709102,0.016802775637732));
#5689=CARTESIAN_POINT('',(-0.0841084831784361,-0.0160129717862096,0.0117482752995165));
#5690=CARTESIAN_POINT('',(-0.0839405375443229,-0.0160078273703779,0.0120001937506863));
#5691=CARTESIAN_POINT('',(-0.083940577885665,-0.0160035471477764,0.0123029754957417));
#5692=CARTESIAN_POINT('',(-0.0841159296849778,-0.0152228962956707,0.011737105539704));
#5693=CARTESIAN_POINT('',(-0.0839477524271789,-0.0153618753485087,0.0119893714263741));
#5694=CARTESIAN_POINT('',(-0.0839455422233677,-0.0154768301540863,0.0122918057359227));
#5695=CARTESIAN_POINT('',(-0.083472490981582,-0.0136429979778813,0.0127022635947976));
#5696=CARTESIAN_POINT('',(-0.0832414361404194,-0.0139940668427957,0.0130488458565413));
#5697=CARTESIAN_POINT('',(-0.0835165830877568,-0.0144235646088905,0.013256963791023));
#5698=CARTESIAN_POINT('',(-0.0818987269784929,-0.0129846978709126,0.0150629095994313));
#5699=CARTESIAN_POINT('',(-0.0817476698059146,-0.0137872001688149,0.0152894953583337));
#5700=CARTESIAN_POINT('',(-0.0824674070857057,-0.0139846978709102,0.0156176097956626));
#5701=CARTESIAN_POINT('',(-0.0811086164171092,-0.0129846978709102,0.0162480754415068));
#5702=CARTESIAN_POINT('',(-0.0811086164171092,-0.0139846978709102,0.0162480754415068));
#5703=CARTESIAN_POINT('',(-0.0819406667114471,-0.0139846978709102,0.016802775637732));
#5704=CARTESIAN_POINT('',(0.00570933328855287,-0.0369820502943378,0.0125547001962252));
#5705=CARTESIAN_POINT('',(0.00570933328855287,-0.03415,0.0168027756377321));
#5706=CARTESIAN_POINT('',(0.00570933328855287,-0.0333179497056622,0.0162480754415068));
#5707=CARTESIAN_POINT('',(0.00470933328855287,-0.0333179497056622,0.0162480754415068));
#5708=CARTESIAN_POINT('',(0.00470933328855287,-0.03415,0.0168027756377321));
#5709=CARTESIAN_POINT('',(0.0057093332885504,-0.0341080602670409,0.0150629095994387));
#5710=CARTESIAN_POINT('',(0.00490683099064982,-0.0339570030944671,0.0152894953583274));
#5711=CARTESIAN_POINT('',(0.00470933328855287,-0.0346767403742438,0.0156176097956601));
#5712=CARTESIAN_POINT('',(0.00505103318158128,-0.0356818242701349,0.0127022635947977));
#5713=CARTESIAN_POINT('',(0.00469996431666415,-0.0354507694289675,0.0130488458565379));
#5714=CARTESIAN_POINT('',(0.00427046655057082,-0.0357259163763171,0.0132569637910243));
#5715=CARTESIAN_POINT('',(0.0034711348637932,-0.0363252629735357,0.0117371055396964));
#5716=CARTESIAN_POINT('',(0.00333215581095677,-0.0361570857157424,0.0119893714263842));
#5717=CARTESIAN_POINT('',(0.00321720100538009,-0.0361548755119206,0.0122918057359227));
#5718=CARTESIAN_POINT('',(0.00268105937325344,-0.036317816466989,0.0117482752995165));
#5719=CARTESIAN_POINT('',(0.00268620378908513,-0.0361498708328758,0.0120001937506864));
#5720=CARTESIAN_POINT('',(0.00269048401168658,-0.0361499111742179,0.0123029754957418));
#5721=CARTESIAN_POINT('',(-0.0092906667114471,-0.026012819525107,0.0290085463500714));
#5722=CARTESIAN_POINT('',(-0.0092906667114471,-0.03415,0.0168027756377321));
#5723=CARTESIAN_POINT('',(-0.00626239279614767,-0.036317816466989,0.0117482752995165));
#5724=CARTESIAN_POINT('',(-0.00626753721197936,-0.0361498708328758,0.0120001937506864));
#5725=CARTESIAN_POINT('',(-0.00627181743458081,-0.0361499111742179,0.0123029754957418));
#5726=CARTESIAN_POINT('',(-0.00705246828668792,-0.0363252629735357,0.0117371055396965));
#5727=CARTESIAN_POINT('',(-0.00691348923385172,-0.0361570857157424,0.0119893714263842));
#5728=CARTESIAN_POINT('',(-0.00679853442827413,-0.0361548755119206,0.0122918057359227));
#5729=CARTESIAN_POINT('',(-0.00863236660447526,-0.0356818242701355,0.0127022635947969));
#5730=CARTESIAN_POINT('',(-0.00828129773955948,-0.0354507694289751,0.0130488458565392));
#5731=CARTESIAN_POINT('',(-0.00785179997346515,-0.0357259163763171,0.0132569637910231));
#5732=CARTESIAN_POINT('',(-0.00929066671144463,-0.0341080602670398,0.0150629095994404));
#5733=CARTESIAN_POINT('',(-0.008488164413541,-0.0339570030944468,0.0152894953583284));
#5734=CARTESIAN_POINT('',(-0.0082906667114471,-0.0346767403742438,0.0156176097956626));
#5735=CARTESIAN_POINT('',(-0.0092906667114471,-0.0333179497056622,0.0162480754415068));
#5736=CARTESIAN_POINT('',(-0.0082906667114471,-0.0333179497056622,0.0162480754415068));
#5737=CARTESIAN_POINT('',(-0.0082906667114471,-0.03415,0.0168027756377321));
#5738=CARTESIAN_POINT('',(0.000987768319268982,-0.0331195888985357,-0.007));
#5739=CARTESIAN_POINT('',(0.00286748500279903,-0.0316804298610116,0.));
#5740=CARTESIAN_POINT('',(0.00286748500279902,-0.0316804298610116,-0.001));
#5741=CARTESIAN_POINT('',(0.0149810858674554,-0.02240594806592,-0.001));
#5742=CARTESIAN_POINT('',(-0.000891948364261073,-0.0345587479360597,-0.001));
#5743=CARTESIAN_POINT('',(-0.000891948364261065,-0.0345587479360597,0.002));
#5744=CARTESIAN_POINT('',(0.0031470900850701,-0.0301305220518882,-0.007));
#5745=CARTESIAN_POINT('',(0.00326505237984336,-0.0292418705901055,0.));
#5746=CARTESIAN_POINT('',(0.00326505237984336,-0.0292418705901055,-0.001));
#5747=CARTESIAN_POINT('',(0.00692672886469524,-0.00165717357235319,-0.001));
#5748=CARTESIAN_POINT('',(0.00296333341195047,-0.0315148257100527,-0.001));
#5749=CARTESIAN_POINT('',(0.00296333341195047,-0.0315148257100527,0.002));
#5750=CARTESIAN_POINT('',(-0.000301805134837025,-0.0314352491743514,-0.007));
#5751=CARTESIAN_POINT('',(-0.00346885886228714,-0.0338600262879026,0.));
#5752=CARTESIAN_POINT('',(-0.00346885886228714,-0.0338600262879026,-0.001));
#5753=CARTESIAN_POINT('',(0.0136915124133494,-0.0207216083417357,-0.001));
#5754=CARTESIAN_POINT('',(0.00286524859261309,-0.0290104720608001,-0.001));
#5755=CARTESIAN_POINT('',(0.00286524859261309,-0.0290104720608001,0.002));
#5756=CARTESIAN_POINT('',(-0.00246112690063814,-0.0344243160209988,-0.007));
#5757=CARTESIAN_POINT('',(-0.00107682324247367,-0.0346080726941184,0.));
#5758=CARTESIAN_POINT('',(-0.00107682324247367,-0.0346080726941184,-0.001));
#5759=CARTESIAN_POINT('',(-0.00622751699937114,-0.0339243539569445,-0.001));
#5760=CARTESIAN_POINT('',(-0.00334977836242091,-0.0343063537262255,-0.001));
#5761=CARTESIAN_POINT('',(-0.00334977836242091,-0.0343063537262255,0.002));
#5762=CARTESIAN_POINT('',(-0.00648629875745371,-0.0291669521744368,-0.007));
#5763=CARTESIAN_POINT('',(-0.00660426105222697,-0.0300556036362196,0.));
#5764=CARTESIAN_POINT('',(-0.00660426105222697,-0.0300556036362196,-0.001));
#5765=CARTESIAN_POINT('',(-0.00266554446440296,-0.000383866069181173,-0.001));
#5766=CARTESIAN_POINT('',(-0.00630254208433407,-0.0277826485162724,-0.001));
#5767=CARTESIAN_POINT('',(-0.00630254208433407,-0.0277826485162724,0.002));
#5768=CARTESIAN_POINT('',(-0.00303740353754659,-0.0278622250519737,-0.007));
#5769=CARTESIAN_POINT('',(0.000129650189903533,-0.0254374479384224,0.));
#5770=CARTESIAN_POINT('',(0.000129650189903532,-0.0254374479384224,-0.001));
#5771=CARTESIAN_POINT('',(0.0109559140106398,-0.0171485842193581,-0.001));
#5772=CARTESIAN_POINT('',(-0.0062044572649967,-0.0302870021655249,-0.001));
#5773=CARTESIAN_POINT('',(-0.00620445726499669,-0.0302870021655249,0.002));
#5774=CARTESIAN_POINT('',(-0.000878081771745465,-0.0248731582053262,-0.007));
#5775=CARTESIAN_POINT('',(-0.00226238542990993,-0.0246894015322066,0.));
#5776=CARTESIAN_POINT('',(-0.00226238542990993,-0.0246894015322066,-0.001));
#5777=CARTESIAN_POINT('',(-0.00495420949619909,-0.0243320806278462,-0.001));
#5778=CARTESIAN_POINT('',(1.05696900373009E-5,-0.0249911205000995,-0.001));
#5779=CARTESIAN_POINT('',(1.05696900372997E-5,-0.0249911205000995,0.002));
#5780=CARTESIAN_POINT('',(-0.00432697699165259,-0.0261778853277894,-0.007));
#5781=CARTESIAN_POINT('',(-0.00620669367518264,-0.0276170443653134,0.));
#5782=CARTESIAN_POINT('',(-0.00620669367518264,-0.0276170443653134,-0.001));
#5783=CARTESIAN_POINT('',(0.00966634055653382,-0.0154642444951738,-0.001));
#5784=CARTESIAN_POINT('',(-0.00244726030812254,-0.0247387262902653,-0.001));
#5785=CARTESIAN_POINT('',(-0.00244726030812254,-0.0247387262902653,0.002));
#5786=CARTESIAN_POINT('',(0.00272524085638319,-0.0267562205403703,-0.007));
#5787=CARTESIAN_POINT('',(0.00219331894474521,-0.0260614658499079,0.));
#5788=CARTESIAN_POINT('',(0.00219331894474522,-0.0260614658499079,-0.001));
#5789=CARTESIAN_POINT('',(-0.0116171056006177,-0.00802337224962529,-0.001));
#5790=CARTESIAN_POINT('',(0.0028012297009029,-0.0268554712104364,-0.001));
#5791=CARTESIAN_POINT('',(0.00280122970090289,-0.0268554712104364,0.002));
#5792=CARTESIAN_POINT('',(-0.00212718688706819,-0.0290544959796037,-0.007));
#5793=CARTESIAN_POINT('',(-0.00609721368971007,-0.0320940497603921,0.));
#5794=CARTESIAN_POINT('',(-0.00609721368971008,-0.0320940497603921,-0.001));
#5795=CARTESIAN_POINT('',(0.0118677801448763,-0.0183395922601506,-0.001));
#5796=CARTESIAN_POINT('',(0.0018428399155737,-0.0260149421988153,-0.001));
#5797=CARTESIAN_POINT('',(0.0018428399155737,-0.0260149421988153,0.002));
#5798=CARTESIAN_POINT('',(-0.00561181542916478,-0.0331392834800259,-0.007));
#5799=CARTESIAN_POINT('',(-0.00553582658464507,-0.033238534150092,0.));
#5800=CARTESIAN_POINT('',(-0.00553582658464507,-0.033238534150092,-0.001));
#5801=CARTESIAN_POINT('',(-0.0199541618861657,-0.0144064351892809,-0.001));
#5802=CARTESIAN_POINT('',(-0.00614373734080275,-0.0324445287895636,-0.001));
#5803=CARTESIAN_POINT('',(-0.00614373734080275,-0.0324445287895636,0.002));
#5804=CARTESIAN_POINT('',(-0.00121532075283167,-0.0302455040203963,-0.007));
#5805=CARTESIAN_POINT('',(0.00275470604981022,-0.0272059502396079,0.));
#5806=CARTESIAN_POINT('',(0.00275470604981022,-0.0272059502396079,-0.001));
#5807=CARTESIAN_POINT('',(0.0127796462791129,-0.0195306003009431,-0.001));
#5808=CARTESIAN_POINT('',(-0.00518534755547355,-0.0332850578011846,-0.001));
#5809=CARTESIAN_POINT('',(-0.00518534755547355,-0.0332850578011846,0.002));
#5810=CARTESIAN_POINT('',(0.00271550731375961,-0.0314819285208795,-0.007));
#5811=CARTESIAN_POINT('',(0.00271550731375961,-0.0314819285208795,-0.001));
#5812=CARTESIAN_POINT('',(0.00301722628165251,-0.0292089734009323,-0.007));
#5813=CARTESIAN_POINT('',(0.00301722628165251,-0.0292089734009323,-0.001));
#5814=CARTESIAN_POINT('',(-0.00104392605330048,-0.0343602465959276,-0.007));
#5815=CARTESIAN_POINT('',(-0.00104392605330048,-0.0343602465959276,-0.001));
#5816=CARTESIAN_POINT('',(-0.00331688117324772,-0.0340585276280347,-0.007));
#5817=CARTESIAN_POINT('',(-0.00331688117324772,-0.0340585276280347,-0.001));
#5818=CARTESIAN_POINT('',(0.0026027283607708,-0.0270074488994758,-0.007));
#5819=CARTESIAN_POINT('',(0.0026027283607708,-0.0270074488994758,-0.001));
#5820=CARTESIAN_POINT('',(0.00199481760461312,-0.0262134435389474,-0.007));
#5821=CARTESIAN_POINT('',(0.00199481760461312,-0.0262134435389474,-0.001));
#5822=CARTESIAN_POINT('',(-0.00533732524451298,-0.0330865564610526,-0.007));
#5823=CARTESIAN_POINT('',(-0.00533732524451298,-0.0330865564610526,-0.001));
#5824=CARTESIAN_POINT('',(-0.00594523600067066,-0.0322925511005242,-0.007));
#5825=CARTESIAN_POINT('',(-0.00594523600067066,-0.0322925511005242,-0.001));
#5826=CARTESIAN_POINT('',(-0.00229528261908313,-0.0249372276303974,-0.007));
#5827=CARTESIAN_POINT('',(-0.00229528261908313,-0.0249372276303974,-0.001));
#5828=CARTESIAN_POINT('',(-2.23274991358871E-5,-0.0252389465982904,-0.007));
#5829=CARTESIAN_POINT('',(-2.23274991358871E-5,-0.0252389465982904,-0.001));
#5830=CARTESIAN_POINT('',(-0.00635643495403611,-0.0300885008253928,-0.007));
#5831=CARTESIAN_POINT('',(-0.00635643495403611,-0.0300885008253928,-0.001));
#5832=CARTESIAN_POINT('',(-0.00605471598614322,-0.0278155457054455,-0.007));
#5833=CARTESIAN_POINT('',(-0.00605471598614322,-0.0278155457054455,-0.001));
#5834=CARTESIAN_POINT('',(-0.00167125381994992,-0.02965,-0.0005));
#5835=CARTESIAN_POINT('',(-0.00167125381994992,-0.02965,-0.00025));
#5836=CARTESIAN_POINT('',(0.00407874618005007,-0.02965,-0.00025));
#5837=CARTESIAN_POINT('',(-0.00167125381994992,-0.02965,-0.001));
#5838=CARTESIAN_POINT('',(0.00407874618005007,-0.02965,-0.001));
#5839=CARTESIAN_POINT('',(-0.00167125381994992,-0.02965,-0.0005));
#5840=CARTESIAN_POINT('',(-0.0076712538199499,-0.03215,0.0005));
#5841=CARTESIAN_POINT('',(-0.0076712538199499,-0.03215,-0.00025));
#5842=CARTESIAN_POINT('',(-0.0076712538199499,-0.03215,-0.001));
#5843=CARTESIAN_POINT('',(-0.00167125381994992,-0.02965,-0.00025));
#5844=CARTESIAN_POINT('',(0.00432874618005005,-0.03215,-0.00025));
#5845=CARTESIAN_POINT('',(0.00432874618005005,-0.03215,0.0005));
#5846=CARTESIAN_POINT('',(0.00432874618005005,-0.03215,-0.001));
#5847=CARTESIAN_POINT('',(-0.00167125381994992,-0.02965,-0.001));
#5848=CARTESIAN_POINT('',(-0.00179066671144712,-0.00049999999999998,0.0005));
#5849=CARTESIAN_POINT('',(-0.00179066671144712,-0.0314,0.0005));
#5850=CARTESIAN_POINT('',(0.0758382938078713,-0.0314,0.0005));
#5851=CARTESIAN_POINT('',(0.00458873819282452,-0.0314,0.0005));
#5852=CARTESIAN_POINT('',(-0.00167125381994992,-0.02965,0.0005));
#5853=CARTESIAN_POINT('',(0.00482393670843336,-0.0299,0.0005));
#5854=CARTESIAN_POINT('',(0.0733593332885529,-0.0299,0.0005));
#5855=CARTESIAN_POINT('',(0.073896944758104,-0.0299,0.0005));
#5856=CARTESIAN_POINT('',(-0.0119587626817628,-0.000500000000000009,0.0005));
#5857=CARTESIAN_POINT('',(0.073896944758104,0.0289,0.0005));
#5858=CARTESIAN_POINT('',(-0.00179066671144712,0.0289,0.0005));
#5859=CARTESIAN_POINT('',(-0.0774782781809983,0.0289,0.0005));
#5860=CARTESIAN_POINT('',(0.00837742925886854,-0.00050000000000002,0.0005));
#5861=CARTESIAN_POINT('',(-0.0774782781809983,-0.0299,0.0005));
#5862=CARTESIAN_POINT('',(-0.00815199451835779,-0.0299,0.0005));
#5863=CARTESIAN_POINT('',(-0.00816644434833321,-0.0299,0.0005));
#5864=CARTESIAN_POINT('',(-0.00167125381994992,-0.02965,0.0005));
#5865=CARTESIAN_POINT('',(-0.00793124583272437,-0.0314,0.0005));
#5866=CARTESIAN_POINT('',(-0.00179066671144712,-0.0314,0.0005));
#5867=CARTESIAN_POINT('',(-0.0794196272307656,-0.0314,0.0005));
#5868=CARTESIAN_POINT('',(0.0043106092432823,-0.000500000000000009,0.0005));
#5869=CARTESIAN_POINT('',(-0.0794196272307656,0.0304,0.0005));
#5870=CARTESIAN_POINT('',(0.0763593332885529,0.0304,0.0005));
#5871=CARTESIAN_POINT('',(0.0758382938078713,0.0304,0.0005));
#5872=CARTESIAN_POINT('',(-0.00789194266617661,-0.000500000000000018,0.0005));
#5873=CARTESIAN_POINT('',(-0.00179066671144715,-0.03215,0.0005));
#5874=CARTESIAN_POINT('',(-0.0799406667114471,-0.03215,0.0005));
#5875=CARTESIAN_POINT('',(-0.0799406667114471,-0.03215,-0.00025));
#5876=CARTESIAN_POINT('',(-0.0799406667114471,-0.03215,-0.001));
#5877=CARTESIAN_POINT('',(-0.00179066671144715,-0.03215,-0.00025));
#5878=CARTESIAN_POINT('',(-0.00179066671144715,-0.03215,-0.001));
#5879=CARTESIAN_POINT('',(0.0043106092432823,-0.000500000000000009,0.0005));
#5880=CARTESIAN_POINT('',(-0.0799406667114471,0.03115,0.0005));
#5881=CARTESIAN_POINT('',(-0.0799406667114471,0.03115,-0.00025));
#5882=CARTESIAN_POINT('',(-0.0799406667114471,0.03115,-0.001));
#5883=CARTESIAN_POINT('',(0.0043106092432823,-0.000500000000000009,-0.00025));
#5884=CARTESIAN_POINT('',(0.0043106092432823,-0.000500000000000009,-0.001));
#5885=CARTESIAN_POINT('',(-0.00179066671144715,0.03115,0.0005));
#5886=CARTESIAN_POINT('',(0.0763593332885529,0.03115,0.0005));
#5887=CARTESIAN_POINT('',(0.0763593332885529,0.03115,-0.00025));
#5888=CARTESIAN_POINT('',(0.0763593332885529,0.03115,-0.001));
#5889=CARTESIAN_POINT('',(-0.0799406667114471,0.03115,-0.00025));
#5890=CARTESIAN_POINT('',(-0.00179066671144715,0.03115,-0.001));
#5891=CARTESIAN_POINT('',(-0.00789194266617661,-0.000500000000000018,0.0005));
#5892=CARTESIAN_POINT('',(0.0763593332885529,-0.03215,0.0005));
#5893=CARTESIAN_POINT('',(0.0763593332885529,-0.03215,-0.00025));
#5894=CARTESIAN_POINT('',(0.0763593332885529,-0.03215,-0.001));
#5895=CARTESIAN_POINT('',(-0.00789194266617661,-0.000500000000000018,-0.00025));
#5896=CARTESIAN_POINT('',(-0.00789194266617661,-0.000500000000000018,-0.001));
#5897=CARTESIAN_POINT('',(-0.00179066671144715,-0.03215,0.0005));
#5898=CARTESIAN_POINT('',(-0.00179066671144715,-0.03215,-0.00025));
#5899=CARTESIAN_POINT('',(-0.00179066671144715,-0.03215,-0.001));
#5900=CARTESIAN_POINT('',(-0.00179066671144713,-0.02915,0.0005));
#5901=CARTESIAN_POINT('',(0.0733593332885529,-0.02915,0.0005));
#5902=CARTESIAN_POINT('',(0.0733593332885529,-0.02915,-0.00025));
#5903=CARTESIAN_POINT('',(0.0733593332885529,-0.02915,-0.001));
#5904=CARTESIAN_POINT('',(0.00480948687845794,-0.02915,-0.00025));
#5905=CARTESIAN_POINT('',(-0.00179066671144713,-0.02915,-0.001));
#5906=CARTESIAN_POINT('',(-0.0119587626817628,-0.000500000000000009,0.0005));
#5907=CARTESIAN_POINT('',(0.0733593332885529,0.02815,0.0005));
#5908=CARTESIAN_POINT('',(0.0733593332885529,0.02815,-0.00025));
#5909=CARTESIAN_POINT('',(0.0733593332885529,0.02815,-0.001));
#5910=CARTESIAN_POINT('',(-0.0119587626817628,-0.000500000000000009,-0.00025));
#5911=CARTESIAN_POINT('',(-0.0119587626817628,-0.000500000000000009,-0.001));
#5912=CARTESIAN_POINT('',(-0.00179066671144715,0.02815,0.0005));
#5913=CARTESIAN_POINT('',(-0.0769406667114472,0.02815,0.0005));
#5914=CARTESIAN_POINT('',(-0.0769406667114472,0.02815,-0.00025));
#5915=CARTESIAN_POINT('',(-0.0769406667114471,0.02815,-0.001));
#5916=CARTESIAN_POINT('',(-0.00179066671144715,0.02815,-0.00025));
#5917=CARTESIAN_POINT('',(-0.00179066671144715,0.02815,-0.001));
#5918=CARTESIAN_POINT('',(0.00837742925886854,-0.00050000000000002,0.0005));
#5919=CARTESIAN_POINT('',(-0.0769406667114472,-0.02915,0.0005));
#5920=CARTESIAN_POINT('',(-0.0769406667114472,-0.02915,-0.00025));
#5921=CARTESIAN_POINT('',(-0.0769406667114472,-0.02915,-0.001));
#5922=CARTESIAN_POINT('',(0.00837742925886854,-0.00050000000000002,-0.00025));
#5923=CARTESIAN_POINT('',(0.00837742925886854,-0.00050000000000002,-0.001));
#5924=CARTESIAN_POINT('',(-0.00179066671144713,-0.02915,0.0005));
#5925=CARTESIAN_POINT('',(-0.0769406667114472,-0.02915,-0.00025));
#5926=CARTESIAN_POINT('',(-0.00179066671144713,-0.02915,-0.001));
#5927=CARTESIAN_POINT('',(-0.00179066671144715,-0.000500000000000014,-0.001));
#5928=CARTESIAN_POINT('',(-0.00179066671144715,-0.000500000000000014,-0.001));
#5929=CARTESIAN_POINT('',(0.00112502107106822,-0.000499999999999994,-0.001));
#5930=CARTESIAN_POINT('',(0.0823532083388086,0.0358728139301445,-0.001));
#5931=CARTESIAN_POINT('',(0.0823532083388086,-0.0368728139301445,-0.001));
#5932=CARTESIAN_POINT('',(0.0823532083388086,-0.0368728139301445,-0.001));
#5933=CARTESIAN_POINT('',(0.0822691912811839,-0.0370604417915337,-0.001));
#5934=CARTESIAN_POINT('',(0.0820054238095452,-0.0373922830419013,-0.001));
#5935=CARTESIAN_POINT('',(0.0815909601044089,-0.0375,-0.001));
#5936=CARTESIAN_POINT('',(0.0813851689785753,-0.0375,-0.001));
#5937=CARTESIAN_POINT('',(0.0813851689785753,-0.0375,-0.001));
#5938=CARTESIAN_POINT('',(-0.00179066671144715,-0.0375,-0.001));
#5939=CARTESIAN_POINT('',(-0.0849665024014696,-0.0375,-0.001));
#5940=CARTESIAN_POINT('',(-0.0849665024014696,-0.0375,-0.001));
#5941=CARTESIAN_POINT('',(-0.0851720200109731,-0.0375,-0.001));
#5942=CARTESIAN_POINT('',(-0.0855829318865964,-0.0373948112172274,-0.001));
#5943=CARTESIAN_POINT('',(-0.0858504751844912,-0.0370605523792459,-0.001));
#5944=CARTESIAN_POINT('',(-0.0859345417617029,-0.0368728139301445,-0.001));
#5945=CARTESIAN_POINT('',(-0.0859345417617029,-0.0368728139301445,-0.001));
#5946=CARTESIAN_POINT('',(-0.00470635449396249,-0.000499999999999983,-0.001));
#5947=CARTESIAN_POINT('',(-0.0859345417617029,0.0358728139301445,-0.001));
#5948=CARTESIAN_POINT('',(-0.0859345417617029,0.0358728139301445,-0.001));
#5949=CARTESIAN_POINT('',(-0.0858505498649299,0.0360603856020297,-0.001));
#5950=CARTESIAN_POINT('',(-0.085586609820454,0.0363924279919153,-0.001));
#5951=CARTESIAN_POINT('',(-0.085172203451086,0.0365,-0.001));
#5952=CARTESIAN_POINT('',(-0.0849665024014696,0.0365,-0.001));
#5953=CARTESIAN_POINT('',(-0.0849665024014696,0.0365,-0.001));
#5954=CARTESIAN_POINT('',(0.0827093332885529,0.0365,-0.001));
#5955=CARTESIAN_POINT('',(0.0813851689785753,0.0365,-0.001));
#5956=CARTESIAN_POINT('',(0.0813851689785753,0.0365,-0.001));
#5957=CARTESIAN_POINT('',(0.0815907575533727,0.0365,-0.001));
#5958=CARTESIAN_POINT('',(0.0820013879671116,0.0363948909166097,-0.001));
#5959=CARTESIAN_POINT('',(0.0822690996859829,0.0360606463429921,-0.001));
#5960=CARTESIAN_POINT('',(0.0823532083388086,0.0358728139301445,-0.001));
#5961=CARTESIAN_POINT('',(-0.00179066671144715,-0.000500000000000014,-0.001));
#5962=CARTESIAN_POINT('',(-0.00179066671144712,0.0304,-0.00025));
#5963=CARTESIAN_POINT('',(0.0763593332885529,0.03115,-0.00025));
#5964=CARTESIAN_POINT('',(0.0763593332885529,0.03115,-2.93542205681458E-5));
#5965=CARTESIAN_POINT('',(0.076215932387243,0.0309428343366856,0.000376471173538315));
#5966=CARTESIAN_POINT('',(0.0759624736452562,0.0305781972217793,0.000500000000000021));
#5967=CARTESIAN_POINT('',(0.0758382938078713,0.0304,0.0005));
#5968=CARTESIAN_POINT('',(-0.0799406667114471,0.03115,-0.00025));
#5969=CARTESIAN_POINT('',(-0.0799406667114471,0.03115,-2.93542205681731E-5));
#5970=CARTESIAN_POINT('',(-0.0797972658101374,0.0309428343366856,0.000376471173538338));
#5971=CARTESIAN_POINT('',(-0.0795438070681505,0.0305781972217793,0.0005));
#5972=CARTESIAN_POINT('',(-0.0794196272307656,0.0304,0.0005));
#5973=CARTESIAN_POINT('',(0.0043106092432823,-0.000500000000000009,-0.00025));
#5974=CARTESIAN_POINT('',(-0.0799406667114471,-0.03215,-0.00025));
#5975=CARTESIAN_POINT('',(-0.0799406667114471,-0.03215,-2.9354220568174E-5));
#5976=CARTESIAN_POINT('',(-0.0797972658101374,-0.0319428343366856,0.000376471173538335));
#5977=CARTESIAN_POINT('',(-0.0795438070681505,-0.0315781972217793,0.000500000000000027));
#5978=CARTESIAN_POINT('',(-0.0794196272307656,-0.0314,0.0005));
#5979=CARTESIAN_POINT('',(-0.00789194266617661,-0.000500000000000018,-0.00025));
#5980=CARTESIAN_POINT('',(0.0763593332885529,-0.03215,-0.00025));
#5981=CARTESIAN_POINT('',(0.0763593332885529,-0.03215,-2.93542205681478E-5));
#5982=CARTESIAN_POINT('',(0.0762159323872436,-0.0319428343366852,0.000376471173538328));
#5983=CARTESIAN_POINT('',(0.0759624736452552,-0.03157819722178,0.0005));
#5984=CARTESIAN_POINT('',(0.0758382938078713,-0.0314,0.0005));
#5985=CARTESIAN_POINT('',(-0.00179066671144715,0.0289,-0.00025));
#5986=CARTESIAN_POINT('',(0.0733593332885529,0.02815,-0.00025));
#5987=CARTESIAN_POINT('',(0.0733593332885529,0.02815,-2.8194538560536E-5));
#5988=CARTESIAN_POINT('',(0.0735094996981568,0.0283587248065869,0.000377561003343297));
#5989=CARTESIAN_POINT('',(0.0737700186227088,0.0287223777445625,0.000499999999999994));
#5990=CARTESIAN_POINT('',(0.073896944758104,0.0289,0.0005));
#5991=CARTESIAN_POINT('',(-0.0769406667114472,0.02815,-0.00025));
#5992=CARTESIAN_POINT('',(-0.0769406667114472,0.02815,-2.81945385605367E-5));
#5993=CARTESIAN_POINT('',(-0.0770908331210512,0.0283587248065868,0.00037756100334333));
#5994=CARTESIAN_POINT('',(-0.0773513520456027,0.0287223777445627,0.0005));
#5995=CARTESIAN_POINT('',(-0.0774782781809983,0.0289,0.0005));
#5996=CARTESIAN_POINT('',(0.00837742925886854,-0.00050000000000002,-0.00025));
#5997=CARTESIAN_POINT('',(-0.0769406667114472,-0.02915,-0.00025));
#5998=CARTESIAN_POINT('',(-0.0769406667114472,-0.02915,-2.81945385605339E-5));
#5999=CARTESIAN_POINT('',(-0.0770908331210517,-0.0293587248065865,0.000377561003343307));
#6000=CARTESIAN_POINT('',(-0.0773513520456018,-0.0297223777445634,0.00050000000000001));
#6001=CARTESIAN_POINT('',(-0.0774782781809983,-0.0299,0.0005));
#6002=CARTESIAN_POINT('',(-0.00179066671144715,-0.0314,-0.00025));
#6003=CARTESIAN_POINT('',(-0.0076712538199499,-0.03215,-0.00025));
#6004=CARTESIAN_POINT('',(-0.0076712538199499,-0.03215,3.1601932933735E-5));
#6005=CARTESIAN_POINT('',(-0.00755933667895221,-0.0319811152128844,0.000280518379195951));
#6006=CARTESIAN_POINT('',(-0.00741581646649011,-0.0317749999999989,0.00039951905283899));
#6007=CARTESIAN_POINT('',(-0.00741581646648794,-0.031775,0.00039951905283833));
#6008=CARTESIAN_POINT('',(-0.00741581646648799,-0.0317750000000001,0.000399519052838366));
#6009=CARTESIAN_POINT('',(-0.00758458616561553,-0.0316574838655182,0.000467367024715598));
#6010=CARTESIAN_POINT('',(-0.00775984313997847,-0.0315300119271175,0.0005));
#6011=CARTESIAN_POINT('',(-0.00793124583272437,-0.0314,0.0005));
#6012=CARTESIAN_POINT('',(-0.00167125381994992,-0.02965,-0.00025));
#6013=CARTESIAN_POINT('',(0.00432874618005005,-0.03215,-0.00025));
#6014=CARTESIAN_POINT('',(0.00432874618005005,-0.03215,3.16019329337367E-5));
#6015=CARTESIAN_POINT('',(0.00421682903905236,-0.0319811152128844,0.000280518379195951));
#6016=CARTESIAN_POINT('',(0.00407330882659026,-0.0317749999999989,0.00039951905283899));
#6017=CARTESIAN_POINT('',(0.00407330882658808,-0.031775,0.00039951905283833));
#6018=CARTESIAN_POINT('',(-0.00167125381994992,-0.02965,0.00039951905283833));
#6019=CARTESIAN_POINT('',(-0.00179066671144715,-0.0314,-0.00025));
#6020=CARTESIAN_POINT('',(0.00458873819282452,-0.0314,0.0005));
#6021=CARTESIAN_POINT('',(0.00441736559855664,-0.0315299890965265,0.0005));
#6022=CARTESIAN_POINT('',(0.00424278514082362,-0.0316569918419113,0.000467651094677392));
#6023=CARTESIAN_POINT('',(0.00407330882658802,-0.0317749999999999,0.000399519052838373));
#6024=CARTESIAN_POINT('',(-0.0119587626817628,-0.000500000000000009,-0.00025));
#6025=CARTESIAN_POINT('',(0.0733593332885529,-0.02915,-0.00025));
#6026=CARTESIAN_POINT('',(0.0733593332885529,-0.02915,-2.81945385605342E-5));
#6027=CARTESIAN_POINT('',(0.0735094996981573,-0.0293587248065866,0.000377561003343296));
#6028=CARTESIAN_POINT('',(0.0737700186227079,-0.0297223777445631,0.0005));
#6029=CARTESIAN_POINT('',(0.073896944758104,-0.0299,0.0005));
#6030=CARTESIAN_POINT('',(-0.00179066671144712,-0.0299,-0.00025));
#6031=CARTESIAN_POINT('',(-0.00816644434833321,-0.0299,0.0005));
#6032=CARTESIAN_POINT('',(-0.00804216293899669,-0.0297708807498752,0.0005));
#6033=CARTESIAN_POINT('',(-0.00791486323005897,-0.0296424628832026,0.000467336280075174));
#6034=CARTESIAN_POINT('',(-0.00779497817690785,-0.0295249999999999,0.000399519052838316));
#6035=CARTESIAN_POINT('',(-0.0077949781769078,-0.029525,0.000399519052838287));
#6036=CARTESIAN_POINT('',(-0.00815199451835779,-0.02915,-0.00025));
#6037=CARTESIAN_POINT('',(-0.00815199451835779,-0.02915,4.74215563878098E-5));
#6038=CARTESIAN_POINT('',(-0.00798361321406937,-0.0293324751713931,0.000288364791216445));
#6039=CARTESIAN_POINT('',(-0.00779497817690785,-0.029525,0.00039951905283834));
#6040=CARTESIAN_POINT('',(-0.00167125381994992,-0.02965,-0.00025));
#6041=CARTESIAN_POINT('',(0.00445247053700802,-0.029525,0.000399519052838329));
#6042=CARTESIAN_POINT('',(0.00457108913832738,-0.029641222018894,0.000466619866732557));
#6043=CARTESIAN_POINT('',(0.00469936671187371,-0.0297705809289603,0.0005));
#6044=CARTESIAN_POINT('',(0.00482393670843336,-0.0299,0.0005));
#6045=CARTESIAN_POINT('',(0.00445247053700802,-0.029525,0.00039951905283833));
#6046=CARTESIAN_POINT('',(-0.00167125381994992,-0.02965,0.00039951905283833));
#6047=CARTESIAN_POINT('',(-0.00179066671144712,-0.0299,-0.00025));
#6048=CARTESIAN_POINT('',(0.00480948687845794,-0.02915,-0.00025));
#6049=CARTESIAN_POINT('',(0.00480948687845794,-0.02915,4.74215563878001E-5));
#6050=CARTESIAN_POINT('',(0.00464110557416953,-0.0293324751713931,0.000288364791216431));
#6051=CARTESIAN_POINT('',(0.00445247053700802,-0.029525,0.000399519052838329));
#6052=CARTESIAN_POINT('',(-0.00167125381994992,-0.02965,-0.00025));
#6053=CARTESIAN_POINT('',(-0.00470635449396249,-0.000499999999999983,0.));
#6054=CARTESIAN_POINT('',(-0.0859345417617029,-0.0368728139301445,-0.001));
#6055=CARTESIAN_POINT('',(-0.0861440748124866,-0.0372001407507047,-0.000674991152512174));
#6056=CARTESIAN_POINT('',(-0.0863529289143939,-0.0375276733539264,-0.000349752463336241));
#6057=CARTESIAN_POINT('',(-0.0865611165605407,-0.037855407009532,-2.42893563828146E-5));
#6058=CARTESIAN_POINT('',(-0.0865611165605408,-0.037855407009532,-2.42893563828363E-5));
#6059=CARTESIAN_POINT('',(-0.0865611165605408,-0.037855407009532,-2.4289356382832E-5));
#6060=CARTESIAN_POINT('',(-0.0866126662541333,-0.0377811514364237,-8.22123380737886E-6));
#6061=CARTESIAN_POINT('',(-0.0866575409804818,-0.0377023045936441,1.46580793433624E-17));
#6062=CARTESIAN_POINT('',(-0.0866954163410665,-0.0376186440677966,1.45283091596472E-17));
#6063=CARTESIAN_POINT('',(-0.0866954163410665,0.0366186440677966,0.));
#6064=CARTESIAN_POINT('',(-0.0866575409804818,0.0367023045936441,8.65134558101689E-20));
#6065=CARTESIAN_POINT('',(-0.0866126662541333,0.0367811514364237,-8.22123380738176E-6));
#6066=CARTESIAN_POINT('',(-0.0865611165605408,0.036855407009532,-2.42893563828348E-5));
#6067=CARTESIAN_POINT('',(-0.0865611165605408,0.036855407009532,-2.42893563828356E-5));
#6068=CARTESIAN_POINT('',(-0.0865611165605407,0.036855407009532,-2.42893563828205E-5));
#6069=CARTESIAN_POINT('',(-0.086352928914394,0.0365276733539264,-0.000349752463336246));
#6070=CARTESIAN_POINT('',(-0.0861440748124866,0.0362001407507047,-0.000674991152512175));
#6071=CARTESIAN_POINT('',(-0.0859345417617029,0.0358728139301445,-0.001));
#6072=CARTESIAN_POINT('',(-0.00179066671144715,-0.0385,0.));
#6073=CARTESIAN_POINT('',(0.0813851689785753,-0.0375,-0.001));
#6074=CARTESIAN_POINT('',(0.0815958010207053,-0.0378251030549119,-0.000674896945088125));
#6075=CARTESIAN_POINT('',(0.0818057476006013,-0.038150427843395,-0.000349572156604983));
#6076=CARTESIAN_POINT('',(0.0820150213096521,-0.0384759691967613,-2.40308032387131E-5));
#6077=CARTESIAN_POINT('',(0.082015021309652,-0.0384759691967613,-2.40308032386812E-5));
#6078=CARTESIAN_POINT('',(0.0817475985540538,-0.037,-0.0015));
#6079=CARTESIAN_POINT('',(-0.0853289319769481,-0.037,-0.0015));
#6080=CARTESIAN_POINT('',(-0.0855963547325463,-0.0384759691967613,-2.40308032386851E-5));
#6081=CARTESIAN_POINT('',(-0.0855963547325463,-0.0384759691967613,-2.40308032387468E-5));
#6082=CARTESIAN_POINT('',(-0.0853870810234955,-0.038150427843395,-0.000349572156605014));
#6083=CARTESIAN_POINT('',(-0.0851771344435997,-0.0378251030549119,-0.000674896945088127));
#6084=CARTESIAN_POINT('',(-0.0849665024014696,-0.0375,-0.001));
#6085=CARTESIAN_POINT('',(-0.00179066671144715,0.0365,-0.001));
#6086=CARTESIAN_POINT('',(-0.0849665024014696,0.0365,-0.001));
#6087=CARTESIAN_POINT('',(-0.0851771344435997,0.0368251030549119,-0.000674896945088134));
#6088=CARTESIAN_POINT('',(-0.0853870810234956,0.037150427843395,-0.000349572156604993));
#6089=CARTESIAN_POINT('',(-0.0855963547325463,0.0374759691967613,-2.40308032387322E-5));
#6090=CARTESIAN_POINT('',(-0.0855963547325463,0.0374759691967613,-2.4030803238691E-5));
#6091=CARTESIAN_POINT('',(-0.0853289319769481,0.036,-0.0015));
#6092=CARTESIAN_POINT('',(0.0817475985540538,0.036,-0.0015));
#6093=CARTESIAN_POINT('',(0.082015021309652,0.0374759691967613,-2.40308032386808E-5));
#6094=CARTESIAN_POINT('',(0.0820150213096521,0.0374759691967613,-2.40308032387118E-5));
#6095=CARTESIAN_POINT('',(0.0818057476006013,0.037150427843395,-0.000349572156604976));
#6096=CARTESIAN_POINT('',(0.0815958010207053,0.0368251030549119,-0.000674896945088131));
#6097=CARTESIAN_POINT('',(0.0813851689785753,0.0365,-0.001));
#6098=CARTESIAN_POINT('',(0.00112502107106822,-0.000499999999999994,0.));
#6099=CARTESIAN_POINT('',(0.0831140829181722,-0.0376186440677966,0.));
#6100=CARTESIAN_POINT('',(0.0830762075575875,-0.0377023045936442,-2.53772803709788E-18));
#6101=CARTESIAN_POINT('',(0.083031332831239,-0.0377811514364237,-8.22123380738798E-6));
#6102=CARTESIAN_POINT('',(0.0829797831376465,-0.037855407009532,-2.42893563828384E-5));
#6103=CARTESIAN_POINT('',(0.0829797831376465,-0.037855407009532,-2.42893563828385E-5));
#6104=CARTESIAN_POINT('',(0.0829797831376465,-0.037855407009532,-2.42893563828251E-5));
#6105=CARTESIAN_POINT('',(0.0827715954914997,-0.0375276733539264,-0.000349752463336253));
#6106=CARTESIAN_POINT('',(0.0825627413895922,-0.0372001407507047,-0.000674991152512173));
#6107=CARTESIAN_POINT('',(0.0823532083388086,-0.0368728139301445,-0.001));
#6108=CARTESIAN_POINT('',(0.0823532083388086,0.0358728139301445,-0.001));
#6109=CARTESIAN_POINT('',(0.0825627413895922,0.0362001407507047,-0.000674991152512165));
#6110=CARTESIAN_POINT('',(0.0827715954914997,0.0365276733539264,-0.000349752463336239));
#6111=CARTESIAN_POINT('',(0.0829797831376465,0.036855407009532,-2.42893563828035E-5));
#6112=CARTESIAN_POINT('',(0.0829797831376466,0.036855407009532,-2.4289356382838E-5));
#6113=CARTESIAN_POINT('',(0.0829797831376466,0.036855407009532,-2.42893563828377E-5));
#6114=CARTESIAN_POINT('',(0.0830313328312391,0.0367811514364237,-8.22123380739026E-6));
#6115=CARTESIAN_POINT('',(0.0830762075575875,0.0367023045936441,-2.05305302216243E-18));
#6116=CARTESIAN_POINT('',(0.0831140829181722,0.0366186440677966,-2.16840429657597E-18));
#6117=CARTESIAN_POINT('',(0.0817475985540538,-0.037,0.002));
#6118=CARTESIAN_POINT('',(0.0817475985540538,-0.037,0.004));
#6119=CARTESIAN_POINT('',(0.082015021309652,-0.0384759691967613,-2.40308032386873E-5));
#6120=CARTESIAN_POINT('',(0.0824001644485112,-0.0384061872258913,-9.38127741087535E-5));
#6121=CARTESIAN_POINT('',(0.0827565049917407,-0.0381770315533719,-9.38855143191396E-5));
#6122=CARTESIAN_POINT('',(0.0829797831376465,-0.037855407009532,-2.42893563828561E-5));
#6123=CARTESIAN_POINT('',(0.0820422505381752,-0.0385183334855531,1.83334855530888E-5));
#6124=CARTESIAN_POINT('',(0.0826072078279541,-0.0383368036725455,-0.00016319632745446));
#6125=CARTESIAN_POINT('',(0.0830070428861473,-0.0378983270613966,1.83334855530888E-5));
#6126=CARTESIAN_POINT('',(0.0818226614248359,-0.0381766307418587,-0.000323369258141356));
#6127=CARTESIAN_POINT('',(0.0823885552031522,-0.0379941716749355,-0.000505828325068335));
#6128=CARTESIAN_POINT('',(0.0827885415121986,-0.0375542427592799,-0.000323369258149435));
#6129=CARTESIAN_POINT('',(0.0816023078481617,-0.0378351295435772,-0.000664870456422843));
#6130=CARTESIAN_POINT('',(0.0821692145941002,-0.0376518408479557,-0.000848159152049326));
#6131=CARTESIAN_POINT('',(0.0825692769121323,-0.0372103339608234,-0.000664870456423699));
#6132=CARTESIAN_POINT('',(0.0813812369650419,-0.0374939312258192,-0.00100606877418083));
#6133=CARTESIAN_POINT('',(0.0819492394727338,-0.0373099197441478,-0.00119008025585222));
#6134=CARTESIAN_POINT('',(0.0823492957068142,-0.0368667018702928,-0.00100606877418083));
#6135=CARTESIAN_POINT('',(-0.0865883737123898,-0.0378983229723282,1.83294247868768E-5));
#6136=CARTESIAN_POINT('',(-0.0861885386532533,-0.0383367996020746,-0.000163200397925418));
#6137=CARTESIAN_POINT('',(-0.0856235813514911,-0.0385183294247869,1.83294247868768E-5));
#6138=CARTESIAN_POINT('',(-0.0863698732031277,-0.0375542400427374,-0.000323371955646296));
#6139=CARTESIAN_POINT('',(-0.0859698868940875,-0.0379941689717616,-0.000505831028237896));
#6140=CARTESIAN_POINT('',(-0.0854039931071568,-0.0381766280443433,-0.000323371955656717));
#6141=CARTESIAN_POINT('',(-0.0861506094739706,-0.0372103326158611,-0.00066487179187362));
#6142=CARTESIAN_POINT('',(-0.0857505471562422,-0.0376518395101495,-0.00084816048985505));
#6143=CARTESIAN_POINT('',(-0.0851836404057282,-0.0378351282081362,-0.000664871791863771));
#6144=CARTESIAN_POINT('',(-0.0859306291453004,-0.0368667018946489,-0.00100606874999725));
#6145=CARTESIAN_POINT('',(-0.0855305729112248,-0.0373099197683908,-0.00119008023160926));
#6146=CARTESIAN_POINT('',(-0.0849625704036053,-0.0374939312500028,-0.00100606874999725));
#6147=CARTESIAN_POINT('',(-0.0855963547325463,-0.0384759691967613,-2.40308032386823E-5));
#6148=CARTESIAN_POINT('',(-0.0859814762614034,-0.038406191141289,-9.38088587110945E-5));
#6149=CARTESIAN_POINT('',(-0.0863378514209668,-0.0381770128181953,-9.38814602245647E-5));
#6150=CARTESIAN_POINT('',(-0.0865611165605408,-0.037855407009532,-2.42893563828353E-5));
#6151=CARTESIAN_POINT('',(-0.0853289319769481,-0.037,0.002));
#6152=CARTESIAN_POINT('',(-0.0853289319769481,-0.037,0.004));
#6153=CARTESIAN_POINT('',(-0.0853289319769481,0.036,0.002));
#6154=CARTESIAN_POINT('',(-0.0853289319769481,0.036,0.004));
#6155=CARTESIAN_POINT('',(-0.0855963547325463,0.0374759691967613,-2.40308032386879E-5));
#6156=CARTESIAN_POINT('',(-0.0859814978714055,0.0374061872258913,-9.38127741087424E-5));
#6157=CARTESIAN_POINT('',(-0.086337838414635,0.0371770315533719,-9.38855143191322E-5));
#6158=CARTESIAN_POINT('',(-0.0865611165605408,0.036855407009532,-2.4289356382847E-5));
#6159=CARTESIAN_POINT('',(-0.0859306291297086,0.0358667018702929,-0.00100606877418073));
#6160=CARTESIAN_POINT('',(-0.0855305728956281,0.0363099197441479,-0.00119008025585212));
#6161=CARTESIAN_POINT('',(-0.0849625703879363,0.0364939312258193,-0.00100606877418073));
#6162=CARTESIAN_POINT('',(-0.0861506103350448,0.0362103339608591,-0.000664870456392443));
#6163=CARTESIAN_POINT('',(-0.0857505480170156,0.0366518408479932,-0.000848159152015318));
#6164=CARTESIAN_POINT('',(-0.0851836412710717,0.0368351295436124,-0.000664870456387588));
#6165=CARTESIAN_POINT('',(-0.0863698749351069,0.0365542427592755,-0.000323369258138523));
#6166=CARTESIAN_POINT('',(-0.0859698886260721,0.0369941716749447,-0.000505828325067714));
#6167=CARTESIAN_POINT('',(-0.0854039948477533,0.037176630741859,-0.000323369258141033));
#6168=CARTESIAN_POINT('',(-0.0865883763090416,0.0368983270613967,1.83334855531202E-5));
#6169=CARTESIAN_POINT('',(-0.0861885412508484,0.0373368036725456,-0.000163196327454429));
#6170=CARTESIAN_POINT('',(-0.0856235839610695,0.0375183334855531,1.83334855531202E-5));
#6171=CARTESIAN_POINT('',(0.081381236980711,0.0364939312500027,-0.00100606874999727));
#6172=CARTESIAN_POINT('',(0.0819492394883305,0.0363099197683907,-0.00119008023160927));
#6173=CARTESIAN_POINT('',(0.0823492957224061,0.0358667018946489,-0.00100606874999727));
#6174=CARTESIAN_POINT('',(0.0816023069828663,0.036835128208151,-0.000664871791848983));
#6175=CARTESIAN_POINT('',(0.08216921373339,0.0366518395101611,-0.000848160489838067));
#6176=CARTESIAN_POINT('',(0.0825692760511,0.0362103326158708,-0.000664871791848062));
#6177=CARTESIAN_POINT('',(0.0818226596842474,0.037176628044345,-0.000323371955654974));
#6178=CARTESIAN_POINT('',(0.0823885534711583,0.0369941689717613,-0.000505831028230116));
#6179=CARTESIAN_POINT('',(0.0827885397802179,0.0365542400427433,-0.000323371955657954));
#6180=CARTESIAN_POINT('',(0.0820422479285969,0.037518329424787,1.83294247869737E-5));
#6181=CARTESIAN_POINT('',(0.0826072052303592,0.0373367996020747,-0.000163200397925321));
#6182=CARTESIAN_POINT('',(0.0830070402894956,0.0368983229723283,1.83294247869737E-5));
#6183=CARTESIAN_POINT('',(0.0820150213096521,0.0374759691967613,-2.40308032386854E-5));
#6184=CARTESIAN_POINT('',(0.0824001428385092,0.0374061911412889,-9.38088587110871E-5));
#6185=CARTESIAN_POINT('',(0.0827565179980726,0.0371770128181952,-9.38814602245658E-5));
#6186=CARTESIAN_POINT('',(0.0829797831376466,0.036855407009532,-2.42893563828375E-5));
#6187=CARTESIAN_POINT('',(0.0817475985540538,0.036,0.002));
#6188=CARTESIAN_POINT('',(0.0817475985540538,0.036,0.004));
#6189=CARTESIAN_POINT('',(0.000393992428784989,-0.00049999999999999,0.005));
#6190=CARTESIAN_POINT('',(0.000393992428784989,-0.00049999999999999,0.004475));
#6191=CARTESIAN_POINT('',(0.0823364351475117,-0.0377214465233175,0.004475));
#6192=CARTESIAN_POINT('',(0.0823364351475117,0.0367214465233175,0.004475));
#6193=CARTESIAN_POINT('',(0.0823364351475117,0.0367214465233175,0.005));
#6194=CARTESIAN_POINT('',(0.0823364351475117,0.0367214465233175,0.004525));
#6195=CARTESIAN_POINT('',(0.000393992428784989,-0.00049999999999999,0.004525));
#6196=CARTESIAN_POINT('',(0.0823364351475117,-0.0377214465233175,0.004525));
#6197=CARTESIAN_POINT('',(0.0823364351475117,-0.0377214465233175,0.005));
#6198=CARTESIAN_POINT('',(-0.00179066671144713,0.037,0.005));
#6199=CARTESIAN_POINT('',(0.0822093332885529,0.037,0.004525));
#6200=CARTESIAN_POINT('',(-0.0854852945671683,0.037,0.004525));
#6201=CARTESIAN_POINT('',(0.081903961144274,0.037,0.004525));
#6202=CARTESIAN_POINT('',(0.081903961144274,0.037,0.005));
#6203=CARTESIAN_POINT('',(0.081903961144274,0.037,0.004475));
#6204=CARTESIAN_POINT('',(-0.00179066671144713,0.037,0.004475));
#6205=CARTESIAN_POINT('',(-0.0854852945671683,0.037,0.004475));
#6206=CARTESIAN_POINT('',(-0.0854852945671683,0.037,0.005));
#6207=CARTESIAN_POINT('',(-0.00397532585167925,-0.000500000000000042,0.005));
#6208=CARTESIAN_POINT('',(-0.00397532585167925,-0.000500000000000042,0.004525));
#6209=CARTESIAN_POINT('',(-0.0859177685704061,-0.0377214465233175,0.004525));
#6210=CARTESIAN_POINT('',(-0.085917768570406,0.0367214465233175,0.004525));
#6211=CARTESIAN_POINT('',(-0.085917768570406,0.0367214465233175,0.005));
#6212=CARTESIAN_POINT('',(-0.085917768570406,0.0367214465233175,0.004475));
#6213=CARTESIAN_POINT('',(-0.00397532585167925,-0.000500000000000042,0.004475));
#6214=CARTESIAN_POINT('',(-0.0859177685704061,-0.0377214465233175,0.004475));
#6215=CARTESIAN_POINT('',(-0.0859177685704061,-0.0377214465233175,0.005));
#6216=CARTESIAN_POINT('',(-0.00179066671144715,-0.038,0.005));
#6217=CARTESIAN_POINT('',(0.0822093332885528,-0.038,0.004475));
#6218=CARTESIAN_POINT('',(-0.0854852945671683,-0.038,0.004475));
#6219=CARTESIAN_POINT('',(0.081903961144274,-0.038,0.004475));
#6220=CARTESIAN_POINT('',(0.081903961144274,-0.038,0.005));
#6221=CARTESIAN_POINT('',(0.081903961144274,-0.038,0.004525));
#6222=CARTESIAN_POINT('',(-0.00179066671144715,-0.038,0.004525));
#6223=CARTESIAN_POINT('',(-0.0854852945671683,-0.038,0.004525));
#6224=CARTESIAN_POINT('',(-0.0854852945671683,-0.038,0.004));
#6225=CARTESIAN_POINT('',(-0.00179066671144716,-0.000500000000000021,0.005));
#6226=CARTESIAN_POINT('',(0.081903961144274,-0.037525,0.005));
#6227=CARTESIAN_POINT('',(0.0827689091507494,-0.0379178930466351,0.005));
#6228=CARTESIAN_POINT('',(0.081903961144274,-0.038475,0.005));
#6229=CARTESIAN_POINT('',(0.000393992428784989,-0.00049999999999999,0.005));
#6230=CARTESIAN_POINT('',(0.0827689091507494,0.036917893046635,0.005));
#6231=CARTESIAN_POINT('',(0.081903961144274,0.036525,0.005));
#6232=CARTESIAN_POINT('',(0.081903961144274,0.037475,0.005));
#6233=CARTESIAN_POINT('',(-0.0857906667114471,0.037475,0.005));
#6234=CARTESIAN_POINT('',(-0.0854852945671683,0.037475,0.005));
#6235=CARTESIAN_POINT('',(-0.0854852945671683,0.036525,0.005));
#6236=CARTESIAN_POINT('',(-0.0863502425736437,0.036917893046635,0.005));
#6237=CARTESIAN_POINT('',(-0.00397532585167925,-0.000500000000000042,0.005));
#6238=CARTESIAN_POINT('',(-0.0863502425736438,-0.0379178930466351,0.005));
#6239=CARTESIAN_POINT('',(-0.0854852945671683,-0.037525,0.005));
#6240=CARTESIAN_POINT('',(-0.0854852945671683,-0.038475,0.005));
#6241=CARTESIAN_POINT('',(-0.00179066671144716,-0.038475,0.005));
#6242=CARTESIAN_POINT('',(-0.00179066671144716,-0.000500000000000021,0.004));
#6243=CARTESIAN_POINT('',(-0.0854852945671683,0.036525,0.004));
#6244=CARTESIAN_POINT('',(-0.0854852945671683,0.037475,0.004));
#6245=CARTESIAN_POINT('',(-0.0863502425736437,0.036917893046635,0.004));
#6246=CARTESIAN_POINT('',(-0.00179066671144716,0.037475,0.004));
#6247=CARTESIAN_POINT('',(0.081903961144274,0.037475,0.004));
#6248=CARTESIAN_POINT('',(0.081903961144274,0.036525,0.004));
#6249=CARTESIAN_POINT('',(0.0827689091507494,0.036917893046635,0.004));
#6250=CARTESIAN_POINT('',(0.000393992428784989,-0.00049999999999999,0.004));
#6251=CARTESIAN_POINT('',(0.0827689091507494,-0.0379178930466351,0.004));
#6252=CARTESIAN_POINT('',(0.081903961144274,-0.037525,0.004));
#6253=CARTESIAN_POINT('',(0.081903961144274,-0.038475,0.004));
#6254=CARTESIAN_POINT('',(-0.0857906667114472,-0.038475,0.004));
#6255=CARTESIAN_POINT('',(-0.0854852945671683,-0.038475,0.004));
#6256=CARTESIAN_POINT('',(-0.0854852945671683,-0.037525,0.004));
#6257=CARTESIAN_POINT('',(-0.0863502425736438,-0.0379178930466351,0.004));
#6258=CARTESIAN_POINT('',(-0.00397532585167925,-0.000500000000000042,0.004));
#6259=CARTESIAN_POINT('',(-0.00397532585167925,-0.000500000000000042,0.004475));
#6260=CARTESIAN_POINT('',(-0.0863502425736437,0.036917893046635,0.004475));
#6261=CARTESIAN_POINT('',(-0.0863502425736438,-0.0379178930466351,0.004475));
#6262=CARTESIAN_POINT('',(-0.0854852945671683,0.036525,0.004475));
#6263=CARTESIAN_POINT('',(-0.0854852945671683,0.036525,0.004475));
#6264=CARTESIAN_POINT('',(-0.0854852945671683,0.037475,0.004475));
#6265=CARTESIAN_POINT('',(-0.0854852945671683,-0.037525,0.004475));
#6266=CARTESIAN_POINT('',(-0.0854852945671683,-0.038475,0.004475));
#6267=CARTESIAN_POINT('',(-0.0854852945671683,-0.037525,0.004475));
#6268=CARTESIAN_POINT('',(-0.0854852945671683,0.036525,0.005));
#6269=CARTESIAN_POINT('',(-0.0854852945671683,0.036525,0.004525));
#6270=CARTESIAN_POINT('',(-0.00179066671144716,0.037475,0.004475));
#6271=CARTESIAN_POINT('',(0.081903961144274,0.037475,0.004475));
#6272=CARTESIAN_POINT('',(0.000393992428784989,-0.00049999999999999,0.004475));
#6273=CARTESIAN_POINT('',(0.0827689091507494,-0.0379178930466351,0.004475));
#6274=CARTESIAN_POINT('',(0.0827689091507494,0.036917893046635,0.004475));
#6275=CARTESIAN_POINT('',(-0.00179066671144715,-0.038475,0.004475));
#6276=CARTESIAN_POINT('',(0.081903961144274,-0.038475,0.004475));
#6277=CARTESIAN_POINT('',(-0.0854852945671683,-0.037525,0.005));
#6278=CARTESIAN_POINT('',(-0.0854852945671683,-0.037525,0.004525));
#6279=CARTESIAN_POINT('',(-0.00397532585167925,-0.000500000000000042,0.004525));
#6280=CARTESIAN_POINT('',(-0.0863502425736438,-0.0379178930466351,0.004525));
#6281=CARTESIAN_POINT('',(-0.0863502425736437,0.036917893046635,0.004525));
#6282=CARTESIAN_POINT('',(-0.0854852945671683,0.036525,0.004525));
#6283=CARTESIAN_POINT('',(-0.0854852945671683,0.037475,0.004525));
#6284=CARTESIAN_POINT('',(0.081903961144274,0.036525,0.004475));
#6285=CARTESIAN_POINT('',(0.081903961144274,0.036525,0.004475));
#6286=CARTESIAN_POINT('',(0.081903961144274,-0.037525,0.004475));
#6287=CARTESIAN_POINT('',(0.081903961144274,-0.037525,0.004475));
#6288=CARTESIAN_POINT('',(-0.0854852945671683,-0.037525,0.004525));
#6289=CARTESIAN_POINT('',(-0.0854852945671683,-0.038475,0.004525));
#6290=CARTESIAN_POINT('',(-0.00179066671144713,0.037475,0.004525));
#6291=CARTESIAN_POINT('',(0.081903961144274,0.037475,0.004525));
#6292=CARTESIAN_POINT('',(0.081903961144274,0.036525,0.005));
#6293=CARTESIAN_POINT('',(0.081903961144274,0.036525,0.004525));
#6294=CARTESIAN_POINT('',(0.081903961144274,-0.037525,0.005));
#6295=CARTESIAN_POINT('',(0.081903961144274,-0.037525,0.004525));
#6296=CARTESIAN_POINT('',(-0.00179066671144716,-0.038475,0.004525));
#6297=CARTESIAN_POINT('',(0.081903961144274,-0.038475,0.004525));
#6298=CARTESIAN_POINT('',(0.081903961144274,0.036525,0.004525));
#6299=CARTESIAN_POINT('',(0.0827689091507494,0.036917893046635,0.004525));
#6300=CARTESIAN_POINT('',(0.081903961144274,-0.037525,0.004525));
#6301=CARTESIAN_POINT('',(0.0827689091507494,-0.0379178930466351,0.004525));
#6302=CARTESIAN_POINT('',(0.000393992428784989,-0.00049999999999999,0.004525));
#6303=MECHANICAL_DESIGN_GEOMETRIC_PRESENTATION_REPRESENTATION('',(#3480),
#6304);
#6304=(
GEOMETRIC_REPRESENTATION_CONTEXT(3)
GLOBAL_UNCERTAINTY_ASSIGNED_CONTEXT((#6305))
GLOBAL_UNIT_ASSIGNED_CONTEXT((#6308,#6307,#6306))
REPRESENTATION_CONTEXT('Part 1','TOP_LEVEL_ASSEMBLY_PART')
);
#6305=UNCERTAINTY_MEASURE_WITH_UNIT(LENGTH_MEASURE(2.E-5),#6308,
'DISTANCE_ACCURACY_VALUE','Maximum Tolerance applied to model');
#6306=(
NAMED_UNIT(*)
SI_UNIT($,.STERADIAN.)
SOLID_ANGLE_UNIT()
);
#6307=(
NAMED_UNIT(*)
PLANE_ANGLE_UNIT()
SI_UNIT($,.RADIAN.)
);
#6308=(
LENGTH_UNIT()
NAMED_UNIT(*)
SI_UNIT($,.METRE.)
);
#6309=PRODUCT_DEFINITION_SHAPE('','',#6310);
#6310=PRODUCT_DEFINITION('','',#6312,#6311);
#6311=PRODUCT_DEFINITION_CONTEXT('',#6318,'design');
#6312=PRODUCT_DEFINITION_FORMATION_WITH_SPECIFIED_SOURCE('','',#6314,
 .NOT_KNOWN.);
#6313=PRODUCT_RELATED_PRODUCT_CATEGORY('','',(#6314));
#6314=PRODUCT('Part 1','Part 1','Part 1',(#6316));
#6315=PRODUCT_CATEGORY('','');
#6316=PRODUCT_CONTEXT('',#6318,'mechanical');
#6317=APPLICATION_PROTOCOL_DEFINITION('international standard',
'ap242_managed_model_based_3d_engineering',2020,#6318);
#6318=APPLICATION_CONTEXT('managed model based 3d engineering');
ENDSEC;
END-ISO-10303-21;
