ISO-10303-21;
HEADER;
/* Generated by software containing ST-Developer
 * from STEP Tools, Inc. (www.steptools.com) 
 */
/* OPTION: using custom renumber hook */

FILE_DESCRIPTION(
/* description */ ('STEP AP242 Edition 2',
'CAx-IF Rec.Pracs.---Representation and Presentation of Product Manufa
cturing Information (PMI)---4.0---2014-10-13',
'CAx-IF Rec.Pracs.---3D Tessellated Geometry---0.4---2014-09-14','2;1',
'CAx-IF Rec.Pracs.---User Defined Attributes---1.5---2016-08-15'),
/* implementation_level */ '2;1');

FILE_NAME(
/* name */ 'B',
/* time_stamp */ '2026-05-24T19:26:45Z',
/* author */ (''),
/* organization */ (''),
/* preprocessor_version */ 'ST-DEVELOPER v20',
/* originating_system */ 'ONSHAPE BY PTC INC, 1.215',
/* authorisation */ '  ');

FILE_SCHEMA (('AP242_MANAGED_MODEL_BASED_3D_ENGINEERING_MIM_LF { 1 0 10303 442 3 1 4 }'));
ENDSEC;

DATA;
#10=TOROIDAL_SURFACE('',#2058,0.002925,0.00075);
#11=SHAPE_REPRESENTATION_RELATIONSHIP('','',#1934,#14);
#12=SHAPE_REPRESENTATION_RELATIONSHIP('','',#1935,#15);
#13=SHAPE_REPRESENTATION_RELATIONSHIP('','',#1936,#16);
#14=ADVANCED_BREP_SHAPE_REPRESENTATION('',(#1928),#3408);
#15=ADVANCED_BREP_SHAPE_REPRESENTATION('',(#1929),#3409);
#16=ADVANCED_BREP_SHAPE_REPRESENTATION('',(#1930),#3410);
#17=PLANE('',#1962);
#18=PLANE('',#1963);
#19=PLANE('',#1964);
#20=PLANE('',#1983);
#21=PLANE('',#1984);
#22=PLANE('',#1985);
#23=PLANE('',#1986);
#24=PLANE('',#1987);
#25=PLANE('',#1988);
#26=PLANE('',#2013);
#27=PLANE('',#2014);
#28=PLANE('',#2016);
#29=PLANE('',#2017);
#30=PLANE('',#2018);
#31=PLANE('',#2019);
#32=PLANE('',#2020);
#33=PLANE('',#2021);
#34=PLANE('',#2023);
#35=PLANE('',#2051);
#36=PLANE('',#2057);
#37=PLANE('',#2059);
#38=PLANE('',#2060);
#39=PLANE('',#2061);
#40=PLANE('',#2062);
#41=PLANE('',#2067);
#42=PLANE('',#2068);
#43=PLANE('',#2069);
#44=PLANE('',#2070);
#45=PLANE('',#2071);
#46=PLANE('',#2088);
#47=PLANE('',#2089);
#48=PLANE('',#2090);
#49=PLANE('',#2103);
#50=PLANE('',#2104);
#51=PLANE('',#2105);
#52=PLANE('',#2106);
#53=PLANE('',#2107);
#54=PLANE('',#2108);
#55=PLANE('',#2125);
#56=B_SPLINE_CURVE_WITH_KNOTS('',2,(#2696,#2697,#2698),.UNSPECIFIED.,.F.,
 .F.,(3,3),(0.,1.),.PIECEWISE_BEZIER_KNOTS.);
#57=B_SPLINE_CURVE_WITH_KNOTS('',2,(#2700,#2701,#2702),.UNSPECIFIED.,.F.,
 .F.,(3,3),(0.,1.),.PIECEWISE_BEZIER_KNOTS.);
#58=B_SPLINE_CURVE_WITH_KNOTS('',2,(#2749,#2750,#2751),.UNSPECIFIED.,.F.,
 .F.,(3,3),(0.,1.),.PIECEWISE_BEZIER_KNOTS.);
#59=B_SPLINE_CURVE_WITH_KNOTS('',2,(#2753,#2754,#2755),.UNSPECIFIED.,.F.,
 .F.,(3,3),(0.,1.),.PIECEWISE_BEZIER_KNOTS.);
#60=B_SPLINE_CURVE_WITH_KNOTS('',2,(#2784,#2785,#2786),.UNSPECIFIED.,.F.,
 .F.,(3,3),(0.,1.),.PIECEWISE_BEZIER_KNOTS.);
#61=B_SPLINE_CURVE_WITH_KNOTS('',2,(#2788,#2789,#2790),.UNSPECIFIED.,.F.,
 .F.,(3,3),(0.,1.),.PIECEWISE_BEZIER_KNOTS.);
#62=B_SPLINE_CURVE_WITH_KNOTS('',2,(#2837,#2838,#2839),.UNSPECIFIED.,.F.,
 .F.,(3,3),(0.,1.),.PIECEWISE_BEZIER_KNOTS.);
#63=B_SPLINE_CURVE_WITH_KNOTS('',2,(#2841,#2842,#2843),.UNSPECIFIED.,.F.,
 .F.,(3,3),(0.,1.),.PIECEWISE_BEZIER_KNOTS.);
#64=B_SPLINE_CURVE_WITH_KNOTS('',2,(#2854,#2855,#2856),.UNSPECIFIED.,.F.,
 .F.,(3,3),(0.,1.),.PIECEWISE_BEZIER_KNOTS.);
#65=B_SPLINE_CURVE_WITH_KNOTS('',2,(#2858,#2859,#2860),.UNSPECIFIED.,.F.,
 .F.,(3,3),(0.,1.),.PIECEWISE_BEZIER_KNOTS.);
#66=B_SPLINE_CURVE_WITH_KNOTS('',2,(#2871,#2872,#2873),.UNSPECIFIED.,.F.,
 .F.,(3,3),(0.,1.),.PIECEWISE_BEZIER_KNOTS.);
#67=B_SPLINE_CURVE_WITH_KNOTS('',2,(#2875,#2876,#2877),.UNSPECIFIED.,.F.,
 .F.,(3,3),(0.,1.),.PIECEWISE_BEZIER_KNOTS.);
#68=B_SPLINE_CURVE_WITH_KNOTS('',2,(#2888,#2889,#2890),.UNSPECIFIED.,.F.,
 .F.,(3,3),(0.,1.),.PIECEWISE_BEZIER_KNOTS.);
#69=B_SPLINE_CURVE_WITH_KNOTS('',2,(#2892,#2893,#2894),.UNSPECIFIED.,.F.,
 .F.,(3,3),(0.,1.),.PIECEWISE_BEZIER_KNOTS.);
#70=B_SPLINE_CURVE_WITH_KNOTS('',2,(#2953,#2954,#2955),.UNSPECIFIED.,.F.,
 .F.,(3,3),(0.,1.),.PIECEWISE_BEZIER_KNOTS.);
#71=B_SPLINE_CURVE_WITH_KNOTS('',2,(#2957,#2958,#2959),.UNSPECIFIED.,.F.,
 .F.,(3,3),(0.,1.),.PIECEWISE_BEZIER_KNOTS.);
#72=B_SPLINE_CURVE_WITH_KNOTS('',2,(#3029,#3030,#3031),.UNSPECIFIED.,.F.,
 .F.,(3,3),(0.,1.),.PIECEWISE_BEZIER_KNOTS.);
#73=B_SPLINE_CURVE_WITH_KNOTS('',2,(#3049,#3050,#3051),.UNSPECIFIED.,.F.,
 .F.,(3,3),(0.,1.),.PIECEWISE_BEZIER_KNOTS.);
#74=B_SPLINE_CURVE_WITH_KNOTS('',2,(#3053,#3054,#3055),.UNSPECIFIED.,.F.,
 .F.,(3,3),(0.,1.),.PIECEWISE_BEZIER_KNOTS.);
#75=B_SPLINE_CURVE_WITH_KNOTS('',2,(#3057,#3058,#3059),.UNSPECIFIED.,.F.,
 .F.,(3,3),(0.,1.),.PIECEWISE_BEZIER_KNOTS.);
#76=B_SPLINE_CURVE_WITH_KNOTS('',2,(#3061,#3062,#3063),.UNSPECIFIED.,.F.,
 .F.,(3,3),(0.,1.),.PIECEWISE_BEZIER_KNOTS.);
#77=B_SPLINE_CURVE_WITH_KNOTS('',2,(#3077,#3078,#3079),.UNSPECIFIED.,.F.,
 .F.,(3,3),(0.,1.),.PIECEWISE_BEZIER_KNOTS.);
#78=B_SPLINE_CURVE_WITH_KNOTS('',2,(#3087,#3088,#3089),.UNSPECIFIED.,.F.,
 .F.,(3,3),(0.,1.),.PIECEWISE_BEZIER_KNOTS.);
#79=B_SPLINE_CURVE_WITH_KNOTS('',2,(#3103,#3104,#3105),.UNSPECIFIED.,.F.,
 .F.,(3,3),(0.,1.),.PIECEWISE_BEZIER_KNOTS.);
#80=B_SPLINE_CURVE_WITH_KNOTS('',2,(#3208,#3209,#3210),.UNSPECIFIED.,.F.,
 .F.,(3,3),(0.,1.),.PIECEWISE_BEZIER_KNOTS.);
#81=B_SPLINE_CURVE_WITH_KNOTS('',2,(#3245,#3246,#3247),.UNSPECIFIED.,.F.,
 .F.,(3,3),(0.,1.),.PIECEWISE_BEZIER_KNOTS.);
#82=B_SPLINE_CURVE_WITH_KNOTS('',2,(#3270,#3271,#3272),.UNSPECIFIED.,.F.,
 .F.,(3,3),(0.,1.),.PIECEWISE_BEZIER_KNOTS.);
#83=B_SPLINE_CURVE_WITH_KNOTS('',2,(#3307,#3308,#3309),.UNSPECIFIED.,.F.,
 .F.,(3,3),(0.,1.),.PIECEWISE_BEZIER_KNOTS.);
#84=B_SPLINE_CURVE_WITH_KNOTS('',2,(#3320,#3321,#3322),.UNSPECIFIED.,.F.,
 .F.,(3,3),(0.,1.),.PIECEWISE_BEZIER_KNOTS.);
#85=B_SPLINE_CURVE_WITH_KNOTS('',2,(#3333,#3334,#3335),.UNSPECIFIED.,.F.,
 .F.,(3,3),(0.,1.),.PIECEWISE_BEZIER_KNOTS.);
#86=B_SPLINE_CURVE_WITH_KNOTS('',2,(#3346,#3347,#3348),.UNSPECIFIED.,.F.,
 .F.,(3,3),(0.,1.),.PIECEWISE_BEZIER_KNOTS.);
#87=B_SPLINE_CURVE_WITH_KNOTS('',2,(#3391,#3392,#3393),.UNSPECIFIED.,.F.,
 .F.,(3,3),(0.,1.),.PIECEWISE_BEZIER_KNOTS.);
#88=B_SPLINE_SURFACE_WITH_KNOTS('',3,1,((#2688,#2689),(#2690,#2691),(#2692,
#2693),(#2694,#2695)),.SURF_OF_LINEAR_EXTRUSION.,.F.,.F.,.F.,(4,4),(2,2),
(0.,1.),(0.,1.),.PIECEWISE_BEZIER_KNOTS.);
#89=B_SPLINE_SURFACE_WITH_KNOTS('',3,1,((#2741,#2742),(#2743,#2744),(#2745,
#2746),(#2747,#2748)),.SURF_OF_LINEAR_EXTRUSION.,.F.,.F.,.F.,(4,4),(2,2),
(0.,1.),(0.,1.),.PIECEWISE_BEZIER_KNOTS.);
#90=B_SPLINE_SURFACE_WITH_KNOTS('',3,1,((#2776,#2777),(#2778,#2779),(#2780,
#2781),(#2782,#2783)),.SURF_OF_LINEAR_EXTRUSION.,.F.,.F.,.F.,(4,4),(2,2),
(0.,1.),(0.,1.),.PIECEWISE_BEZIER_KNOTS.);
#91=B_SPLINE_SURFACE_WITH_KNOTS('',3,1,((#2829,#2830),(#2831,#2832),(#2833,
#2834),(#2835,#2836)),.SURF_OF_LINEAR_EXTRUSION.,.F.,.F.,.F.,(4,4),(2,2),
(0.,1.),(0.,1.),.PIECEWISE_BEZIER_KNOTS.);
#92=B_SPLINE_SURFACE_WITH_KNOTS('',3,1,((#2846,#2847),(#2848,#2849),(#2850,
#2851),(#2852,#2853)),.SURF_OF_LINEAR_EXTRUSION.,.F.,.F.,.F.,(4,4),(2,2),
(0.,1.),(0.,1.),.PIECEWISE_BEZIER_KNOTS.);
#93=B_SPLINE_SURFACE_WITH_KNOTS('',3,1,((#2863,#2864),(#2865,#2866),(#2867,
#2868),(#2869,#2870)),.SURF_OF_LINEAR_EXTRUSION.,.F.,.F.,.F.,(4,4),(2,2),
(0.,1.),(0.,1.),.PIECEWISE_BEZIER_KNOTS.);
#94=B_SPLINE_SURFACE_WITH_KNOTS('',3,1,((#2880,#2881),(#2882,#2883),(#2884,
#2885),(#2886,#2887)),.SURF_OF_LINEAR_EXTRUSION.,.F.,.F.,.F.,(4,4),(2,2),
(0.,1.),(0.,1.),.PIECEWISE_BEZIER_KNOTS.);
#95=B_SPLINE_SURFACE_WITH_KNOTS('',3,1,((#2945,#2946),(#2947,#2948),(#2949,
#2950),(#2951,#2952)),.SURF_OF_LINEAR_EXTRUSION.,.F.,.F.,.F.,(4,4),(2,2),
(0.,1.),(0.,1.),.PIECEWISE_BEZIER_KNOTS.);
#96=B_SPLINE_SURFACE_WITH_KNOTS('',3,1,((#3198,#3199),(#3200,#3201),(#3202,
#3203),(#3204,#3205)),.SURF_OF_LINEAR_EXTRUSION.,.F.,.F.,.F.,(4,4),(2,2),
(0.,1.),(0.,1.),.PIECEWISE_BEZIER_KNOTS.);
#97=B_SPLINE_SURFACE_WITH_KNOTS('',3,1,((#3235,#3236),(#3237,#3238),(#3239,
#3240),(#3241,#3242)),.SURF_OF_LINEAR_EXTRUSION.,.F.,.F.,.F.,(4,4),(2,2),
(0.,1.),(0.,1.),.PIECEWISE_BEZIER_KNOTS.);
#98=B_SPLINE_SURFACE_WITH_KNOTS('',3,1,((#3260,#3261),(#3262,#3263),(#3264,
#3265),(#3266,#3267)),.SURF_OF_LINEAR_EXTRUSION.,.F.,.F.,.F.,(4,4),(2,2),
(0.,1.),(0.,1.),.PIECEWISE_BEZIER_KNOTS.);
#99=B_SPLINE_SURFACE_WITH_KNOTS('',3,1,((#3297,#3298),(#3299,#3300),(#3301,
#3302),(#3303,#3304)),.SURF_OF_LINEAR_EXTRUSION.,.F.,.F.,.F.,(4,4),(2,2),
(0.,1.),(0.,1.),.PIECEWISE_BEZIER_KNOTS.);
#100=B_SPLINE_SURFACE_WITH_KNOTS('',3,1,((#3310,#3311),(#3312,#3313),(#3314,
#3315),(#3316,#3317)),.SURF_OF_LINEAR_EXTRUSION.,.F.,.F.,.F.,(4,4),(2,2),
(0.,1.),(0.,1.),.PIECEWISE_BEZIER_KNOTS.);
#101=B_SPLINE_SURFACE_WITH_KNOTS('',3,1,((#3323,#3324),(#3325,#3326),(#3327,
#3328),(#3329,#3330)),.SURF_OF_LINEAR_EXTRUSION.,.F.,.F.,.F.,(4,4),(2,2),
(0.,1.),(0.,1.),.PIECEWISE_BEZIER_KNOTS.);
#102=B_SPLINE_SURFACE_WITH_KNOTS('',3,1,((#3336,#3337),(#3338,#3339),(#3340,
#3341),(#3342,#3343)),.SURF_OF_LINEAR_EXTRUSION.,.F.,.F.,.F.,(4,4),(2,2),
(0.,1.),(0.,1.),.PIECEWISE_BEZIER_KNOTS.);
#103=B_SPLINE_SURFACE_WITH_KNOTS('',3,1,((#3381,#3382),(#3383,#3384),(#3385,
#3386),(#3387,#3388)),.SURF_OF_LINEAR_EXTRUSION.,.F.,.F.,.F.,(4,4),(2,2),
(0.,1.),(0.,1.),.PIECEWISE_BEZIER_KNOTS.);
#104=LINE('',#2659,#254);
#105=LINE('',#2663,#255);
#106=LINE('',#2669,#256);
#107=LINE('',#2675,#257);
#108=LINE('',#2681,#258);
#109=LINE('',#2687,#259);
#110=LINE('',#2704,#260);
#111=LINE('',#2710,#261);
#112=LINE('',#2716,#262);
#113=LINE('',#2722,#263);
#114=LINE('',#2724,#264);
#115=LINE('',#2726,#265);
#116=LINE('',#2728,#266);
#117=LINE('',#2730,#267);
#118=LINE('',#2732,#268);
#119=LINE('',#2734,#269);
#120=LINE('',#2736,#270);
#121=LINE('',#2738,#271);
#122=LINE('',#2740,#272);
#123=LINE('',#2757,#273);
#124=LINE('',#2763,#274);
#125=LINE('',#2769,#275);
#126=LINE('',#2775,#276);
#127=LINE('',#2792,#277);
#128=LINE('',#2798,#278);
#129=LINE('',#2804,#279);
#130=LINE('',#2810,#280);
#131=LINE('',#2812,#281);
#132=LINE('',#2814,#282);
#133=LINE('',#2816,#283);
#134=LINE('',#2818,#284);
#135=LINE('',#2820,#285);
#136=LINE('',#2822,#286);
#137=LINE('',#2824,#287);
#138=LINE('',#2826,#288);
#139=LINE('',#2828,#289);
#140=LINE('',#2845,#290);
#141=LINE('',#2862,#291);
#142=LINE('',#2879,#292);
#143=LINE('',#2896,#293);
#144=LINE('',#2898,#294);
#145=LINE('',#2900,#295);
#146=LINE('',#2902,#296);
#147=LINE('',#2904,#297);
#148=LINE('',#2906,#298);
#149=LINE('',#2908,#299);
#150=LINE('',#2910,#300);
#151=LINE('',#2912,#301);
#152=LINE('',#2914,#302);
#153=LINE('',#2920,#303);
#154=LINE('',#2926,#304);
#155=LINE('',#2932,#305);
#156=LINE('',#2938,#306);
#157=LINE('',#2944,#307);
#158=LINE('',#2961,#308);
#159=LINE('',#2967,#309);
#160=LINE('',#2973,#310);
#161=LINE('',#2981,#311);
#162=LINE('',#2984,#312);
#163=LINE('',#2986,#313);
#164=LINE('',#2988,#314);
#165=LINE('',#2990,#315);
#166=LINE('',#2992,#316);
#167=LINE('',#2994,#317);
#168=LINE('',#2996,#318);
#169=LINE('',#2998,#319);
#170=LINE('',#3000,#320);
#171=LINE('',#3002,#321);
#172=LINE('',#3003,#322);
#173=LINE('',#3010,#323);
#174=LINE('',#3013,#324);
#175=LINE('',#3015,#325);
#176=LINE('',#3017,#326);
#177=LINE('',#3043,#327);
#178=LINE('',#3045,#328);
#179=LINE('',#3047,#329);
#180=LINE('',#3065,#330);
#181=LINE('',#3067,#331);
#182=LINE('',#3069,#332);
#183=LINE('',#3091,#333);
#184=LINE('',#3093,#334);
#185=LINE('',#3095,#335);
#186=LINE('',#3115,#336);
#187=LINE('',#3120,#337);
#188=LINE('',#3126,#338);
#189=LINE('',#3130,#339);
#190=LINE('',#3134,#340);
#191=LINE('',#3141,#341);
#192=LINE('',#3143,#342);
#193=LINE('',#3145,#343);
#194=LINE('',#3147,#344);
#195=LINE('',#3149,#345);
#196=LINE('',#3151,#346);
#197=LINE('',#3153,#347);
#198=LINE('',#3160,#348);
#199=LINE('',#3162,#349);
#200=LINE('',#3164,#350);
#201=LINE('',#3166,#351);
#202=LINE('',#3168,#352);
#203=LINE('',#3170,#353);
#204=LINE('',#3172,#354);
#205=LINE('',#3174,#355);
#206=LINE('',#3177,#356);
#207=LINE('',#3181,#357);
#208=LINE('',#3183,#358);
#209=LINE('',#3187,#359);
#210=LINE('',#3191,#360);
#211=LINE('',#3195,#361);
#212=LINE('',#3206,#362);
#213=LINE('',#3212,#363);
#214=LINE('',#3216,#364);
#215=LINE('',#3220,#365);
#216=LINE('',#3224,#366);
#217=LINE('',#3226,#367);
#218=LINE('',#3228,#368);
#219=LINE('',#3230,#369);
#220=LINE('',#3232,#370);
#221=LINE('',#3234,#371);
#222=LINE('',#3243,#372);
#223=LINE('',#3249,#373);
#224=LINE('',#3253,#374);
#225=LINE('',#3257,#375);
#226=LINE('',#3268,#376);
#227=LINE('',#3274,#377);
#228=LINE('',#3278,#378);
#229=LINE('',#3282,#379);
#230=LINE('',#3286,#380);
#231=LINE('',#3288,#381);
#232=LINE('',#3290,#382);
#233=LINE('',#3292,#383);
#234=LINE('',#3294,#384);
#235=LINE('',#3296,#385);
#236=LINE('',#3305,#386);
#237=LINE('',#3318,#387);
#238=LINE('',#3331,#388);
#239=LINE('',#3344,#389);
#240=LINE('',#3350,#390);
#241=LINE('',#3352,#391);
#242=LINE('',#3354,#392);
#243=LINE('',#3356,#393);
#244=LINE('',#3358,#394);
#245=LINE('',#3360,#395);
#246=LINE('',#3362,#396);
#247=LINE('',#3366,#397);
#248=LINE('',#3370,#398);
#249=LINE('',#3374,#399);
#250=LINE('',#3378,#400);
#251=LINE('',#3389,#401);
#252=LINE('',#3395,#402);
#253=LINE('',#3399,#403);
#254=VECTOR('',#2132,1.);
#255=VECTOR('',#2135,1.);
#256=VECTOR('',#2142,1.);
#257=VECTOR('',#2149,1.);
#258=VECTOR('',#2156,1.);
#259=VECTOR('',#2163,1.);
#260=VECTOR('',#2164,1.);
#261=VECTOR('',#2171,1.);
#262=VECTOR('',#2178,1.);
#263=VECTOR('',#2185,1.);
#264=VECTOR('',#2188,1.);
#265=VECTOR('',#2189,1.);
#266=VECTOR('',#2190,1.);
#267=VECTOR('',#2193,1.);
#268=VECTOR('',#2194,1.);
#269=VECTOR('',#2195,1.);
#270=VECTOR('',#2198,1.);
#271=VECTOR('',#2199,1.);
#272=VECTOR('',#2200,1.);
#273=VECTOR('',#2201,1.);
#274=VECTOR('',#2208,1.);
#275=VECTOR('',#2215,1.);
#276=VECTOR('',#2222,1.);
#277=VECTOR('',#2223,1.);
#278=VECTOR('',#2230,1.);
#279=VECTOR('',#2237,1.);
#280=VECTOR('',#2244,1.);
#281=VECTOR('',#2247,1.);
#282=VECTOR('',#2248,1.);
#283=VECTOR('',#2249,1.);
#284=VECTOR('',#2252,1.);
#285=VECTOR('',#2253,1.);
#286=VECTOR('',#2254,1.);
#287=VECTOR('',#2257,1.);
#288=VECTOR('',#2258,1.);
#289=VECTOR('',#2259,1.);
#290=VECTOR('',#2260,1.);
#291=VECTOR('',#2261,1.);
#292=VECTOR('',#2262,1.);
#293=VECTOR('',#2263,1.);
#294=VECTOR('',#2266,1.);
#295=VECTOR('',#2267,1.);
#296=VECTOR('',#2268,1.);
#297=VECTOR('',#2271,1.);
#298=VECTOR('',#2272,1.);
#299=VECTOR('',#2273,1.);
#300=VECTOR('',#2276,1.);
#301=VECTOR('',#2277,1.);
#302=VECTOR('',#2278,1.);
#303=VECTOR('',#2285,1.);
#304=VECTOR('',#2292,1.);
#305=VECTOR('',#2299,1.);
#306=VECTOR('',#2306,1.);
#307=VECTOR('',#2313,1.);
#308=VECTOR('',#2314,1.);
#309=VECTOR('',#2321,1.);
#310=VECTOR('',#2328,1.);
#311=VECTOR('',#2343,1.);
#312=VECTOR('',#2344,1.);
#313=VECTOR('',#2345,1.);
#314=VECTOR('',#2346,1.);
#315=VECTOR('',#2349,1.);
#316=VECTOR('',#2350,1.);
#317=VECTOR('',#2351,1.);
#318=VECTOR('',#2354,1.);
#319=VECTOR('',#2355,1.);
#320=VECTOR('',#2356,1.);
#321=VECTOR('',#2359,1.);
#322=VECTOR('',#2360,1.);
#323=VECTOR('',#2371,1.);
#324=VECTOR('',#2372,1.);
#325=VECTOR('',#2373,1.);
#326=VECTOR('',#2374,1.);
#327=VECTOR('',#2395,1.);
#328=VECTOR('',#2396,1.);
#329=VECTOR('',#2397,1.);
#330=VECTOR('',#2398,1.);
#331=VECTOR('',#2399,1.);
#332=VECTOR('',#2400,1.);
#333=VECTOR('',#2413,1.);
#334=VECTOR('',#2414,1.);
#335=VECTOR('',#2415,1.);
#336=VECTOR('',#2432,1.);
#337=VECTOR('',#2435,1.);
#338=VECTOR('',#2442,1.);
#339=VECTOR('',#2445,1.);
#340=VECTOR('',#2448,1.);
#341=VECTOR('',#2459,1.);
#342=VECTOR('',#2460,1.);
#343=VECTOR('',#2463,1.);
#344=VECTOR('',#2464,1.);
#345=VECTOR('',#2465,1.);
#346=VECTOR('',#2468,1.);
#347=VECTOR('',#2469,1.);
#348=VECTOR('',#2482,1.);
#349=VECTOR('',#2483,1.);
#350=VECTOR('',#2484,1.);
#351=VECTOR('',#2487,1.);
#352=VECTOR('',#2488,1.);
#353=VECTOR('',#2491,1.);
#354=VECTOR('',#2492,1.);
#355=VECTOR('',#2495,1.);
#356=VECTOR('',#2500,1.);
#357=VECTOR('',#2503,1.);
#358=VECTOR('',#2506,1.);
#359=VECTOR('',#2511,1.);
#360=VECTOR('',#2516,1.);
#361=VECTOR('',#2521,1.);
#362=VECTOR('',#2524,1.);
#363=VECTOR('',#2527,1.);
#364=VECTOR('',#2532,1.);
#365=VECTOR('',#2537,1.);
#366=VECTOR('',#2542,1.);
#367=VECTOR('',#2543,1.);
#368=VECTOR('',#2546,1.);
#369=VECTOR('',#2547,1.);
#370=VECTOR('',#2550,1.);
#371=VECTOR('',#2551,1.);
#372=VECTOR('',#2552,1.);
#373=VECTOR('',#2555,1.);
#374=VECTOR('',#2560,1.);
#375=VECTOR('',#2565,1.);
#376=VECTOR('',#2568,1.);
#377=VECTOR('',#2571,1.);
#378=VECTOR('',#2576,1.);
#379=VECTOR('',#2581,1.);
#380=VECTOR('',#2586,1.);
#381=VECTOR('',#2587,1.);
#382=VECTOR('',#2590,1.);
#383=VECTOR('',#2591,1.);
#384=VECTOR('',#2594,1.);
#385=VECTOR('',#2595,1.);
#386=VECTOR('',#2596,1.);
#387=VECTOR('',#2597,1.);
#388=VECTOR('',#2598,1.);
#389=VECTOR('',#2599,1.);
#390=VECTOR('',#2602,1.);
#391=VECTOR('',#2603,1.);
#392=VECTOR('',#2606,1.);
#393=VECTOR('',#2607,1.);
#394=VECTOR('',#2610,1.);
#395=VECTOR('',#2611,1.);
#396=VECTOR('',#2614,1.);
#397=VECTOR('',#2619,1.);
#398=VECTOR('',#2624,1.);
#399=VECTOR('',#2629,1.);
#400=VECTOR('',#2634,1.);
#401=VECTOR('',#2637,1.);
#402=VECTOR('',#2640,1.);
#403=VECTOR('',#2645,1.);
#404=ORIENTED_EDGE('',*,*,#964,.T.);
#405=ORIENTED_EDGE('',*,*,#965,.F.);
#406=ORIENTED_EDGE('',*,*,#966,.F.);
#407=ORIENTED_EDGE('',*,*,#967,.T.);
#408=ORIENTED_EDGE('',*,*,#968,.T.);
#409=ORIENTED_EDGE('',*,*,#967,.F.);
#410=ORIENTED_EDGE('',*,*,#969,.F.);
#411=ORIENTED_EDGE('',*,*,#970,.T.);
#412=ORIENTED_EDGE('',*,*,#971,.T.);
#413=ORIENTED_EDGE('',*,*,#970,.F.);
#414=ORIENTED_EDGE('',*,*,#972,.F.);
#415=ORIENTED_EDGE('',*,*,#973,.T.);
#416=ORIENTED_EDGE('',*,*,#974,.T.);
#417=ORIENTED_EDGE('',*,*,#973,.F.);
#418=ORIENTED_EDGE('',*,*,#975,.F.);
#419=ORIENTED_EDGE('',*,*,#976,.T.);
#420=ORIENTED_EDGE('',*,*,#977,.T.);
#421=ORIENTED_EDGE('',*,*,#976,.F.);
#422=ORIENTED_EDGE('',*,*,#978,.F.);
#423=ORIENTED_EDGE('',*,*,#979,.T.);
#424=ORIENTED_EDGE('',*,*,#980,.T.);
#425=ORIENTED_EDGE('',*,*,#979,.F.);
#426=ORIENTED_EDGE('',*,*,#981,.F.);
#427=ORIENTED_EDGE('',*,*,#982,.T.);
#428=ORIENTED_EDGE('',*,*,#983,.T.);
#429=ORIENTED_EDGE('',*,*,#982,.F.);
#430=ORIENTED_EDGE('',*,*,#984,.F.);
#431=ORIENTED_EDGE('',*,*,#985,.T.);
#432=ORIENTED_EDGE('',*,*,#986,.T.);
#433=ORIENTED_EDGE('',*,*,#985,.F.);
#434=ORIENTED_EDGE('',*,*,#987,.F.);
#435=ORIENTED_EDGE('',*,*,#988,.T.);
#436=ORIENTED_EDGE('',*,*,#989,.T.);
#437=ORIENTED_EDGE('',*,*,#988,.F.);
#438=ORIENTED_EDGE('',*,*,#990,.F.);
#439=ORIENTED_EDGE('',*,*,#991,.T.);
#440=ORIENTED_EDGE('',*,*,#992,.T.);
#441=ORIENTED_EDGE('',*,*,#991,.F.);
#442=ORIENTED_EDGE('',*,*,#993,.F.);
#443=ORIENTED_EDGE('',*,*,#994,.T.);
#444=ORIENTED_EDGE('',*,*,#995,.T.);
#445=ORIENTED_EDGE('',*,*,#994,.F.);
#446=ORIENTED_EDGE('',*,*,#996,.F.);
#447=ORIENTED_EDGE('',*,*,#997,.T.);
#448=ORIENTED_EDGE('',*,*,#998,.T.);
#449=ORIENTED_EDGE('',*,*,#997,.F.);
#450=ORIENTED_EDGE('',*,*,#999,.F.);
#451=ORIENTED_EDGE('',*,*,#1000,.T.);
#452=ORIENTED_EDGE('',*,*,#1001,.T.);
#453=ORIENTED_EDGE('',*,*,#1000,.F.);
#454=ORIENTED_EDGE('',*,*,#1002,.F.);
#455=ORIENTED_EDGE('',*,*,#1003,.T.);
#456=ORIENTED_EDGE('',*,*,#1004,.T.);
#457=ORIENTED_EDGE('',*,*,#1003,.F.);
#458=ORIENTED_EDGE('',*,*,#1005,.F.);
#459=ORIENTED_EDGE('',*,*,#1006,.T.);
#460=ORIENTED_EDGE('',*,*,#1007,.T.);
#461=ORIENTED_EDGE('',*,*,#1006,.F.);
#462=ORIENTED_EDGE('',*,*,#1008,.F.);
#463=ORIENTED_EDGE('',*,*,#1009,.T.);
#464=ORIENTED_EDGE('',*,*,#1010,.T.);
#465=ORIENTED_EDGE('',*,*,#1009,.F.);
#466=ORIENTED_EDGE('',*,*,#1011,.F.);
#467=ORIENTED_EDGE('',*,*,#1012,.T.);
#468=ORIENTED_EDGE('',*,*,#1013,.T.);
#469=ORIENTED_EDGE('',*,*,#1012,.F.);
#470=ORIENTED_EDGE('',*,*,#1014,.F.);
#471=ORIENTED_EDGE('',*,*,#1015,.T.);
#472=ORIENTED_EDGE('',*,*,#1016,.T.);
#473=ORIENTED_EDGE('',*,*,#1015,.F.);
#474=ORIENTED_EDGE('',*,*,#1017,.F.);
#475=ORIENTED_EDGE('',*,*,#1018,.T.);
#476=ORIENTED_EDGE('',*,*,#1019,.T.);
#477=ORIENTED_EDGE('',*,*,#1018,.F.);
#478=ORIENTED_EDGE('',*,*,#1020,.F.);
#479=ORIENTED_EDGE('',*,*,#1021,.T.);
#480=ORIENTED_EDGE('',*,*,#1022,.T.);
#481=ORIENTED_EDGE('',*,*,#1021,.F.);
#482=ORIENTED_EDGE('',*,*,#1023,.F.);
#483=ORIENTED_EDGE('',*,*,#1024,.T.);
#484=ORIENTED_EDGE('',*,*,#1025,.T.);
#485=ORIENTED_EDGE('',*,*,#1024,.F.);
#486=ORIENTED_EDGE('',*,*,#1026,.F.);
#487=ORIENTED_EDGE('',*,*,#1027,.T.);
#488=ORIENTED_EDGE('',*,*,#1028,.T.);
#489=ORIENTED_EDGE('',*,*,#1027,.F.);
#490=ORIENTED_EDGE('',*,*,#1029,.F.);
#491=ORIENTED_EDGE('',*,*,#1030,.T.);
#492=ORIENTED_EDGE('',*,*,#1031,.T.);
#493=ORIENTED_EDGE('',*,*,#1030,.F.);
#494=ORIENTED_EDGE('',*,*,#1032,.F.);
#495=ORIENTED_EDGE('',*,*,#1033,.T.);
#496=ORIENTED_EDGE('',*,*,#1034,.T.);
#497=ORIENTED_EDGE('',*,*,#1033,.F.);
#498=ORIENTED_EDGE('',*,*,#1035,.F.);
#499=ORIENTED_EDGE('',*,*,#1036,.T.);
#500=ORIENTED_EDGE('',*,*,#1037,.T.);
#501=ORIENTED_EDGE('',*,*,#1036,.F.);
#502=ORIENTED_EDGE('',*,*,#1038,.F.);
#503=ORIENTED_EDGE('',*,*,#1039,.T.);
#504=ORIENTED_EDGE('',*,*,#1040,.T.);
#505=ORIENTED_EDGE('',*,*,#1039,.F.);
#506=ORIENTED_EDGE('',*,*,#1041,.F.);
#507=ORIENTED_EDGE('',*,*,#1042,.T.);
#508=ORIENTED_EDGE('',*,*,#1043,.T.);
#509=ORIENTED_EDGE('',*,*,#1042,.F.);
#510=ORIENTED_EDGE('',*,*,#1044,.F.);
#511=ORIENTED_EDGE('',*,*,#1045,.T.);
#512=ORIENTED_EDGE('',*,*,#1046,.T.);
#513=ORIENTED_EDGE('',*,*,#1045,.F.);
#514=ORIENTED_EDGE('',*,*,#1047,.F.);
#515=ORIENTED_EDGE('',*,*,#1048,.T.);
#516=ORIENTED_EDGE('',*,*,#1049,.T.);
#517=ORIENTED_EDGE('',*,*,#1048,.F.);
#518=ORIENTED_EDGE('',*,*,#1050,.F.);
#519=ORIENTED_EDGE('',*,*,#1051,.T.);
#520=ORIENTED_EDGE('',*,*,#1052,.T.);
#521=ORIENTED_EDGE('',*,*,#1051,.F.);
#522=ORIENTED_EDGE('',*,*,#1053,.F.);
#523=ORIENTED_EDGE('',*,*,#1054,.T.);
#524=ORIENTED_EDGE('',*,*,#1055,.T.);
#525=ORIENTED_EDGE('',*,*,#1054,.F.);
#526=ORIENTED_EDGE('',*,*,#1056,.F.);
#527=ORIENTED_EDGE('',*,*,#1057,.T.);
#528=ORIENTED_EDGE('',*,*,#1058,.T.);
#529=ORIENTED_EDGE('',*,*,#1057,.F.);
#530=ORIENTED_EDGE('',*,*,#1059,.F.);
#531=ORIENTED_EDGE('',*,*,#1060,.T.);
#532=ORIENTED_EDGE('',*,*,#1061,.T.);
#533=ORIENTED_EDGE('',*,*,#1060,.F.);
#534=ORIENTED_EDGE('',*,*,#1062,.F.);
#535=ORIENTED_EDGE('',*,*,#1063,.T.);
#536=ORIENTED_EDGE('',*,*,#1064,.T.);
#537=ORIENTED_EDGE('',*,*,#1063,.F.);
#538=ORIENTED_EDGE('',*,*,#1065,.F.);
#539=ORIENTED_EDGE('',*,*,#1066,.T.);
#540=ORIENTED_EDGE('',*,*,#1067,.T.);
#541=ORIENTED_EDGE('',*,*,#1066,.F.);
#542=ORIENTED_EDGE('',*,*,#1068,.F.);
#543=ORIENTED_EDGE('',*,*,#1069,.T.);
#544=ORIENTED_EDGE('',*,*,#1070,.T.);
#545=ORIENTED_EDGE('',*,*,#1069,.F.);
#546=ORIENTED_EDGE('',*,*,#1071,.F.);
#547=ORIENTED_EDGE('',*,*,#1072,.T.);
#548=ORIENTED_EDGE('',*,*,#1073,.T.);
#549=ORIENTED_EDGE('',*,*,#1072,.F.);
#550=ORIENTED_EDGE('',*,*,#1074,.F.);
#551=ORIENTED_EDGE('',*,*,#1075,.T.);
#552=ORIENTED_EDGE('',*,*,#1076,.T.);
#553=ORIENTED_EDGE('',*,*,#1075,.F.);
#554=ORIENTED_EDGE('',*,*,#1077,.F.);
#555=ORIENTED_EDGE('',*,*,#1078,.T.);
#556=ORIENTED_EDGE('',*,*,#1079,.T.);
#557=ORIENTED_EDGE('',*,*,#1078,.F.);
#558=ORIENTED_EDGE('',*,*,#1080,.F.);
#559=ORIENTED_EDGE('',*,*,#965,.T.);
#560=ORIENTED_EDGE('',*,*,#966,.T.);
#561=ORIENTED_EDGE('',*,*,#1080,.T.);
#562=ORIENTED_EDGE('',*,*,#1077,.T.);
#563=ORIENTED_EDGE('',*,*,#1074,.T.);
#564=ORIENTED_EDGE('',*,*,#1071,.T.);
#565=ORIENTED_EDGE('',*,*,#1068,.T.);
#566=ORIENTED_EDGE('',*,*,#1065,.T.);
#567=ORIENTED_EDGE('',*,*,#1062,.T.);
#568=ORIENTED_EDGE('',*,*,#1059,.T.);
#569=ORIENTED_EDGE('',*,*,#1056,.T.);
#570=ORIENTED_EDGE('',*,*,#1053,.T.);
#571=ORIENTED_EDGE('',*,*,#1050,.T.);
#572=ORIENTED_EDGE('',*,*,#1047,.T.);
#573=ORIENTED_EDGE('',*,*,#1044,.T.);
#574=ORIENTED_EDGE('',*,*,#1041,.T.);
#575=ORIENTED_EDGE('',*,*,#1038,.T.);
#576=ORIENTED_EDGE('',*,*,#1035,.T.);
#577=ORIENTED_EDGE('',*,*,#1032,.T.);
#578=ORIENTED_EDGE('',*,*,#1029,.T.);
#579=ORIENTED_EDGE('',*,*,#1026,.T.);
#580=ORIENTED_EDGE('',*,*,#1023,.T.);
#581=ORIENTED_EDGE('',*,*,#1020,.T.);
#582=ORIENTED_EDGE('',*,*,#1017,.T.);
#583=ORIENTED_EDGE('',*,*,#1014,.T.);
#584=ORIENTED_EDGE('',*,*,#1011,.T.);
#585=ORIENTED_EDGE('',*,*,#1008,.T.);
#586=ORIENTED_EDGE('',*,*,#1005,.T.);
#587=ORIENTED_EDGE('',*,*,#1002,.T.);
#588=ORIENTED_EDGE('',*,*,#999,.T.);
#589=ORIENTED_EDGE('',*,*,#996,.T.);
#590=ORIENTED_EDGE('',*,*,#993,.T.);
#591=ORIENTED_EDGE('',*,*,#990,.T.);
#592=ORIENTED_EDGE('',*,*,#987,.T.);
#593=ORIENTED_EDGE('',*,*,#984,.T.);
#594=ORIENTED_EDGE('',*,*,#981,.T.);
#595=ORIENTED_EDGE('',*,*,#978,.T.);
#596=ORIENTED_EDGE('',*,*,#975,.T.);
#597=ORIENTED_EDGE('',*,*,#972,.T.);
#598=ORIENTED_EDGE('',*,*,#969,.T.);
#599=ORIENTED_EDGE('',*,*,#964,.F.);
#600=ORIENTED_EDGE('',*,*,#968,.F.);
#601=ORIENTED_EDGE('',*,*,#971,.F.);
#602=ORIENTED_EDGE('',*,*,#974,.F.);
#603=ORIENTED_EDGE('',*,*,#977,.F.);
#604=ORIENTED_EDGE('',*,*,#980,.F.);
#605=ORIENTED_EDGE('',*,*,#983,.F.);
#606=ORIENTED_EDGE('',*,*,#986,.F.);
#607=ORIENTED_EDGE('',*,*,#989,.F.);
#608=ORIENTED_EDGE('',*,*,#992,.F.);
#609=ORIENTED_EDGE('',*,*,#995,.F.);
#610=ORIENTED_EDGE('',*,*,#998,.F.);
#611=ORIENTED_EDGE('',*,*,#1001,.F.);
#612=ORIENTED_EDGE('',*,*,#1004,.F.);
#613=ORIENTED_EDGE('',*,*,#1007,.F.);
#614=ORIENTED_EDGE('',*,*,#1010,.F.);
#615=ORIENTED_EDGE('',*,*,#1013,.F.);
#616=ORIENTED_EDGE('',*,*,#1016,.F.);
#617=ORIENTED_EDGE('',*,*,#1019,.F.);
#618=ORIENTED_EDGE('',*,*,#1022,.F.);
#619=ORIENTED_EDGE('',*,*,#1025,.F.);
#620=ORIENTED_EDGE('',*,*,#1028,.F.);
#621=ORIENTED_EDGE('',*,*,#1031,.F.);
#622=ORIENTED_EDGE('',*,*,#1034,.F.);
#623=ORIENTED_EDGE('',*,*,#1037,.F.);
#624=ORIENTED_EDGE('',*,*,#1040,.F.);
#625=ORIENTED_EDGE('',*,*,#1043,.F.);
#626=ORIENTED_EDGE('',*,*,#1046,.F.);
#627=ORIENTED_EDGE('',*,*,#1049,.F.);
#628=ORIENTED_EDGE('',*,*,#1052,.F.);
#629=ORIENTED_EDGE('',*,*,#1055,.F.);
#630=ORIENTED_EDGE('',*,*,#1058,.F.);
#631=ORIENTED_EDGE('',*,*,#1061,.F.);
#632=ORIENTED_EDGE('',*,*,#1064,.F.);
#633=ORIENTED_EDGE('',*,*,#1067,.F.);
#634=ORIENTED_EDGE('',*,*,#1070,.F.);
#635=ORIENTED_EDGE('',*,*,#1073,.F.);
#636=ORIENTED_EDGE('',*,*,#1076,.F.);
#637=ORIENTED_EDGE('',*,*,#1079,.F.);
#638=ORIENTED_EDGE('',*,*,#1081,.T.);
#639=ORIENTED_EDGE('',*,*,#1082,.F.);
#640=ORIENTED_EDGE('',*,*,#1083,.F.);
#641=ORIENTED_EDGE('',*,*,#1084,.T.);
#642=ORIENTED_EDGE('',*,*,#1085,.T.);
#643=ORIENTED_EDGE('',*,*,#1084,.F.);
#644=ORIENTED_EDGE('',*,*,#1086,.F.);
#645=ORIENTED_EDGE('',*,*,#1087,.T.);
#646=ORIENTED_EDGE('',*,*,#1088,.T.);
#647=ORIENTED_EDGE('',*,*,#1087,.F.);
#648=ORIENTED_EDGE('',*,*,#1089,.F.);
#649=ORIENTED_EDGE('',*,*,#1090,.T.);
#650=ORIENTED_EDGE('',*,*,#1091,.T.);
#651=ORIENTED_EDGE('',*,*,#1090,.F.);
#652=ORIENTED_EDGE('',*,*,#1092,.F.);
#653=ORIENTED_EDGE('',*,*,#1082,.T.);
#654=ORIENTED_EDGE('',*,*,#1083,.T.);
#655=ORIENTED_EDGE('',*,*,#1092,.T.);
#656=ORIENTED_EDGE('',*,*,#1089,.T.);
#657=ORIENTED_EDGE('',*,*,#1086,.T.);
#658=ORIENTED_EDGE('',*,*,#1081,.F.);
#659=ORIENTED_EDGE('',*,*,#1085,.F.);
#660=ORIENTED_EDGE('',*,*,#1088,.F.);
#661=ORIENTED_EDGE('',*,*,#1091,.F.);
#662=ORIENTED_EDGE('',*,*,#1093,.T.);
#663=ORIENTED_EDGE('',*,*,#1094,.T.);
#664=ORIENTED_EDGE('',*,*,#1095,.T.);
#665=ORIENTED_EDGE('',*,*,#1096,.T.);
#666=ORIENTED_EDGE('',*,*,#1097,.T.);
#667=ORIENTED_EDGE('',*,*,#1098,.T.);
#668=ORIENTED_EDGE('',*,*,#1099,.T.);
#669=ORIENTED_EDGE('',*,*,#1100,.T.);
#670=ORIENTED_EDGE('',*,*,#1101,.T.);
#671=ORIENTED_EDGE('',*,*,#1102,.T.);
#672=ORIENTED_EDGE('',*,*,#1103,.T.);
#673=ORIENTED_EDGE('',*,*,#1104,.T.);
#674=ORIENTED_EDGE('',*,*,#1105,.T.);
#675=ORIENTED_EDGE('',*,*,#1106,.T.);
#676=ORIENTED_EDGE('',*,*,#1107,.T.);
#677=ORIENTED_EDGE('',*,*,#1108,.T.);
#678=ORIENTED_EDGE('',*,*,#1109,.T.);
#679=ORIENTED_EDGE('',*,*,#1110,.T.);
#680=ORIENTED_EDGE('',*,*,#1111,.T.);
#681=ORIENTED_EDGE('',*,*,#1112,.T.);
#682=ORIENTED_EDGE('',*,*,#1113,.T.);
#683=ORIENTED_EDGE('',*,*,#1114,.T.);
#684=ORIENTED_EDGE('',*,*,#1115,.T.);
#685=ORIENTED_EDGE('',*,*,#1116,.T.);
#686=ORIENTED_EDGE('',*,*,#1117,.T.);
#687=ORIENTED_EDGE('',*,*,#1118,.T.);
#688=ORIENTED_EDGE('',*,*,#1119,.T.);
#689=ORIENTED_EDGE('',*,*,#1120,.T.);
#690=ORIENTED_EDGE('',*,*,#1121,.T.);
#691=ORIENTED_EDGE('',*,*,#1122,.T.);
#692=ORIENTED_EDGE('',*,*,#1123,.T.);
#693=ORIENTED_EDGE('',*,*,#1124,.T.);
#694=ORIENTED_EDGE('',*,*,#1125,.T.);
#695=ORIENTED_EDGE('',*,*,#1126,.T.);
#696=ORIENTED_EDGE('',*,*,#1127,.T.);
#697=ORIENTED_EDGE('',*,*,#1128,.T.);
#698=ORIENTED_EDGE('',*,*,#1129,.T.);
#699=ORIENTED_EDGE('',*,*,#1130,.T.);
#700=ORIENTED_EDGE('',*,*,#1131,.T.);
#701=ORIENTED_EDGE('',*,*,#1132,.T.);
#702=ORIENTED_EDGE('',*,*,#1133,.T.);
#703=ORIENTED_EDGE('',*,*,#1134,.T.);
#704=ORIENTED_EDGE('',*,*,#1135,.T.);
#705=ORIENTED_EDGE('',*,*,#1136,.T.);
#706=ORIENTED_EDGE('',*,*,#1137,.T.);
#707=ORIENTED_EDGE('',*,*,#1138,.F.);
#708=ORIENTED_EDGE('',*,*,#1139,.T.);
#709=ORIENTED_EDGE('',*,*,#1140,.T.);
#710=ORIENTED_EDGE('',*,*,#1141,.T.);
#711=ORIENTED_EDGE('',*,*,#1142,.F.);
#712=ORIENTED_EDGE('',*,*,#1143,.T.);
#713=ORIENTED_EDGE('',*,*,#1144,.T.);
#714=ORIENTED_EDGE('',*,*,#1145,.F.);
#715=ORIENTED_EDGE('',*,*,#1146,.T.);
#716=ORIENTED_EDGE('',*,*,#1147,.F.);
#717=ORIENTED_EDGE('',*,*,#1141,.F.);
#718=ORIENTED_EDGE('',*,*,#1148,.F.);
#719=ORIENTED_EDGE('',*,*,#1142,.T.);
#720=ORIENTED_EDGE('',*,*,#1148,.T.);
#721=ORIENTED_EDGE('',*,*,#1137,.F.);
#722=ORIENTED_EDGE('',*,*,#1093,.F.);
#723=ORIENTED_EDGE('',*,*,#1147,.T.);
#724=ORIENTED_EDGE('',*,*,#1149,.T.);
#725=ORIENTED_EDGE('',*,*,#1150,.F.);
#726=ORIENTED_EDGE('',*,*,#1138,.T.);
#727=ORIENTED_EDGE('',*,*,#1145,.T.);
#728=ORIENTED_EDGE('',*,*,#1151,.T.);
#729=ORIENTED_EDGE('',*,*,#1152,.F.);
#730=ORIENTED_EDGE('',*,*,#1153,.T.);
#731=ORIENTED_EDGE('',*,*,#1154,.T.);
#732=ORIENTED_EDGE('',*,*,#1155,.T.);
#733=ORIENTED_EDGE('',*,*,#1143,.F.);
#734=ORIENTED_EDGE('',*,*,#1140,.F.);
#735=ORIENTED_EDGE('',*,*,#1152,.T.);
#736=ORIENTED_EDGE('',*,*,#1156,.T.);
#737=ORIENTED_EDGE('',*,*,#1154,.F.);
#738=ORIENTED_EDGE('',*,*,#1139,.F.);
#739=ORIENTED_EDGE('',*,*,#1150,.T.);
#740=ORIENTED_EDGE('',*,*,#1157,.T.);
#741=ORIENTED_EDGE('',*,*,#1156,.F.);
#742=ORIENTED_EDGE('',*,*,#1151,.F.);
#743=ORIENTED_EDGE('',*,*,#1144,.F.);
#744=ORIENTED_EDGE('',*,*,#1155,.F.);
#745=ORIENTED_EDGE('',*,*,#1157,.F.);
#746=ORIENTED_EDGE('',*,*,#1149,.F.);
#747=ORIENTED_EDGE('',*,*,#1146,.F.);
#748=ORIENTED_EDGE('',*,*,#1153,.F.);
#749=ORIENTED_EDGE('',*,*,#1095,.F.);
#750=ORIENTED_EDGE('',*,*,#1158,.F.);
#751=ORIENTED_EDGE('',*,*,#1159,.T.);
#752=ORIENTED_EDGE('',*,*,#1160,.T.);
#753=ORIENTED_EDGE('',*,*,#1094,.F.);
#754=ORIENTED_EDGE('',*,*,#1161,.F.);
#755=ORIENTED_EDGE('',*,*,#1162,.T.);
#756=ORIENTED_EDGE('',*,*,#1158,.T.);
#757=ORIENTED_EDGE('',*,*,#1097,.F.);
#758=ORIENTED_EDGE('',*,*,#1163,.F.);
#759=ORIENTED_EDGE('',*,*,#1164,.T.);
#760=ORIENTED_EDGE('',*,*,#1161,.T.);
#761=ORIENTED_EDGE('',*,*,#1096,.F.);
#762=ORIENTED_EDGE('',*,*,#1160,.F.);
#763=ORIENTED_EDGE('',*,*,#1165,.T.);
#764=ORIENTED_EDGE('',*,*,#1163,.T.);
#765=ORIENTED_EDGE('',*,*,#1159,.F.);
#766=ORIENTED_EDGE('',*,*,#1162,.F.);
#767=ORIENTED_EDGE('',*,*,#1164,.F.);
#768=ORIENTED_EDGE('',*,*,#1165,.F.);
#769=ORIENTED_EDGE('',*,*,#1099,.F.);
#770=ORIENTED_EDGE('',*,*,#1166,.F.);
#771=ORIENTED_EDGE('',*,*,#1167,.T.);
#772=ORIENTED_EDGE('',*,*,#1168,.T.);
#773=ORIENTED_EDGE('',*,*,#1098,.F.);
#774=ORIENTED_EDGE('',*,*,#1169,.F.);
#775=ORIENTED_EDGE('',*,*,#1170,.T.);
#776=ORIENTED_EDGE('',*,*,#1166,.T.);
#777=ORIENTED_EDGE('',*,*,#1136,.F.);
#778=ORIENTED_EDGE('',*,*,#1171,.F.);
#779=ORIENTED_EDGE('',*,*,#1172,.T.);
#780=ORIENTED_EDGE('',*,*,#1169,.T.);
#781=ORIENTED_EDGE('',*,*,#1135,.F.);
#782=ORIENTED_EDGE('',*,*,#1173,.F.);
#783=ORIENTED_EDGE('',*,*,#1174,.T.);
#784=ORIENTED_EDGE('',*,*,#1171,.T.);
#785=ORIENTED_EDGE('',*,*,#1134,.F.);
#786=ORIENTED_EDGE('',*,*,#1175,.F.);
#787=ORIENTED_EDGE('',*,*,#1176,.T.);
#788=ORIENTED_EDGE('',*,*,#1173,.T.);
#789=ORIENTED_EDGE('',*,*,#1133,.F.);
#790=ORIENTED_EDGE('',*,*,#1177,.F.);
#791=ORIENTED_EDGE('',*,*,#1178,.T.);
#792=ORIENTED_EDGE('',*,*,#1175,.T.);
#793=ORIENTED_EDGE('',*,*,#1132,.F.);
#794=ORIENTED_EDGE('',*,*,#1179,.F.);
#795=ORIENTED_EDGE('',*,*,#1180,.T.);
#796=ORIENTED_EDGE('',*,*,#1177,.T.);
#797=ORIENTED_EDGE('',*,*,#1131,.F.);
#798=ORIENTED_EDGE('',*,*,#1181,.F.);
#799=ORIENTED_EDGE('',*,*,#1182,.T.);
#800=ORIENTED_EDGE('',*,*,#1179,.T.);
#801=ORIENTED_EDGE('',*,*,#1130,.F.);
#802=ORIENTED_EDGE('',*,*,#1183,.F.);
#803=ORIENTED_EDGE('',*,*,#1184,.T.);
#804=ORIENTED_EDGE('',*,*,#1181,.T.);
#805=ORIENTED_EDGE('',*,*,#1129,.F.);
#806=ORIENTED_EDGE('',*,*,#1185,.F.);
#807=ORIENTED_EDGE('',*,*,#1186,.T.);
#808=ORIENTED_EDGE('',*,*,#1183,.T.);
#809=ORIENTED_EDGE('',*,*,#1128,.F.);
#810=ORIENTED_EDGE('',*,*,#1187,.F.);
#811=ORIENTED_EDGE('',*,*,#1188,.T.);
#812=ORIENTED_EDGE('',*,*,#1185,.T.);
#813=ORIENTED_EDGE('',*,*,#1127,.F.);
#814=ORIENTED_EDGE('',*,*,#1189,.F.);
#815=ORIENTED_EDGE('',*,*,#1190,.T.);
#816=ORIENTED_EDGE('',*,*,#1187,.T.);
#817=ORIENTED_EDGE('',*,*,#1126,.F.);
#818=ORIENTED_EDGE('',*,*,#1191,.F.);
#819=ORIENTED_EDGE('',*,*,#1192,.T.);
#820=ORIENTED_EDGE('',*,*,#1189,.T.);
#821=ORIENTED_EDGE('',*,*,#1125,.F.);
#822=ORIENTED_EDGE('',*,*,#1193,.F.);
#823=ORIENTED_EDGE('',*,*,#1194,.T.);
#824=ORIENTED_EDGE('',*,*,#1191,.T.);
#825=ORIENTED_EDGE('',*,*,#1124,.F.);
#826=ORIENTED_EDGE('',*,*,#1195,.F.);
#827=ORIENTED_EDGE('',*,*,#1196,.T.);
#828=ORIENTED_EDGE('',*,*,#1193,.T.);
#829=ORIENTED_EDGE('',*,*,#1123,.F.);
#830=ORIENTED_EDGE('',*,*,#1197,.F.);
#831=ORIENTED_EDGE('',*,*,#1198,.T.);
#832=ORIENTED_EDGE('',*,*,#1195,.T.);
#833=ORIENTED_EDGE('',*,*,#1122,.F.);
#834=ORIENTED_EDGE('',*,*,#1199,.F.);
#835=ORIENTED_EDGE('',*,*,#1200,.T.);
#836=ORIENTED_EDGE('',*,*,#1197,.T.);
#837=ORIENTED_EDGE('',*,*,#1121,.F.);
#838=ORIENTED_EDGE('',*,*,#1201,.F.);
#839=ORIENTED_EDGE('',*,*,#1202,.T.);
#840=ORIENTED_EDGE('',*,*,#1199,.T.);
#841=ORIENTED_EDGE('',*,*,#1120,.F.);
#842=ORIENTED_EDGE('',*,*,#1203,.F.);
#843=ORIENTED_EDGE('',*,*,#1204,.T.);
#844=ORIENTED_EDGE('',*,*,#1201,.T.);
#845=ORIENTED_EDGE('',*,*,#1119,.F.);
#846=ORIENTED_EDGE('',*,*,#1205,.F.);
#847=ORIENTED_EDGE('',*,*,#1206,.T.);
#848=ORIENTED_EDGE('',*,*,#1203,.T.);
#849=ORIENTED_EDGE('',*,*,#1118,.F.);
#850=ORIENTED_EDGE('',*,*,#1207,.F.);
#851=ORIENTED_EDGE('',*,*,#1208,.T.);
#852=ORIENTED_EDGE('',*,*,#1205,.T.);
#853=ORIENTED_EDGE('',*,*,#1117,.F.);
#854=ORIENTED_EDGE('',*,*,#1209,.F.);
#855=ORIENTED_EDGE('',*,*,#1210,.T.);
#856=ORIENTED_EDGE('',*,*,#1207,.T.);
#857=ORIENTED_EDGE('',*,*,#1116,.F.);
#858=ORIENTED_EDGE('',*,*,#1211,.F.);
#859=ORIENTED_EDGE('',*,*,#1212,.T.);
#860=ORIENTED_EDGE('',*,*,#1209,.T.);
#861=ORIENTED_EDGE('',*,*,#1115,.F.);
#862=ORIENTED_EDGE('',*,*,#1213,.F.);
#863=ORIENTED_EDGE('',*,*,#1214,.T.);
#864=ORIENTED_EDGE('',*,*,#1211,.T.);
#865=ORIENTED_EDGE('',*,*,#1114,.F.);
#866=ORIENTED_EDGE('',*,*,#1215,.F.);
#867=ORIENTED_EDGE('',*,*,#1216,.T.);
#868=ORIENTED_EDGE('',*,*,#1213,.T.);
#869=ORIENTED_EDGE('',*,*,#1113,.F.);
#870=ORIENTED_EDGE('',*,*,#1217,.F.);
#871=ORIENTED_EDGE('',*,*,#1218,.T.);
#872=ORIENTED_EDGE('',*,*,#1215,.T.);
#873=ORIENTED_EDGE('',*,*,#1112,.F.);
#874=ORIENTED_EDGE('',*,*,#1219,.F.);
#875=ORIENTED_EDGE('',*,*,#1220,.T.);
#876=ORIENTED_EDGE('',*,*,#1217,.T.);
#877=ORIENTED_EDGE('',*,*,#1111,.F.);
#878=ORIENTED_EDGE('',*,*,#1221,.F.);
#879=ORIENTED_EDGE('',*,*,#1222,.T.);
#880=ORIENTED_EDGE('',*,*,#1219,.T.);
#881=ORIENTED_EDGE('',*,*,#1110,.F.);
#882=ORIENTED_EDGE('',*,*,#1223,.F.);
#883=ORIENTED_EDGE('',*,*,#1224,.T.);
#884=ORIENTED_EDGE('',*,*,#1221,.T.);
#885=ORIENTED_EDGE('',*,*,#1109,.F.);
#886=ORIENTED_EDGE('',*,*,#1225,.F.);
#887=ORIENTED_EDGE('',*,*,#1226,.T.);
#888=ORIENTED_EDGE('',*,*,#1223,.T.);
#889=ORIENTED_EDGE('',*,*,#1108,.F.);
#890=ORIENTED_EDGE('',*,*,#1227,.F.);
#891=ORIENTED_EDGE('',*,*,#1228,.T.);
#892=ORIENTED_EDGE('',*,*,#1225,.T.);
#893=ORIENTED_EDGE('',*,*,#1107,.F.);
#894=ORIENTED_EDGE('',*,*,#1229,.F.);
#895=ORIENTED_EDGE('',*,*,#1230,.T.);
#896=ORIENTED_EDGE('',*,*,#1227,.T.);
#897=ORIENTED_EDGE('',*,*,#1106,.F.);
#898=ORIENTED_EDGE('',*,*,#1231,.F.);
#899=ORIENTED_EDGE('',*,*,#1232,.T.);
#900=ORIENTED_EDGE('',*,*,#1229,.T.);
#901=ORIENTED_EDGE('',*,*,#1105,.F.);
#902=ORIENTED_EDGE('',*,*,#1233,.F.);
#903=ORIENTED_EDGE('',*,*,#1234,.T.);
#904=ORIENTED_EDGE('',*,*,#1231,.T.);
#905=ORIENTED_EDGE('',*,*,#1104,.F.);
#906=ORIENTED_EDGE('',*,*,#1235,.F.);
#907=ORIENTED_EDGE('',*,*,#1236,.T.);
#908=ORIENTED_EDGE('',*,*,#1233,.T.);
#909=ORIENTED_EDGE('',*,*,#1103,.F.);
#910=ORIENTED_EDGE('',*,*,#1237,.F.);
#911=ORIENTED_EDGE('',*,*,#1238,.T.);
#912=ORIENTED_EDGE('',*,*,#1235,.T.);
#913=ORIENTED_EDGE('',*,*,#1102,.F.);
#914=ORIENTED_EDGE('',*,*,#1239,.F.);
#915=ORIENTED_EDGE('',*,*,#1240,.T.);
#916=ORIENTED_EDGE('',*,*,#1237,.T.);
#917=ORIENTED_EDGE('',*,*,#1101,.F.);
#918=ORIENTED_EDGE('',*,*,#1241,.F.);
#919=ORIENTED_EDGE('',*,*,#1242,.T.);
#920=ORIENTED_EDGE('',*,*,#1239,.T.);
#921=ORIENTED_EDGE('',*,*,#1100,.F.);
#922=ORIENTED_EDGE('',*,*,#1168,.F.);
#923=ORIENTED_EDGE('',*,*,#1243,.T.);
#924=ORIENTED_EDGE('',*,*,#1241,.T.);
#925=ORIENTED_EDGE('',*,*,#1167,.F.);
#926=ORIENTED_EDGE('',*,*,#1170,.F.);
#927=ORIENTED_EDGE('',*,*,#1172,.F.);
#928=ORIENTED_EDGE('',*,*,#1174,.F.);
#929=ORIENTED_EDGE('',*,*,#1176,.F.);
#930=ORIENTED_EDGE('',*,*,#1178,.F.);
#931=ORIENTED_EDGE('',*,*,#1180,.F.);
#932=ORIENTED_EDGE('',*,*,#1182,.F.);
#933=ORIENTED_EDGE('',*,*,#1184,.F.);
#934=ORIENTED_EDGE('',*,*,#1186,.F.);
#935=ORIENTED_EDGE('',*,*,#1188,.F.);
#936=ORIENTED_EDGE('',*,*,#1190,.F.);
#937=ORIENTED_EDGE('',*,*,#1192,.F.);
#938=ORIENTED_EDGE('',*,*,#1194,.F.);
#939=ORIENTED_EDGE('',*,*,#1196,.F.);
#940=ORIENTED_EDGE('',*,*,#1198,.F.);
#941=ORIENTED_EDGE('',*,*,#1200,.F.);
#942=ORIENTED_EDGE('',*,*,#1202,.F.);
#943=ORIENTED_EDGE('',*,*,#1204,.F.);
#944=ORIENTED_EDGE('',*,*,#1206,.F.);
#945=ORIENTED_EDGE('',*,*,#1208,.F.);
#946=ORIENTED_EDGE('',*,*,#1210,.F.);
#947=ORIENTED_EDGE('',*,*,#1212,.F.);
#948=ORIENTED_EDGE('',*,*,#1214,.F.);
#949=ORIENTED_EDGE('',*,*,#1216,.F.);
#950=ORIENTED_EDGE('',*,*,#1218,.F.);
#951=ORIENTED_EDGE('',*,*,#1220,.F.);
#952=ORIENTED_EDGE('',*,*,#1222,.F.);
#953=ORIENTED_EDGE('',*,*,#1224,.F.);
#954=ORIENTED_EDGE('',*,*,#1226,.F.);
#955=ORIENTED_EDGE('',*,*,#1228,.F.);
#956=ORIENTED_EDGE('',*,*,#1230,.F.);
#957=ORIENTED_EDGE('',*,*,#1232,.F.);
#958=ORIENTED_EDGE('',*,*,#1234,.F.);
#959=ORIENTED_EDGE('',*,*,#1236,.F.);
#960=ORIENTED_EDGE('',*,*,#1238,.F.);
#961=ORIENTED_EDGE('',*,*,#1240,.F.);
#962=ORIENTED_EDGE('',*,*,#1242,.F.);
#963=ORIENTED_EDGE('',*,*,#1243,.F.);
#964=EDGE_CURVE('',#1244,#1245,#1432,.F.);
#965=EDGE_CURVE('',#1246,#1245,#104,.T.);
#966=EDGE_CURVE('',#1247,#1246,#1433,.F.);
#967=EDGE_CURVE('',#1247,#1244,#105,.T.);
#968=EDGE_CURVE('',#1248,#1244,#1434,.F.);
#969=EDGE_CURVE('',#1249,#1247,#1435,.F.);
#970=EDGE_CURVE('',#1249,#1248,#106,.T.);
#971=EDGE_CURVE('',#1250,#1248,#1436,.F.);
#972=EDGE_CURVE('',#1251,#1249,#1437,.F.);
#973=EDGE_CURVE('',#1251,#1250,#107,.T.);
#974=EDGE_CURVE('',#1252,#1250,#1438,.F.);
#975=EDGE_CURVE('',#1253,#1251,#1439,.F.);
#976=EDGE_CURVE('',#1253,#1252,#108,.T.);
#977=EDGE_CURVE('',#1254,#1252,#1440,.F.);
#978=EDGE_CURVE('',#1255,#1253,#1441,.F.);
#979=EDGE_CURVE('',#1255,#1254,#109,.T.);
#980=EDGE_CURVE('',#1256,#1254,#56,.T.);
#981=EDGE_CURVE('',#1257,#1255,#57,.T.);
#982=EDGE_CURVE('',#1257,#1256,#110,.T.);
#983=EDGE_CURVE('',#1258,#1256,#1442,.F.);
#984=EDGE_CURVE('',#1259,#1257,#1443,.F.);
#985=EDGE_CURVE('',#1259,#1258,#111,.T.);
#986=EDGE_CURVE('',#1260,#1258,#1444,.F.);
#987=EDGE_CURVE('',#1261,#1259,#1445,.F.);
#988=EDGE_CURVE('',#1261,#1260,#112,.T.);
#989=EDGE_CURVE('',#1262,#1260,#1446,.F.);
#990=EDGE_CURVE('',#1263,#1261,#1447,.F.);
#991=EDGE_CURVE('',#1263,#1262,#113,.T.);
#992=EDGE_CURVE('',#1264,#1262,#114,.T.);
#993=EDGE_CURVE('',#1265,#1263,#115,.T.);
#994=EDGE_CURVE('',#1265,#1264,#116,.T.);
#995=EDGE_CURVE('',#1266,#1264,#117,.T.);
#996=EDGE_CURVE('',#1267,#1265,#118,.T.);
#997=EDGE_CURVE('',#1267,#1266,#119,.T.);
#998=EDGE_CURVE('',#1268,#1266,#120,.T.);
#999=EDGE_CURVE('',#1269,#1267,#121,.T.);
#1000=EDGE_CURVE('',#1269,#1268,#122,.T.);
#1001=EDGE_CURVE('',#1270,#1268,#58,.T.);
#1002=EDGE_CURVE('',#1271,#1269,#59,.T.);
#1003=EDGE_CURVE('',#1271,#1270,#123,.T.);
#1004=EDGE_CURVE('',#1272,#1270,#1448,.T.);
#1005=EDGE_CURVE('',#1273,#1271,#1449,.T.);
#1006=EDGE_CURVE('',#1273,#1272,#124,.T.);
#1007=EDGE_CURVE('',#1274,#1272,#1450,.T.);
#1008=EDGE_CURVE('',#1275,#1273,#1451,.T.);
#1009=EDGE_CURVE('',#1275,#1274,#125,.T.);
#1010=EDGE_CURVE('',#1276,#1274,#1452,.T.);
#1011=EDGE_CURVE('',#1277,#1275,#1453,.T.);
#1012=EDGE_CURVE('',#1277,#1276,#126,.T.);
#1013=EDGE_CURVE('',#1278,#1276,#60,.T.);
#1014=EDGE_CURVE('',#1279,#1277,#61,.T.);
#1015=EDGE_CURVE('',#1279,#1278,#127,.T.);
#1016=EDGE_CURVE('',#1280,#1278,#1454,.T.);
#1017=EDGE_CURVE('',#1281,#1279,#1455,.T.);
#1018=EDGE_CURVE('',#1281,#1280,#128,.T.);
#1019=EDGE_CURVE('',#1282,#1280,#1456,.T.);
#1020=EDGE_CURVE('',#1283,#1281,#1457,.T.);
#1021=EDGE_CURVE('',#1283,#1282,#129,.T.);
#1022=EDGE_CURVE('',#1284,#1282,#1458,.T.);
#1023=EDGE_CURVE('',#1285,#1283,#1459,.T.);
#1024=EDGE_CURVE('',#1285,#1284,#130,.T.);
#1025=EDGE_CURVE('',#1286,#1284,#131,.T.);
#1026=EDGE_CURVE('',#1287,#1285,#132,.T.);
#1027=EDGE_CURVE('',#1287,#1286,#133,.T.);
#1028=EDGE_CURVE('',#1288,#1286,#134,.T.);
#1029=EDGE_CURVE('',#1289,#1287,#135,.T.);
#1030=EDGE_CURVE('',#1289,#1288,#136,.T.);
#1031=EDGE_CURVE('',#1290,#1288,#137,.T.);
#1032=EDGE_CURVE('',#1291,#1289,#138,.T.);
#1033=EDGE_CURVE('',#1291,#1290,#139,.T.);
#1034=EDGE_CURVE('',#1292,#1290,#62,.T.);
#1035=EDGE_CURVE('',#1293,#1291,#63,.T.);
#1036=EDGE_CURVE('',#1293,#1292,#140,.T.);
#1037=EDGE_CURVE('',#1294,#1292,#64,.T.);
#1038=EDGE_CURVE('',#1295,#1293,#65,.T.);
#1039=EDGE_CURVE('',#1295,#1294,#141,.T.);
#1040=EDGE_CURVE('',#1296,#1294,#66,.T.);
#1041=EDGE_CURVE('',#1297,#1295,#67,.T.);
#1042=EDGE_CURVE('',#1297,#1296,#142,.T.);
#1043=EDGE_CURVE('',#1298,#1296,#68,.T.);
#1044=EDGE_CURVE('',#1299,#1297,#69,.T.);
#1045=EDGE_CURVE('',#1299,#1298,#143,.T.);
#1046=EDGE_CURVE('',#1300,#1298,#144,.T.);
#1047=EDGE_CURVE('',#1301,#1299,#145,.T.);
#1048=EDGE_CURVE('',#1301,#1300,#146,.T.);
#1049=EDGE_CURVE('',#1302,#1300,#147,.T.);
#1050=EDGE_CURVE('',#1303,#1301,#148,.T.);
#1051=EDGE_CURVE('',#1303,#1302,#149,.T.);
#1052=EDGE_CURVE('',#1304,#1302,#150,.T.);
#1053=EDGE_CURVE('',#1305,#1303,#151,.T.);
#1054=EDGE_CURVE('',#1305,#1304,#152,.T.);
#1055=EDGE_CURVE('',#1306,#1304,#1460,.F.);
#1056=EDGE_CURVE('',#1307,#1305,#1461,.F.);
#1057=EDGE_CURVE('',#1307,#1306,#153,.T.);
#1058=EDGE_CURVE('',#1308,#1306,#1462,.F.);
#1059=EDGE_CURVE('',#1309,#1307,#1463,.F.);
#1060=EDGE_CURVE('',#1309,#1308,#154,.T.);
#1061=EDGE_CURVE('',#1310,#1308,#1464,.F.);
#1062=EDGE_CURVE('',#1311,#1309,#1465,.F.);
#1063=EDGE_CURVE('',#1311,#1310,#155,.T.);
#1064=EDGE_CURVE('',#1312,#1310,#1466,.F.);
#1065=EDGE_CURVE('',#1313,#1311,#1467,.F.);
#1066=EDGE_CURVE('',#1313,#1312,#156,.T.);
#1067=EDGE_CURVE('',#1314,#1312,#1468,.F.);
#1068=EDGE_CURVE('',#1315,#1313,#1469,.F.);
#1069=EDGE_CURVE('',#1315,#1314,#157,.T.);
#1070=EDGE_CURVE('',#1316,#1314,#70,.T.);
#1071=EDGE_CURVE('',#1317,#1315,#71,.T.);
#1072=EDGE_CURVE('',#1317,#1316,#158,.T.);
#1073=EDGE_CURVE('',#1318,#1316,#1470,.F.);
#1074=EDGE_CURVE('',#1319,#1317,#1471,.F.);
#1075=EDGE_CURVE('',#1319,#1318,#159,.T.);
#1076=EDGE_CURVE('',#1320,#1318,#1472,.F.);
#1077=EDGE_CURVE('',#1321,#1319,#1473,.F.);
#1078=EDGE_CURVE('',#1321,#1320,#160,.T.);
#1079=EDGE_CURVE('',#1245,#1320,#1474,.F.);
#1080=EDGE_CURVE('',#1246,#1321,#1475,.F.);
#1081=EDGE_CURVE('',#1322,#1323,#161,.T.);
#1082=EDGE_CURVE('',#1324,#1323,#162,.T.);
#1083=EDGE_CURVE('',#1325,#1324,#163,.T.);
#1084=EDGE_CURVE('',#1325,#1322,#164,.T.);
#1085=EDGE_CURVE('',#1326,#1322,#165,.T.);
#1086=EDGE_CURVE('',#1327,#1325,#166,.T.);
#1087=EDGE_CURVE('',#1327,#1326,#167,.T.);
#1088=EDGE_CURVE('',#1328,#1326,#168,.T.);
#1089=EDGE_CURVE('',#1329,#1327,#169,.T.);
#1090=EDGE_CURVE('',#1329,#1328,#170,.T.);
#1091=EDGE_CURVE('',#1323,#1328,#171,.T.);
#1092=EDGE_CURVE('',#1324,#1329,#172,.T.);
#1093=EDGE_CURVE('',#1330,#1330,#1476,.T.);
#1094=EDGE_CURVE('',#1331,#1332,#173,.T.);
#1095=EDGE_CURVE('',#1332,#1333,#174,.T.);
#1096=EDGE_CURVE('',#1333,#1334,#175,.T.);
#1097=EDGE_CURVE('',#1334,#1331,#176,.T.);
#1098=EDGE_CURVE('',#1335,#1336,#1477,.F.);
#1099=EDGE_CURVE('',#1336,#1337,#1478,.F.);
#1100=EDGE_CURVE('',#1337,#1338,#1479,.F.);
#1101=EDGE_CURVE('',#1338,#1339,#1480,.F.);
#1102=EDGE_CURVE('',#1339,#1340,#1481,.F.);
#1103=EDGE_CURVE('',#1340,#1341,#72,.T.);
#1104=EDGE_CURVE('',#1341,#1342,#1482,.F.);
#1105=EDGE_CURVE('',#1342,#1343,#1483,.F.);
#1106=EDGE_CURVE('',#1343,#1344,#1484,.F.);
#1107=EDGE_CURVE('',#1344,#1345,#1485,.F.);
#1108=EDGE_CURVE('',#1345,#1346,#1486,.F.);
#1109=EDGE_CURVE('',#1346,#1347,#177,.T.);
#1110=EDGE_CURVE('',#1347,#1348,#178,.T.);
#1111=EDGE_CURVE('',#1348,#1349,#179,.T.);
#1112=EDGE_CURVE('',#1349,#1350,#73,.T.);
#1113=EDGE_CURVE('',#1350,#1351,#74,.T.);
#1114=EDGE_CURVE('',#1351,#1352,#75,.T.);
#1115=EDGE_CURVE('',#1352,#1353,#76,.T.);
#1116=EDGE_CURVE('',#1353,#1354,#180,.T.);
#1117=EDGE_CURVE('',#1354,#1355,#181,.T.);
#1118=EDGE_CURVE('',#1355,#1356,#182,.T.);
#1119=EDGE_CURVE('',#1356,#1357,#1487,.T.);
#1120=EDGE_CURVE('',#1357,#1358,#1488,.T.);
#1121=EDGE_CURVE('',#1358,#1359,#1489,.T.);
#1122=EDGE_CURVE('',#1359,#1360,#77,.T.);
#1123=EDGE_CURVE('',#1360,#1361,#1490,.T.);
#1124=EDGE_CURVE('',#1361,#1362,#1491,.T.);
#1125=EDGE_CURVE('',#1362,#1363,#1492,.T.);
#1126=EDGE_CURVE('',#1363,#1364,#78,.T.);
#1127=EDGE_CURVE('',#1364,#1365,#183,.T.);
#1128=EDGE_CURVE('',#1365,#1366,#184,.T.);
#1129=EDGE_CURVE('',#1366,#1367,#185,.T.);
#1130=EDGE_CURVE('',#1367,#1368,#1493,.F.);
#1131=EDGE_CURVE('',#1368,#1369,#1494,.F.);
#1132=EDGE_CURVE('',#1369,#1370,#1495,.F.);
#1133=EDGE_CURVE('',#1370,#1371,#79,.T.);
#1134=EDGE_CURVE('',#1371,#1372,#1496,.F.);
#1135=EDGE_CURVE('',#1372,#1373,#1497,.F.);
#1136=EDGE_CURVE('',#1373,#1335,#1498,.F.);
#1137=EDGE_CURVE('',#1374,#1374,#1499,.F.);
#1138=EDGE_CURVE('',#1375,#1376,#186,.T.);
#1139=EDGE_CURVE('',#1375,#1377,#1500,.T.);
#1140=EDGE_CURVE('',#1377,#1378,#187,.T.);
#1141=EDGE_CURVE('',#1378,#1376,#1501,.T.);
#1142=EDGE_CURVE('',#1379,#1379,#1502,.T.);
#1143=EDGE_CURVE('',#1378,#1380,#188,.T.);
#1144=EDGE_CURVE('',#1380,#1381,#1503,.F.);
#1145=EDGE_CURVE('',#1382,#1381,#189,.T.);
#1146=EDGE_CURVE('',#1382,#1383,#1504,.F.);
#1147=EDGE_CURVE('',#1376,#1383,#190,.T.);
#1148=EDGE_CURVE('',#1384,#1384,#1505,.T.);
#1149=EDGE_CURVE('',#1383,#1385,#191,.F.);
#1150=EDGE_CURVE('',#1375,#1385,#192,.T.);
#1151=EDGE_CURVE('',#1381,#1386,#193,.F.);
#1152=EDGE_CURVE('',#1387,#1386,#194,.T.);
#1153=EDGE_CURVE('',#1387,#1382,#195,.T.);
#1154=EDGE_CURVE('',#1377,#1388,#196,.T.);
#1155=EDGE_CURVE('',#1388,#1380,#197,.T.);
#1156=EDGE_CURVE('',#1386,#1388,#1506,.T.);
#1157=EDGE_CURVE('',#1385,#1387,#1507,.T.);
#1158=EDGE_CURVE('',#1389,#1332,#198,.T.);
#1159=EDGE_CURVE('',#1389,#1390,#199,.T.);
#1160=EDGE_CURVE('',#1390,#1333,#200,.T.);
#1161=EDGE_CURVE('',#1391,#1331,#201,.T.);
#1162=EDGE_CURVE('',#1391,#1389,#202,.T.);
#1163=EDGE_CURVE('',#1392,#1334,#203,.T.);
#1164=EDGE_CURVE('',#1392,#1391,#204,.T.);
#1165=EDGE_CURVE('',#1390,#1392,#205,.T.);
#1166=EDGE_CURVE('',#1393,#1336,#206,.T.);
#1167=EDGE_CURVE('',#1393,#1394,#1508,.F.);
#1168=EDGE_CURVE('',#1394,#1337,#207,.T.);
#1169=EDGE_CURVE('',#1395,#1335,#208,.T.);
#1170=EDGE_CURVE('',#1395,#1393,#1509,.F.);
#1171=EDGE_CURVE('',#1396,#1373,#209,.T.);
#1172=EDGE_CURVE('',#1396,#1395,#1510,.F.);
#1173=EDGE_CURVE('',#1397,#1372,#210,.T.);
#1174=EDGE_CURVE('',#1397,#1396,#1511,.F.);
#1175=EDGE_CURVE('',#1398,#1371,#211,.T.);
#1176=EDGE_CURVE('',#1398,#1397,#1512,.F.);
#1177=EDGE_CURVE('',#1399,#1370,#212,.T.);
#1178=EDGE_CURVE('',#1399,#1398,#80,.T.);
#1179=EDGE_CURVE('',#1400,#1369,#213,.T.);
#1180=EDGE_CURVE('',#1400,#1399,#1513,.F.);
#1181=EDGE_CURVE('',#1401,#1368,#214,.T.);
#1182=EDGE_CURVE('',#1401,#1400,#1514,.F.);
#1183=EDGE_CURVE('',#1402,#1367,#215,.T.);
#1184=EDGE_CURVE('',#1402,#1401,#1515,.F.);
#1185=EDGE_CURVE('',#1403,#1366,#216,.T.);
#1186=EDGE_CURVE('',#1403,#1402,#217,.T.);
#1187=EDGE_CURVE('',#1404,#1365,#218,.T.);
#1188=EDGE_CURVE('',#1404,#1403,#219,.T.);
#1189=EDGE_CURVE('',#1405,#1364,#220,.T.);
#1190=EDGE_CURVE('',#1405,#1404,#221,.T.);
#1191=EDGE_CURVE('',#1406,#1363,#222,.T.);
#1192=EDGE_CURVE('',#1406,#1405,#81,.T.);
#1193=EDGE_CURVE('',#1407,#1362,#223,.T.);
#1194=EDGE_CURVE('',#1407,#1406,#1516,.T.);
#1195=EDGE_CURVE('',#1408,#1361,#224,.T.);
#1196=EDGE_CURVE('',#1408,#1407,#1517,.T.);
#1197=EDGE_CURVE('',#1409,#1360,#225,.T.);
#1198=EDGE_CURVE('',#1409,#1408,#1518,.T.);
#1199=EDGE_CURVE('',#1410,#1359,#226,.T.);
#1200=EDGE_CURVE('',#1410,#1409,#82,.T.);
#1201=EDGE_CURVE('',#1411,#1358,#227,.T.);
#1202=EDGE_CURVE('',#1411,#1410,#1519,.T.);
#1203=EDGE_CURVE('',#1412,#1357,#228,.T.);
#1204=EDGE_CURVE('',#1412,#1411,#1520,.T.);
#1205=EDGE_CURVE('',#1413,#1356,#229,.T.);
#1206=EDGE_CURVE('',#1413,#1412,#1521,.T.);
#1207=EDGE_CURVE('',#1414,#1355,#230,.T.);
#1208=EDGE_CURVE('',#1414,#1413,#231,.T.);
#1209=EDGE_CURVE('',#1415,#1354,#232,.T.);
#1210=EDGE_CURVE('',#1415,#1414,#233,.T.);
#1211=EDGE_CURVE('',#1416,#1353,#234,.T.);
#1212=EDGE_CURVE('',#1416,#1415,#235,.T.);
#1213=EDGE_CURVE('',#1417,#1352,#236,.T.);
#1214=EDGE_CURVE('',#1417,#1416,#83,.T.);
#1215=EDGE_CURVE('',#1418,#1351,#237,.T.);
#1216=EDGE_CURVE('',#1418,#1417,#84,.T.);
#1217=EDGE_CURVE('',#1419,#1350,#238,.T.);
#1218=EDGE_CURVE('',#1419,#1418,#85,.T.);
#1219=EDGE_CURVE('',#1420,#1349,#239,.T.);
#1220=EDGE_CURVE('',#1420,#1419,#86,.T.);
#1221=EDGE_CURVE('',#1421,#1348,#240,.T.);
#1222=EDGE_CURVE('',#1421,#1420,#241,.T.);
#1223=EDGE_CURVE('',#1422,#1347,#242,.T.);
#1224=EDGE_CURVE('',#1422,#1421,#243,.T.);
#1225=EDGE_CURVE('',#1423,#1346,#244,.T.);
#1226=EDGE_CURVE('',#1423,#1422,#245,.T.);
#1227=EDGE_CURVE('',#1424,#1345,#246,.T.);
#1228=EDGE_CURVE('',#1424,#1423,#1522,.F.);
#1229=EDGE_CURVE('',#1425,#1344,#247,.T.);
#1230=EDGE_CURVE('',#1425,#1424,#1523,.F.);
#1231=EDGE_CURVE('',#1426,#1343,#248,.T.);
#1232=EDGE_CURVE('',#1426,#1425,#1524,.F.);
#1233=EDGE_CURVE('',#1427,#1342,#249,.T.);
#1234=EDGE_CURVE('',#1427,#1426,#1525,.F.);
#1235=EDGE_CURVE('',#1428,#1341,#250,.T.);
#1236=EDGE_CURVE('',#1428,#1427,#1526,.F.);
#1237=EDGE_CURVE('',#1429,#1340,#251,.T.);
#1238=EDGE_CURVE('',#1429,#1428,#87,.T.);
#1239=EDGE_CURVE('',#1430,#1339,#252,.T.);
#1240=EDGE_CURVE('',#1430,#1429,#1527,.F.);
#1241=EDGE_CURVE('',#1431,#1338,#253,.T.);
#1242=EDGE_CURVE('',#1431,#1430,#1528,.F.);
#1243=EDGE_CURVE('',#1394,#1431,#1529,.F.);
#1244=VERTEX_POINT('',#2657);
#1245=VERTEX_POINT('',#2658);
#1246=VERTEX_POINT('',#2660);
#1247=VERTEX_POINT('',#2662);
#1248=VERTEX_POINT('',#2666);
#1249=VERTEX_POINT('',#2668);
#1250=VERTEX_POINT('',#2672);
#1251=VERTEX_POINT('',#2674);
#1252=VERTEX_POINT('',#2678);
#1253=VERTEX_POINT('',#2680);
#1254=VERTEX_POINT('',#2684);
#1255=VERTEX_POINT('',#2686);
#1256=VERTEX_POINT('',#2699);
#1257=VERTEX_POINT('',#2703);
#1258=VERTEX_POINT('',#2707);
#1259=VERTEX_POINT('',#2709);
#1260=VERTEX_POINT('',#2713);
#1261=VERTEX_POINT('',#2715);
#1262=VERTEX_POINT('',#2719);
#1263=VERTEX_POINT('',#2721);
#1264=VERTEX_POINT('',#2725);
#1265=VERTEX_POINT('',#2727);
#1266=VERTEX_POINT('',#2731);
#1267=VERTEX_POINT('',#2733);
#1268=VERTEX_POINT('',#2737);
#1269=VERTEX_POINT('',#2739);
#1270=VERTEX_POINT('',#2752);
#1271=VERTEX_POINT('',#2756);
#1272=VERTEX_POINT('',#2760);
#1273=VERTEX_POINT('',#2762);
#1274=VERTEX_POINT('',#2766);
#1275=VERTEX_POINT('',#2768);
#1276=VERTEX_POINT('',#2772);
#1277=VERTEX_POINT('',#2774);
#1278=VERTEX_POINT('',#2787);
#1279=VERTEX_POINT('',#2791);
#1280=VERTEX_POINT('',#2795);
#1281=VERTEX_POINT('',#2797);
#1282=VERTEX_POINT('',#2801);
#1283=VERTEX_POINT('',#2803);
#1284=VERTEX_POINT('',#2807);
#1285=VERTEX_POINT('',#2809);
#1286=VERTEX_POINT('',#2813);
#1287=VERTEX_POINT('',#2815);
#1288=VERTEX_POINT('',#2819);
#1289=VERTEX_POINT('',#2821);
#1290=VERTEX_POINT('',#2825);
#1291=VERTEX_POINT('',#2827);
#1292=VERTEX_POINT('',#2840);
#1293=VERTEX_POINT('',#2844);
#1294=VERTEX_POINT('',#2857);
#1295=VERTEX_POINT('',#2861);
#1296=VERTEX_POINT('',#2874);
#1297=VERTEX_POINT('',#2878);
#1298=VERTEX_POINT('',#2891);
#1299=VERTEX_POINT('',#2895);
#1300=VERTEX_POINT('',#2899);
#1301=VERTEX_POINT('',#2901);
#1302=VERTEX_POINT('',#2905);
#1303=VERTEX_POINT('',#2907);
#1304=VERTEX_POINT('',#2911);
#1305=VERTEX_POINT('',#2913);
#1306=VERTEX_POINT('',#2917);
#1307=VERTEX_POINT('',#2919);
#1308=VERTEX_POINT('',#2923);
#1309=VERTEX_POINT('',#2925);
#1310=VERTEX_POINT('',#2929);
#1311=VERTEX_POINT('',#2931);
#1312=VERTEX_POINT('',#2935);
#1313=VERTEX_POINT('',#2937);
#1314=VERTEX_POINT('',#2941);
#1315=VERTEX_POINT('',#2943);
#1316=VERTEX_POINT('',#2956);
#1317=VERTEX_POINT('',#2960);
#1318=VERTEX_POINT('',#2964);
#1319=VERTEX_POINT('',#2966);
#1320=VERTEX_POINT('',#2970);
#1321=VERTEX_POINT('',#2972);
#1322=VERTEX_POINT('',#2982);
#1323=VERTEX_POINT('',#2983);
#1324=VERTEX_POINT('',#2985);
#1325=VERTEX_POINT('',#2987);
#1326=VERTEX_POINT('',#2991);
#1327=VERTEX_POINT('',#2993);
#1328=VERTEX_POINT('',#2997);
#1329=VERTEX_POINT('',#2999);
#1330=VERTEX_POINT('',#3009);
#1331=VERTEX_POINT('',#3011);
#1332=VERTEX_POINT('',#3012);
#1333=VERTEX_POINT('',#3014);
#1334=VERTEX_POINT('',#3016);
#1335=VERTEX_POINT('',#3019);
#1336=VERTEX_POINT('',#3020);
#1337=VERTEX_POINT('',#3022);
#1338=VERTEX_POINT('',#3024);
#1339=VERTEX_POINT('',#3026);
#1340=VERTEX_POINT('',#3028);
#1341=VERTEX_POINT('',#3032);
#1342=VERTEX_POINT('',#3034);
#1343=VERTEX_POINT('',#3036);
#1344=VERTEX_POINT('',#3038);
#1345=VERTEX_POINT('',#3040);
#1346=VERTEX_POINT('',#3042);
#1347=VERTEX_POINT('',#3044);
#1348=VERTEX_POINT('',#3046);
#1349=VERTEX_POINT('',#3048);
#1350=VERTEX_POINT('',#3052);
#1351=VERTEX_POINT('',#3056);
#1352=VERTEX_POINT('',#3060);
#1353=VERTEX_POINT('',#3064);
#1354=VERTEX_POINT('',#3066);
#1355=VERTEX_POINT('',#3068);
#1356=VERTEX_POINT('',#3070);
#1357=VERTEX_POINT('',#3072);
#1358=VERTEX_POINT('',#3074);
#1359=VERTEX_POINT('',#3076);
#1360=VERTEX_POINT('',#3080);
#1361=VERTEX_POINT('',#3082);
#1362=VERTEX_POINT('',#3084);
#1363=VERTEX_POINT('',#3086);
#1364=VERTEX_POINT('',#3090);
#1365=VERTEX_POINT('',#3092);
#1366=VERTEX_POINT('',#3094);
#1367=VERTEX_POINT('',#3096);
#1368=VERTEX_POINT('',#3098);
#1369=VERTEX_POINT('',#3100);
#1370=VERTEX_POINT('',#3102);
#1371=VERTEX_POINT('',#3106);
#1372=VERTEX_POINT('',#3108);
#1373=VERTEX_POINT('',#3110);
#1374=VERTEX_POINT('',#3114);
#1375=VERTEX_POINT('',#3116);
#1376=VERTEX_POINT('',#3117);
#1377=VERTEX_POINT('',#3119);
#1378=VERTEX_POINT('',#3121);
#1379=VERTEX_POINT('',#3125);
#1380=VERTEX_POINT('',#3127);
#1381=VERTEX_POINT('',#3129);
#1382=VERTEX_POINT('',#3131);
#1383=VERTEX_POINT('',#3133);
#1384=VERTEX_POINT('',#3137);
#1385=VERTEX_POINT('',#3142);
#1386=VERTEX_POINT('',#3146);
#1387=VERTEX_POINT('',#3148);
#1388=VERTEX_POINT('',#3152);
#1389=VERTEX_POINT('',#3161);
#1390=VERTEX_POINT('',#3163);
#1391=VERTEX_POINT('',#3167);
#1392=VERTEX_POINT('',#3171);
#1393=VERTEX_POINT('',#3178);
#1394=VERTEX_POINT('',#3180);
#1395=VERTEX_POINT('',#3184);
#1396=VERTEX_POINT('',#3188);
#1397=VERTEX_POINT('',#3192);
#1398=VERTEX_POINT('',#3196);
#1399=VERTEX_POINT('',#3207);
#1400=VERTEX_POINT('',#3213);
#1401=VERTEX_POINT('',#3217);
#1402=VERTEX_POINT('',#3221);
#1403=VERTEX_POINT('',#3225);
#1404=VERTEX_POINT('',#3229);
#1405=VERTEX_POINT('',#3233);
#1406=VERTEX_POINT('',#3244);
#1407=VERTEX_POINT('',#3250);
#1408=VERTEX_POINT('',#3254);
#1409=VERTEX_POINT('',#3258);
#1410=VERTEX_POINT('',#3269);
#1411=VERTEX_POINT('',#3275);
#1412=VERTEX_POINT('',#3279);
#1413=VERTEX_POINT('',#3283);
#1414=VERTEX_POINT('',#3287);
#1415=VERTEX_POINT('',#3291);
#1416=VERTEX_POINT('',#3295);
#1417=VERTEX_POINT('',#3306);
#1418=VERTEX_POINT('',#3319);
#1419=VERTEX_POINT('',#3332);
#1420=VERTEX_POINT('',#3345);
#1421=VERTEX_POINT('',#3351);
#1422=VERTEX_POINT('',#3355);
#1423=VERTEX_POINT('',#3359);
#1424=VERTEX_POINT('',#3363);
#1425=VERTEX_POINT('',#3367);
#1426=VERTEX_POINT('',#3371);
#1427=VERTEX_POINT('',#3375);
#1428=VERTEX_POINT('',#3379);
#1429=VERTEX_POINT('',#3390);
#1430=VERTEX_POINT('',#3396);
#1431=VERTEX_POINT('',#3400);
#1432=CIRCLE('',#1939,0.00103925111982758);
#1433=CIRCLE('',#1940,0.00103925111982758);
#1434=CIRCLE('',#1942,0.000709122374034054);
#1435=CIRCLE('',#1943,0.000709122374034054);
#1436=CIRCLE('',#1945,0.000849068174667514);
#1437=CIRCLE('',#1946,0.000849068174667514);
#1438=CIRCLE('',#1948,0.00104811557287857);
#1439=CIRCLE('',#1949,0.00104811557287857);
#1440=CIRCLE('',#1951,0.00092679716904086);
#1441=CIRCLE('',#1952,0.00092679716904086);
#1442=CIRCLE('',#1954,0.00104047171090004);
#1443=CIRCLE('',#1955,0.00104047171090004);
#1444=CIRCLE('',#1957,0.00139111711917898);
#1445=CIRCLE('',#1958,0.00139111711917898);
#1446=CIRCLE('',#1960,0.00226529470810121);
#1447=CIRCLE('',#1961,0.00226529470810121);
#1448=CIRCLE('',#1966,0.00065174539971483);
#1449=CIRCLE('',#1967,0.00065174539971483);
#1450=CIRCLE('',#1969,0.00049114807240785);
#1451=CIRCLE('',#1970,0.00049114807240785);
#1452=CIRCLE('',#1972,0.000908197981296547);
#1453=CIRCLE('',#1973,0.000908197981296547);
#1454=CIRCLE('',#1975,0.000455774270610685);
#1455=CIRCLE('',#1976,0.000455774270610685);
#1456=CIRCLE('',#1978,0.000631912341699451);
#1457=CIRCLE('',#1979,0.000631912341699451);
#1458=CIRCLE('',#1981,0.00651084357679692);
#1459=CIRCLE('',#1982,0.00651084357679692);
#1460=CIRCLE('',#1990,0.00271404815337981);
#1461=CIRCLE('',#1991,0.00271404815337981);
#1462=CIRCLE('',#1993,0.00139877287017029);
#1463=CIRCLE('',#1994,0.00139877287017029);
#1464=CIRCLE('',#1996,0.00170477019333189);
#1465=CIRCLE('',#1997,0.00170477019333189);
#1466=CIRCLE('',#1999,0.00110297910621754);
#1467=CIRCLE('',#2000,0.00110297910621754);
#1468=CIRCLE('',#2002,0.00116497672307323);
#1469=CIRCLE('',#2003,0.00116497672307323);
#1470=CIRCLE('',#2005,0.00100617081817585);
#1471=CIRCLE('',#2006,0.00100617081817585);
#1472=CIRCLE('',#2008,0.00112653819222862);
#1473=CIRCLE('',#2009,0.00112653819222862);
#1474=CIRCLE('',#2011,0.00104446971953895);
#1475=CIRCLE('',#2012,0.00104446971953895);
#1476=CIRCLE('',#2024,0.002925);
#1477=CIRCLE('',#2025,0.000709122374034054);
#1478=CIRCLE('',#2026,0.00103925111982758);
#1479=CIRCLE('',#2027,0.00104446971953895);
#1480=CIRCLE('',#2028,0.00112653819222862);
#1481=CIRCLE('',#2029,0.00100617081817585);
#1482=CIRCLE('',#2030,0.00116497672307323);
#1483=CIRCLE('',#2031,0.00110297910621754);
#1484=CIRCLE('',#2032,0.00170477019333189);
#1485=CIRCLE('',#2033,0.00139877287017029);
#1486=CIRCLE('',#2034,0.00271404815337981);
#1487=CIRCLE('',#2035,0.00651084357679692);
#1488=CIRCLE('',#2036,0.000631912341699451);
#1489=CIRCLE('',#2037,0.000455774270610685);
#1490=CIRCLE('',#2038,0.000908197981296547);
#1491=CIRCLE('',#2039,0.00049114807240785);
#1492=CIRCLE('',#2040,0.00065174539971483);
#1493=CIRCLE('',#2041,0.00226529470810121);
#1494=CIRCLE('',#2042,0.00139111711917898);
#1495=CIRCLE('',#2043,0.00104047171090004);
#1496=CIRCLE('',#2044,0.00092679716904086);
#1497=CIRCLE('',#2045,0.00104811557287857);
#1498=CIRCLE('',#2046,0.000849068174667514);
#1499=CIRCLE('',#2048,0.003675);
#1500=CIRCLE('',#2049,0.003675);
#1501=CIRCLE('',#2050,0.003675);
#1502=CIRCLE('',#2052,0.0017);
#1503=CIRCLE('',#2053,0.00075);
#1504=CIRCLE('',#2054,0.00075);
#1505=CIRCLE('',#2056,0.0017);
#1506=CIRCLE('',#2063,0.00075);
#1507=CIRCLE('',#2064,0.00075);
#1508=CIRCLE('',#2073,0.00103925111982758);
#1509=CIRCLE('',#2075,0.000709122374034054);
#1510=CIRCLE('',#2077,0.000849068174667514);
#1511=CIRCLE('',#2079,0.00104811557287857);
#1512=CIRCLE('',#2081,0.00092679716904086);
#1513=CIRCLE('',#2083,0.00104047171090004);
#1514=CIRCLE('',#2085,0.00139111711917898);
#1515=CIRCLE('',#2087,0.00226529470810121);
#1516=CIRCLE('',#2092,0.00065174539971483);
#1517=CIRCLE('',#2094,0.00049114807240785);
#1518=CIRCLE('',#2096,0.000908197981296547);
#1519=CIRCLE('',#2098,0.000455774270610685);
#1520=CIRCLE('',#2100,0.000631912341699451);
#1521=CIRCLE('',#2102,0.00651084357679692);
#1522=CIRCLE('',#2110,0.00271404815337981);
#1523=CIRCLE('',#2112,0.00139877287017029);
#1524=CIRCLE('',#2114,0.00170477019333189);
#1525=CIRCLE('',#2116,0.00110297910621754);
#1526=CIRCLE('',#2118,0.00116497672307323);
#1527=CIRCLE('',#2120,0.00100617081817585);
#1528=CIRCLE('',#2122,0.00112653819222862);
#1529=CIRCLE('',#2124,0.00104446971953895);
#1530=EDGE_LOOP('',(#404,#405,#406,#407));
#1531=EDGE_LOOP('',(#408,#409,#410,#411));
#1532=EDGE_LOOP('',(#412,#413,#414,#415));
#1533=EDGE_LOOP('',(#416,#417,#418,#419));
#1534=EDGE_LOOP('',(#420,#421,#422,#423));
#1535=EDGE_LOOP('',(#424,#425,#426,#427));
#1536=EDGE_LOOP('',(#428,#429,#430,#431));
#1537=EDGE_LOOP('',(#432,#433,#434,#435));
#1538=EDGE_LOOP('',(#436,#437,#438,#439));
#1539=EDGE_LOOP('',(#440,#441,#442,#443));
#1540=EDGE_LOOP('',(#444,#445,#446,#447));
#1541=EDGE_LOOP('',(#448,#449,#450,#451));
#1542=EDGE_LOOP('',(#452,#453,#454,#455));
#1543=EDGE_LOOP('',(#456,#457,#458,#459));
#1544=EDGE_LOOP('',(#460,#461,#462,#463));
#1545=EDGE_LOOP('',(#464,#465,#466,#467));
#1546=EDGE_LOOP('',(#468,#469,#470,#471));
#1547=EDGE_LOOP('',(#472,#473,#474,#475));
#1548=EDGE_LOOP('',(#476,#477,#478,#479));
#1549=EDGE_LOOP('',(#480,#481,#482,#483));
#1550=EDGE_LOOP('',(#484,#485,#486,#487));
#1551=EDGE_LOOP('',(#488,#489,#490,#491));
#1552=EDGE_LOOP('',(#492,#493,#494,#495));
#1553=EDGE_LOOP('',(#496,#497,#498,#499));
#1554=EDGE_LOOP('',(#500,#501,#502,#503));
#1555=EDGE_LOOP('',(#504,#505,#506,#507));
#1556=EDGE_LOOP('',(#508,#509,#510,#511));
#1557=EDGE_LOOP('',(#512,#513,#514,#515));
#1558=EDGE_LOOP('',(#516,#517,#518,#519));
#1559=EDGE_LOOP('',(#520,#521,#522,#523));
#1560=EDGE_LOOP('',(#524,#525,#526,#527));
#1561=EDGE_LOOP('',(#528,#529,#530,#531));
#1562=EDGE_LOOP('',(#532,#533,#534,#535));
#1563=EDGE_LOOP('',(#536,#537,#538,#539));
#1564=EDGE_LOOP('',(#540,#541,#542,#543));
#1565=EDGE_LOOP('',(#544,#545,#546,#547));
#1566=EDGE_LOOP('',(#548,#549,#550,#551));
#1567=EDGE_LOOP('',(#552,#553,#554,#555));
#1568=EDGE_LOOP('',(#556,#557,#558,#559));
#1569=EDGE_LOOP('',(#560,#561,#562,#563,#564,#565,#566,#567,#568,#569,#570,
#571,#572,#573,#574,#575,#576,#577,#578,#579,#580,#581,#582,#583,#584,#585,
#586,#587,#588,#589,#590,#591,#592,#593,#594,#595,#596,#597,#598));
#1570=EDGE_LOOP('',(#599,#600,#601,#602,#603,#604,#605,#606,#607,#608,#609,
#610,#611,#612,#613,#614,#615,#616,#617,#618,#619,#620,#621,#622,#623,#624,
#625,#626,#627,#628,#629,#630,#631,#632,#633,#634,#635,#636,#637));
#1571=EDGE_LOOP('',(#638,#639,#640,#641));
#1572=EDGE_LOOP('',(#642,#643,#644,#645));
#1573=EDGE_LOOP('',(#646,#647,#648,#649));
#1574=EDGE_LOOP('',(#650,#651,#652,#653));
#1575=EDGE_LOOP('',(#654,#655,#656,#657));
#1576=EDGE_LOOP('',(#658,#659,#660,#661));
#1577=EDGE_LOOP('',(#662));
#1578=EDGE_LOOP('',(#663,#664,#665,#666));
#1579=EDGE_LOOP('',(#667,#668,#669,#670,#671,#672,#673,#674,#675,#676,#677,
#678,#679,#680,#681,#682,#683,#684,#685,#686,#687,#688,#689,#690,#691,#692,
#693,#694,#695,#696,#697,#698,#699,#700,#701,#702,#703,#704,#705));
#1580=EDGE_LOOP('',(#706));
#1581=EDGE_LOOP('',(#707,#708,#709,#710));
#1582=EDGE_LOOP('',(#711));
#1583=EDGE_LOOP('',(#712,#713,#714,#715,#716,#717));
#1584=EDGE_LOOP('',(#718));
#1585=EDGE_LOOP('',(#719));
#1586=EDGE_LOOP('',(#720));
#1587=EDGE_LOOP('',(#721));
#1588=EDGE_LOOP('',(#722));
#1589=EDGE_LOOP('',(#723,#724,#725,#726));
#1590=EDGE_LOOP('',(#727,#728,#729,#730));
#1591=EDGE_LOOP('',(#731,#732,#733,#734));
#1592=EDGE_LOOP('',(#735,#736,#737,#738,#739,#740));
#1593=EDGE_LOOP('',(#741,#742,#743,#744));
#1594=EDGE_LOOP('',(#745,#746,#747,#748));
#1595=EDGE_LOOP('',(#749,#750,#751,#752));
#1596=EDGE_LOOP('',(#753,#754,#755,#756));
#1597=EDGE_LOOP('',(#757,#758,#759,#760));
#1598=EDGE_LOOP('',(#761,#762,#763,#764));
#1599=EDGE_LOOP('',(#765,#766,#767,#768));
#1600=EDGE_LOOP('',(#769,#770,#771,#772));
#1601=EDGE_LOOP('',(#773,#774,#775,#776));
#1602=EDGE_LOOP('',(#777,#778,#779,#780));
#1603=EDGE_LOOP('',(#781,#782,#783,#784));
#1604=EDGE_LOOP('',(#785,#786,#787,#788));
#1605=EDGE_LOOP('',(#789,#790,#791,#792));
#1606=EDGE_LOOP('',(#793,#794,#795,#796));
#1607=EDGE_LOOP('',(#797,#798,#799,#800));
#1608=EDGE_LOOP('',(#801,#802,#803,#804));
#1609=EDGE_LOOP('',(#805,#806,#807,#808));
#1610=EDGE_LOOP('',(#809,#810,#811,#812));
#1611=EDGE_LOOP('',(#813,#814,#815,#816));
#1612=EDGE_LOOP('',(#817,#818,#819,#820));
#1613=EDGE_LOOP('',(#821,#822,#823,#824));
#1614=EDGE_LOOP('',(#825,#826,#827,#828));
#1615=EDGE_LOOP('',(#829,#830,#831,#832));
#1616=EDGE_LOOP('',(#833,#834,#835,#836));
#1617=EDGE_LOOP('',(#837,#838,#839,#840));
#1618=EDGE_LOOP('',(#841,#842,#843,#844));
#1619=EDGE_LOOP('',(#845,#846,#847,#848));
#1620=EDGE_LOOP('',(#849,#850,#851,#852));
#1621=EDGE_LOOP('',(#853,#854,#855,#856));
#1622=EDGE_LOOP('',(#857,#858,#859,#860));
#1623=EDGE_LOOP('',(#861,#862,#863,#864));
#1624=EDGE_LOOP('',(#865,#866,#867,#868));
#1625=EDGE_LOOP('',(#869,#870,#871,#872));
#1626=EDGE_LOOP('',(#873,#874,#875,#876));
#1627=EDGE_LOOP('',(#877,#878,#879,#880));
#1628=EDGE_LOOP('',(#881,#882,#883,#884));
#1629=EDGE_LOOP('',(#885,#886,#887,#888));
#1630=EDGE_LOOP('',(#889,#890,#891,#892));
#1631=EDGE_LOOP('',(#893,#894,#895,#896));
#1632=EDGE_LOOP('',(#897,#898,#899,#900));
#1633=EDGE_LOOP('',(#901,#902,#903,#904));
#1634=EDGE_LOOP('',(#905,#906,#907,#908));
#1635=EDGE_LOOP('',(#909,#910,#911,#912));
#1636=EDGE_LOOP('',(#913,#914,#915,#916));
#1637=EDGE_LOOP('',(#917,#918,#919,#920));
#1638=EDGE_LOOP('',(#921,#922,#923,#924));
#1639=EDGE_LOOP('',(#925,#926,#927,#928,#929,#930,#931,#932,#933,#934,#935,
#936,#937,#938,#939,#940,#941,#942,#943,#944,#945,#946,#947,#948,#949,#950,
#951,#952,#953,#954,#955,#956,#957,#958,#959,#960,#961,#962,#963));
#1640=FACE_BOUND('',#1530,.T.);
#1641=FACE_BOUND('',#1531,.T.);
#1642=FACE_BOUND('',#1532,.T.);
#1643=FACE_BOUND('',#1533,.T.);
#1644=FACE_BOUND('',#1534,.T.);
#1645=FACE_BOUND('',#1535,.T.);
#1646=FACE_BOUND('',#1536,.T.);
#1647=FACE_BOUND('',#1537,.T.);
#1648=FACE_BOUND('',#1538,.T.);
#1649=FACE_BOUND('',#1539,.T.);
#1650=FACE_BOUND('',#1540,.T.);
#1651=FACE_BOUND('',#1541,.T.);
#1652=FACE_BOUND('',#1542,.T.);
#1653=FACE_BOUND('',#1543,.T.);
#1654=FACE_BOUND('',#1544,.T.);
#1655=FACE_BOUND('',#1545,.T.);
#1656=FACE_BOUND('',#1546,.T.);
#1657=FACE_BOUND('',#1547,.T.);
#1658=FACE_BOUND('',#1548,.T.);
#1659=FACE_BOUND('',#1549,.T.);
#1660=FACE_BOUND('',#1550,.T.);
#1661=FACE_BOUND('',#1551,.T.);
#1662=FACE_BOUND('',#1552,.T.);
#1663=FACE_BOUND('',#1553,.T.);
#1664=FACE_BOUND('',#1554,.T.);
#1665=FACE_BOUND('',#1555,.T.);
#1666=FACE_BOUND('',#1556,.T.);
#1667=FACE_BOUND('',#1557,.T.);
#1668=FACE_BOUND('',#1558,.T.);
#1669=FACE_BOUND('',#1559,.T.);
#1670=FACE_BOUND('',#1560,.T.);
#1671=FACE_BOUND('',#1561,.T.);
#1672=FACE_BOUND('',#1562,.T.);
#1673=FACE_BOUND('',#1563,.T.);
#1674=FACE_BOUND('',#1564,.T.);
#1675=FACE_BOUND('',#1565,.T.);
#1676=FACE_BOUND('',#1566,.T.);
#1677=FACE_BOUND('',#1567,.T.);
#1678=FACE_BOUND('',#1568,.T.);
#1679=FACE_BOUND('',#1569,.T.);
#1680=FACE_BOUND('',#1570,.T.);
#1681=FACE_BOUND('',#1571,.T.);
#1682=FACE_BOUND('',#1572,.T.);
#1683=FACE_BOUND('',#1573,.T.);
#1684=FACE_BOUND('',#1574,.T.);
#1685=FACE_BOUND('',#1575,.T.);
#1686=FACE_BOUND('',#1576,.T.);
#1687=FACE_BOUND('',#1577,.T.);
#1688=FACE_BOUND('',#1578,.T.);
#1689=FACE_BOUND('',#1579,.T.);
#1690=FACE_BOUND('',#1580,.T.);
#1691=FACE_BOUND('',#1581,.T.);
#1692=FACE_BOUND('',#1582,.T.);
#1693=FACE_BOUND('',#1583,.T.);
#1694=FACE_BOUND('',#1584,.T.);
#1695=FACE_BOUND('',#1585,.T.);
#1696=FACE_BOUND('',#1586,.T.);
#1697=FACE_BOUND('',#1587,.T.);
#1698=FACE_BOUND('',#1588,.T.);
#1699=FACE_BOUND('',#1589,.T.);
#1700=FACE_BOUND('',#1590,.T.);
#1701=FACE_BOUND('',#1591,.T.);
#1702=FACE_BOUND('',#1592,.T.);
#1703=FACE_BOUND('',#1593,.T.);
#1704=FACE_BOUND('',#1594,.T.);
#1705=FACE_BOUND('',#1595,.T.);
#1706=FACE_BOUND('',#1596,.T.);
#1707=FACE_BOUND('',#1597,.T.);
#1708=FACE_BOUND('',#1598,.T.);
#1709=FACE_BOUND('',#1599,.T.);
#1710=FACE_BOUND('',#1600,.T.);
#1711=FACE_BOUND('',#1601,.T.);
#1712=FACE_BOUND('',#1602,.T.);
#1713=FACE_BOUND('',#1603,.T.);
#1714=FACE_BOUND('',#1604,.T.);
#1715=FACE_BOUND('',#1605,.T.);
#1716=FACE_BOUND('',#1606,.T.);
#1717=FACE_BOUND('',#1607,.T.);
#1718=FACE_BOUND('',#1608,.T.);
#1719=FACE_BOUND('',#1609,.T.);
#1720=FACE_BOUND('',#1610,.T.);
#1721=FACE_BOUND('',#1611,.T.);
#1722=FACE_BOUND('',#1612,.T.);
#1723=FACE_BOUND('',#1613,.T.);
#1724=FACE_BOUND('',#1614,.T.);
#1725=FACE_BOUND('',#1615,.T.);
#1726=FACE_BOUND('',#1616,.T.);
#1727=FACE_BOUND('',#1617,.T.);
#1728=FACE_BOUND('',#1618,.T.);
#1729=FACE_BOUND('',#1619,.T.);
#1730=FACE_BOUND('',#1620,.T.);
#1731=FACE_BOUND('',#1621,.T.);
#1732=FACE_BOUND('',#1622,.T.);
#1733=FACE_BOUND('',#1623,.T.);
#1734=FACE_BOUND('',#1624,.T.);
#1735=FACE_BOUND('',#1625,.T.);
#1736=FACE_BOUND('',#1626,.T.);
#1737=FACE_BOUND('',#1627,.T.);
#1738=FACE_BOUND('',#1628,.T.);
#1739=FACE_BOUND('',#1629,.T.);
#1740=FACE_BOUND('',#1630,.T.);
#1741=FACE_BOUND('',#1631,.T.);
#1742=FACE_BOUND('',#1632,.T.);
#1743=FACE_BOUND('',#1633,.T.);
#1744=FACE_BOUND('',#1634,.T.);
#1745=FACE_BOUND('',#1635,.T.);
#1746=FACE_BOUND('',#1636,.T.);
#1747=FACE_BOUND('',#1637,.T.);
#1748=FACE_BOUND('',#1638,.T.);
#1749=FACE_BOUND('',#1639,.T.);
#1750=CYLINDRICAL_SURFACE('',#1938,0.00103925111982758);
#1751=CYLINDRICAL_SURFACE('',#1941,0.000709122374034054);
#1752=CYLINDRICAL_SURFACE('',#1944,0.000849068174667514);
#1753=CYLINDRICAL_SURFACE('',#1947,0.00104811557287857);
#1754=CYLINDRICAL_SURFACE('',#1950,0.00092679716904086);
#1755=CYLINDRICAL_SURFACE('',#1953,0.00104047171090004);
#1756=CYLINDRICAL_SURFACE('',#1956,0.00139111711917898);
#1757=CYLINDRICAL_SURFACE('',#1959,0.00226529470810121);
#1758=CYLINDRICAL_SURFACE('',#1965,0.00065174539971483);
#1759=CYLINDRICAL_SURFACE('',#1968,0.00049114807240785);
#1760=CYLINDRICAL_SURFACE('',#1971,0.000908197981296547);
#1761=CYLINDRICAL_SURFACE('',#1974,0.000455774270610685);
#1762=CYLINDRICAL_SURFACE('',#1977,0.000631912341699451);
#1763=CYLINDRICAL_SURFACE('',#1980,0.0065113602816973);
#1764=CYLINDRICAL_SURFACE('',#1989,0.00271404815337981);
#1765=CYLINDRICAL_SURFACE('',#1992,0.00139877287017029);
#1766=CYLINDRICAL_SURFACE('',#1995,0.00170477019333189);
#1767=CYLINDRICAL_SURFACE('',#1998,0.00110297910621754);
#1768=CYLINDRICAL_SURFACE('',#2001,0.00116497672307323);
#1769=CYLINDRICAL_SURFACE('',#2004,0.00100617081817585);
#1770=CYLINDRICAL_SURFACE('',#2007,0.00112653819222862);
#1771=CYLINDRICAL_SURFACE('',#2010,0.00104446971953895);
#1772=CYLINDRICAL_SURFACE('',#2047,0.003675);
#1773=CYLINDRICAL_SURFACE('',#2055,0.0017);
#1774=CYLINDRICAL_SURFACE('',#2065,0.00075);
#1775=CYLINDRICAL_SURFACE('',#2066,0.00075);
#1776=CYLINDRICAL_SURFACE('',#2072,0.00103925111982758);
#1777=CYLINDRICAL_SURFACE('',#2074,0.000709122374034054);
#1778=CYLINDRICAL_SURFACE('',#2076,0.000849068174667514);
#1779=CYLINDRICAL_SURFACE('',#2078,0.00104811557287857);
#1780=CYLINDRICAL_SURFACE('',#2080,0.00092679716904086);
#1781=CYLINDRICAL_SURFACE('',#2082,0.00104047171090004);
#1782=CYLINDRICAL_SURFACE('',#2084,0.00139111711917898);
#1783=CYLINDRICAL_SURFACE('',#2086,0.00226529470810121);
#1784=CYLINDRICAL_SURFACE('',#2091,0.00065174539971483);
#1785=CYLINDRICAL_SURFACE('',#2093,0.00049114807240785);
#1786=CYLINDRICAL_SURFACE('',#2095,0.000908197981296547);
#1787=CYLINDRICAL_SURFACE('',#2097,0.000455774270610685);
#1788=CYLINDRICAL_SURFACE('',#2099,0.000631912341699451);
#1789=CYLINDRICAL_SURFACE('',#2101,0.0065113602816973);
#1790=CYLINDRICAL_SURFACE('',#2109,0.00271404815337981);
#1791=CYLINDRICAL_SURFACE('',#2111,0.00139877287017029);
#1792=CYLINDRICAL_SURFACE('',#2113,0.00170477019333189);
#1793=CYLINDRICAL_SURFACE('',#2115,0.00110297910621754);
#1794=CYLINDRICAL_SURFACE('',#2117,0.00116497672307323);
#1795=CYLINDRICAL_SURFACE('',#2119,0.00100617081817585);
#1796=CYLINDRICAL_SURFACE('',#2121,0.00112653819222862);
#1797=CYLINDRICAL_SURFACE('',#2123,0.00104446971953895);
#1798=ADVANCED_FACE('',(#1640),#1750,.T.);
#1799=ADVANCED_FACE('',(#1641),#1751,.T.);
#1800=ADVANCED_FACE('',(#1642),#1752,.T.);
#1801=ADVANCED_FACE('',(#1643),#1753,.T.);
#1802=ADVANCED_FACE('',(#1644),#1754,.T.);
#1803=ADVANCED_FACE('',(#1645),#88,.F.);
#1804=ADVANCED_FACE('',(#1646),#1755,.T.);
#1805=ADVANCED_FACE('',(#1647),#1756,.T.);
#1806=ADVANCED_FACE('',(#1648),#1757,.T.);
#1807=ADVANCED_FACE('',(#1649),#17,.F.);
#1808=ADVANCED_FACE('',(#1650),#18,.F.);
#1809=ADVANCED_FACE('',(#1651),#19,.F.);
#1810=ADVANCED_FACE('',(#1652),#89,.F.);
#1811=ADVANCED_FACE('',(#1653),#1758,.F.);
#1812=ADVANCED_FACE('',(#1654),#1759,.F.);
#1813=ADVANCED_FACE('',(#1655),#1760,.F.);
#1814=ADVANCED_FACE('',(#1656),#90,.F.);
#1815=ADVANCED_FACE('',(#1657),#1761,.F.);
#1816=ADVANCED_FACE('',(#1658),#1762,.F.);
#1817=ADVANCED_FACE('',(#1659),#1763,.F.);
#1818=ADVANCED_FACE('',(#1660),#20,.F.);
#1819=ADVANCED_FACE('',(#1661),#21,.F.);
#1820=ADVANCED_FACE('',(#1662),#22,.F.);
#1821=ADVANCED_FACE('',(#1663),#91,.F.);
#1822=ADVANCED_FACE('',(#1664),#92,.F.);
#1823=ADVANCED_FACE('',(#1665),#93,.F.);
#1824=ADVANCED_FACE('',(#1666),#94,.F.);
#1825=ADVANCED_FACE('',(#1667),#23,.F.);
#1826=ADVANCED_FACE('',(#1668),#24,.F.);
#1827=ADVANCED_FACE('',(#1669),#25,.F.);
#1828=ADVANCED_FACE('',(#1670),#1764,.T.);
#1829=ADVANCED_FACE('',(#1671),#1765,.T.);
#1830=ADVANCED_FACE('',(#1672),#1766,.T.);
#1831=ADVANCED_FACE('',(#1673),#1767,.T.);
#1832=ADVANCED_FACE('',(#1674),#1768,.T.);
#1833=ADVANCED_FACE('',(#1675),#95,.F.);
#1834=ADVANCED_FACE('',(#1676),#1769,.T.);
#1835=ADVANCED_FACE('',(#1677),#1770,.T.);
#1836=ADVANCED_FACE('',(#1678),#1771,.T.);
#1837=ADVANCED_FACE('',(#1679),#26,.F.);
#1838=ADVANCED_FACE('',(#1680),#27,.T.);
#1839=ADVANCED_FACE('',(#1681),#28,.F.);
#1840=ADVANCED_FACE('',(#1682),#29,.F.);
#1841=ADVANCED_FACE('',(#1683),#30,.F.);
#1842=ADVANCED_FACE('',(#1684),#31,.F.);
#1843=ADVANCED_FACE('',(#1685),#32,.F.);
#1844=ADVANCED_FACE('',(#1686),#33,.T.);
#1845=ADVANCED_FACE('',(#1687,#1688,#1689),#34,.T.);
#1846=ADVANCED_FACE('',(#1690,#1691),#1772,.T.);
#1847=ADVANCED_FACE('',(#1692,#1693),#35,.F.);
#1848=ADVANCED_FACE('',(#1694,#1695),#1773,.F.);
#1849=ADVANCED_FACE('',(#1696),#36,.T.);
#1850=ADVANCED_FACE('',(#1697,#1698),#10,.T.);
#1851=ADVANCED_FACE('',(#1699),#37,.F.);
#1852=ADVANCED_FACE('',(#1700),#38,.F.);
#1853=ADVANCED_FACE('',(#1701),#39,.T.);
#1854=ADVANCED_FACE('',(#1702),#40,.T.);
#1855=ADVANCED_FACE('',(#1703),#1774,.T.);
#1856=ADVANCED_FACE('',(#1704),#1775,.T.);
#1857=ADVANCED_FACE('',(#1705),#41,.T.);
#1858=ADVANCED_FACE('',(#1706),#42,.T.);
#1859=ADVANCED_FACE('',(#1707),#43,.T.);
#1860=ADVANCED_FACE('',(#1708),#44,.T.);
#1861=ADVANCED_FACE('',(#1709),#45,.T.);
#1862=ADVANCED_FACE('',(#1710),#1776,.F.);
#1863=ADVANCED_FACE('',(#1711),#1777,.F.);
#1864=ADVANCED_FACE('',(#1712),#1778,.F.);
#1865=ADVANCED_FACE('',(#1713),#1779,.F.);
#1866=ADVANCED_FACE('',(#1714),#1780,.F.);
#1867=ADVANCED_FACE('',(#1715),#96,.T.);
#1868=ADVANCED_FACE('',(#1716),#1781,.F.);
#1869=ADVANCED_FACE('',(#1717),#1782,.F.);
#1870=ADVANCED_FACE('',(#1718),#1783,.F.);
#1871=ADVANCED_FACE('',(#1719),#46,.T.);
#1872=ADVANCED_FACE('',(#1720),#47,.T.);
#1873=ADVANCED_FACE('',(#1721),#48,.T.);
#1874=ADVANCED_FACE('',(#1722),#97,.T.);
#1875=ADVANCED_FACE('',(#1723),#1784,.T.);
#1876=ADVANCED_FACE('',(#1724),#1785,.T.);
#1877=ADVANCED_FACE('',(#1725),#1786,.T.);
#1878=ADVANCED_FACE('',(#1726),#98,.T.);
#1879=ADVANCED_FACE('',(#1727),#1787,.T.);
#1880=ADVANCED_FACE('',(#1728),#1788,.T.);
#1881=ADVANCED_FACE('',(#1729),#1789,.T.);
#1882=ADVANCED_FACE('',(#1730),#49,.T.);
#1883=ADVANCED_FACE('',(#1731),#50,.T.);
#1884=ADVANCED_FACE('',(#1732),#51,.T.);
#1885=ADVANCED_FACE('',(#1733),#99,.T.);
#1886=ADVANCED_FACE('',(#1734),#100,.T.);
#1887=ADVANCED_FACE('',(#1735),#101,.T.);
#1888=ADVANCED_FACE('',(#1736),#102,.T.);
#1889=ADVANCED_FACE('',(#1737),#52,.T.);
#1890=ADVANCED_FACE('',(#1738),#53,.T.);
#1891=ADVANCED_FACE('',(#1739),#54,.T.);
#1892=ADVANCED_FACE('',(#1740),#1790,.F.);
#1893=ADVANCED_FACE('',(#1741),#1791,.F.);
#1894=ADVANCED_FACE('',(#1742),#1792,.F.);
#1895=ADVANCED_FACE('',(#1743),#1793,.F.);
#1896=ADVANCED_FACE('',(#1744),#1794,.F.);
#1897=ADVANCED_FACE('',(#1745),#103,.T.);
#1898=ADVANCED_FACE('',(#1746),#1795,.F.);
#1899=ADVANCED_FACE('',(#1747),#1796,.F.);
#1900=ADVANCED_FACE('',(#1748),#1797,.F.);
#1901=ADVANCED_FACE('',(#1749),#55,.T.);
#1902=CLOSED_SHELL('',(#1798,#1799,#1800,#1801,#1802,#1803,#1804,#1805,
#1806,#1807,#1808,#1809,#1810,#1811,#1812,#1813,#1814,#1815,#1816,#1817,
#1818,#1819,#1820,#1821,#1822,#1823,#1824,#1825,#1826,#1827,#1828,#1829,
#1830,#1831,#1832,#1833,#1834,#1835,#1836,#1837,#1838));
#1903=CLOSED_SHELL('',(#1839,#1840,#1841,#1842,#1843,#1844));
#1904=CLOSED_SHELL('',(#1845,#1846,#1847,#1848,#1849,#1850,#1851,#1852,
#1853,#1854,#1855,#1856,#1857,#1858,#1859,#1860,#1861,#1862,#1863,#1864,
#1865,#1866,#1867,#1868,#1869,#1870,#1871,#1872,#1873,#1874,#1875,#1876,
#1877,#1878,#1879,#1880,#1881,#1882,#1883,#1884,#1885,#1886,#1887,#1888,
#1889,#1890,#1891,#1892,#1893,#1894,#1895,#1896,#1897,#1898,#1899,#1900,
#1901));
#1905=STYLED_ITEM('',(#1908),#1928);
#1906=STYLED_ITEM('',(#1909),#1929);
#1907=STYLED_ITEM('',(#1910),#1930);
#1908=PRESENTATION_STYLE_ASSIGNMENT((#1911));
#1909=PRESENTATION_STYLE_ASSIGNMENT((#1912));
#1910=PRESENTATION_STYLE_ASSIGNMENT((#1913));
#1911=SURFACE_STYLE_USAGE(.BOTH.,#1914);
#1912=SURFACE_STYLE_USAGE(.BOTH.,#1915);
#1913=SURFACE_STYLE_USAGE(.BOTH.,#1916);
#1914=SURFACE_SIDE_STYLE('',(#1917));
#1915=SURFACE_SIDE_STYLE('',(#1918));
#1916=SURFACE_SIDE_STYLE('',(#1919));
#1917=SURFACE_STYLE_FILL_AREA(#1920);
#1918=SURFACE_STYLE_FILL_AREA(#1921);
#1919=SURFACE_STYLE_FILL_AREA(#1922);
#1920=FILL_AREA_STYLE('',(#1923));
#1921=FILL_AREA_STYLE('',(#1924));
#1922=FILL_AREA_STYLE('',(#1925));
#1923=FILL_AREA_STYLE_COLOUR('',#1926);
#1924=FILL_AREA_STYLE_COLOUR('',#1926);
#1925=FILL_AREA_STYLE_COLOUR('',#1927);
#1926=COLOUR_RGB('',0.231372549019608,0.380392156862745,0.705882352941177);
#1927=COLOUR_RGB('',0.615686274509804,0.811764705882353,0.929411764705882);
#1928=MANIFOLD_SOLID_BREP('Part 2',#1902);
#1929=MANIFOLD_SOLID_BREP('Part 3',#1903);
#1930=MANIFOLD_SOLID_BREP('Part 1',#1904);
#1931=SHAPE_DEFINITION_REPRESENTATION(#3423,#1934);
#1932=SHAPE_DEFINITION_REPRESENTATION(#3424,#1935);
#1933=SHAPE_DEFINITION_REPRESENTATION(#3425,#1936);
#1934=SHAPE_REPRESENTATION('Part 2',(#1937),#3408);
#1935=SHAPE_REPRESENTATION('Part 3',(#2015),#3409);
#1936=SHAPE_REPRESENTATION('Part 1',(#2022),#3410);
#1937=AXIS2_PLACEMENT_3D('',#2654,#2126,#2127);
#1938=AXIS2_PLACEMENT_3D('',#2655,#2128,#2129);
#1939=AXIS2_PLACEMENT_3D('',#2656,#2130,#2131);
#1940=AXIS2_PLACEMENT_3D('',#2661,#2133,#2134);
#1941=AXIS2_PLACEMENT_3D('',#2664,#2136,#2137);
#1942=AXIS2_PLACEMENT_3D('',#2665,#2138,#2139);
#1943=AXIS2_PLACEMENT_3D('',#2667,#2140,#2141);
#1944=AXIS2_PLACEMENT_3D('',#2670,#2143,#2144);
#1945=AXIS2_PLACEMENT_3D('',#2671,#2145,#2146);
#1946=AXIS2_PLACEMENT_3D('',#2673,#2147,#2148);
#1947=AXIS2_PLACEMENT_3D('',#2676,#2150,#2151);
#1948=AXIS2_PLACEMENT_3D('',#2677,#2152,#2153);
#1949=AXIS2_PLACEMENT_3D('',#2679,#2154,#2155);
#1950=AXIS2_PLACEMENT_3D('',#2682,#2157,#2158);
#1951=AXIS2_PLACEMENT_3D('',#2683,#2159,#2160);
#1952=AXIS2_PLACEMENT_3D('',#2685,#2161,#2162);
#1953=AXIS2_PLACEMENT_3D('',#2705,#2165,#2166);
#1954=AXIS2_PLACEMENT_3D('',#2706,#2167,#2168);
#1955=AXIS2_PLACEMENT_3D('',#2708,#2169,#2170);
#1956=AXIS2_PLACEMENT_3D('',#2711,#2172,#2173);
#1957=AXIS2_PLACEMENT_3D('',#2712,#2174,#2175);
#1958=AXIS2_PLACEMENT_3D('',#2714,#2176,#2177);
#1959=AXIS2_PLACEMENT_3D('',#2717,#2179,#2180);
#1960=AXIS2_PLACEMENT_3D('',#2718,#2181,#2182);
#1961=AXIS2_PLACEMENT_3D('',#2720,#2183,#2184);
#1962=AXIS2_PLACEMENT_3D('',#2723,#2186,#2187);
#1963=AXIS2_PLACEMENT_3D('',#2729,#2191,#2192);
#1964=AXIS2_PLACEMENT_3D('',#2735,#2196,#2197);
#1965=AXIS2_PLACEMENT_3D('',#2758,#2202,#2203);
#1966=AXIS2_PLACEMENT_3D('',#2759,#2204,#2205);
#1967=AXIS2_PLACEMENT_3D('',#2761,#2206,#2207);
#1968=AXIS2_PLACEMENT_3D('',#2764,#2209,#2210);
#1969=AXIS2_PLACEMENT_3D('',#2765,#2211,#2212);
#1970=AXIS2_PLACEMENT_3D('',#2767,#2213,#2214);
#1971=AXIS2_PLACEMENT_3D('',#2770,#2216,#2217);
#1972=AXIS2_PLACEMENT_3D('',#2771,#2218,#2219);
#1973=AXIS2_PLACEMENT_3D('',#2773,#2220,#2221);
#1974=AXIS2_PLACEMENT_3D('',#2793,#2224,#2225);
#1975=AXIS2_PLACEMENT_3D('',#2794,#2226,#2227);
#1976=AXIS2_PLACEMENT_3D('',#2796,#2228,#2229);
#1977=AXIS2_PLACEMENT_3D('',#2799,#2231,#2232);
#1978=AXIS2_PLACEMENT_3D('',#2800,#2233,#2234);
#1979=AXIS2_PLACEMENT_3D('',#2802,#2235,#2236);
#1980=AXIS2_PLACEMENT_3D('',#2805,#2238,#2239);
#1981=AXIS2_PLACEMENT_3D('',#2806,#2240,#2241);
#1982=AXIS2_PLACEMENT_3D('',#2808,#2242,#2243);
#1983=AXIS2_PLACEMENT_3D('',#2811,#2245,#2246);
#1984=AXIS2_PLACEMENT_3D('',#2817,#2250,#2251);
#1985=AXIS2_PLACEMENT_3D('',#2823,#2255,#2256);
#1986=AXIS2_PLACEMENT_3D('',#2897,#2264,#2265);
#1987=AXIS2_PLACEMENT_3D('',#2903,#2269,#2270);
#1988=AXIS2_PLACEMENT_3D('',#2909,#2274,#2275);
#1989=AXIS2_PLACEMENT_3D('',#2915,#2279,#2280);
#1990=AXIS2_PLACEMENT_3D('',#2916,#2281,#2282);
#1991=AXIS2_PLACEMENT_3D('',#2918,#2283,#2284);
#1992=AXIS2_PLACEMENT_3D('',#2921,#2286,#2287);
#1993=AXIS2_PLACEMENT_3D('',#2922,#2288,#2289);
#1994=AXIS2_PLACEMENT_3D('',#2924,#2290,#2291);
#1995=AXIS2_PLACEMENT_3D('',#2927,#2293,#2294);
#1996=AXIS2_PLACEMENT_3D('',#2928,#2295,#2296);
#1997=AXIS2_PLACEMENT_3D('',#2930,#2297,#2298);
#1998=AXIS2_PLACEMENT_3D('',#2933,#2300,#2301);
#1999=AXIS2_PLACEMENT_3D('',#2934,#2302,#2303);
#2000=AXIS2_PLACEMENT_3D('',#2936,#2304,#2305);
#2001=AXIS2_PLACEMENT_3D('',#2939,#2307,#2308);
#2002=AXIS2_PLACEMENT_3D('',#2940,#2309,#2310);
#2003=AXIS2_PLACEMENT_3D('',#2942,#2311,#2312);
#2004=AXIS2_PLACEMENT_3D('',#2962,#2315,#2316);
#2005=AXIS2_PLACEMENT_3D('',#2963,#2317,#2318);
#2006=AXIS2_PLACEMENT_3D('',#2965,#2319,#2320);
#2007=AXIS2_PLACEMENT_3D('',#2968,#2322,#2323);
#2008=AXIS2_PLACEMENT_3D('',#2969,#2324,#2325);
#2009=AXIS2_PLACEMENT_3D('',#2971,#2326,#2327);
#2010=AXIS2_PLACEMENT_3D('',#2974,#2329,#2330);
#2011=AXIS2_PLACEMENT_3D('',#2975,#2331,#2332);
#2012=AXIS2_PLACEMENT_3D('',#2976,#2333,#2334);
#2013=AXIS2_PLACEMENT_3D('',#2977,#2335,#2336);
#2014=AXIS2_PLACEMENT_3D('',#2978,#2337,#2338);
#2015=AXIS2_PLACEMENT_3D('',#2979,#2339,#2340);
#2016=AXIS2_PLACEMENT_3D('',#2980,#2341,#2342);
#2017=AXIS2_PLACEMENT_3D('',#2989,#2347,#2348);
#2018=AXIS2_PLACEMENT_3D('',#2995,#2352,#2353);
#2019=AXIS2_PLACEMENT_3D('',#3001,#2357,#2358);
#2020=AXIS2_PLACEMENT_3D('',#3004,#2361,#2362);
#2021=AXIS2_PLACEMENT_3D('',#3005,#2363,#2364);
#2022=AXIS2_PLACEMENT_3D('',#3006,#2365,#2366);
#2023=AXIS2_PLACEMENT_3D('',#3007,#2367,#2368);
#2024=AXIS2_PLACEMENT_3D('',#3008,#2369,#2370);
#2025=AXIS2_PLACEMENT_3D('',#3018,#2375,#2376);
#2026=AXIS2_PLACEMENT_3D('',#3021,#2377,#2378);
#2027=AXIS2_PLACEMENT_3D('',#3023,#2379,#2380);
#2028=AXIS2_PLACEMENT_3D('',#3025,#2381,#2382);
#2029=AXIS2_PLACEMENT_3D('',#3027,#2383,#2384);
#2030=AXIS2_PLACEMENT_3D('',#3033,#2385,#2386);
#2031=AXIS2_PLACEMENT_3D('',#3035,#2387,#2388);
#2032=AXIS2_PLACEMENT_3D('',#3037,#2389,#2390);
#2033=AXIS2_PLACEMENT_3D('',#3039,#2391,#2392);
#2034=AXIS2_PLACEMENT_3D('',#3041,#2393,#2394);
#2035=AXIS2_PLACEMENT_3D('',#3071,#2401,#2402);
#2036=AXIS2_PLACEMENT_3D('',#3073,#2403,#2404);
#2037=AXIS2_PLACEMENT_3D('',#3075,#2405,#2406);
#2038=AXIS2_PLACEMENT_3D('',#3081,#2407,#2408);
#2039=AXIS2_PLACEMENT_3D('',#3083,#2409,#2410);
#2040=AXIS2_PLACEMENT_3D('',#3085,#2411,#2412);
#2041=AXIS2_PLACEMENT_3D('',#3097,#2416,#2417);
#2042=AXIS2_PLACEMENT_3D('',#3099,#2418,#2419);
#2043=AXIS2_PLACEMENT_3D('',#3101,#2420,#2421);
#2044=AXIS2_PLACEMENT_3D('',#3107,#2422,#2423);
#2045=AXIS2_PLACEMENT_3D('',#3109,#2424,#2425);
#2046=AXIS2_PLACEMENT_3D('',#3111,#2426,#2427);
#2047=AXIS2_PLACEMENT_3D('',#3112,#2428,#2429);
#2048=AXIS2_PLACEMENT_3D('',#3113,#2430,#2431);
#2049=AXIS2_PLACEMENT_3D('',#3118,#2433,#2434);
#2050=AXIS2_PLACEMENT_3D('',#3122,#2436,#2437);
#2051=AXIS2_PLACEMENT_3D('',#3123,#2438,#2439);
#2052=AXIS2_PLACEMENT_3D('',#3124,#2440,#2441);
#2053=AXIS2_PLACEMENT_3D('',#3128,#2443,#2444);
#2054=AXIS2_PLACEMENT_3D('',#3132,#2446,#2447);
#2055=AXIS2_PLACEMENT_3D('',#3135,#2449,#2450);
#2056=AXIS2_PLACEMENT_3D('',#3136,#2451,#2452);
#2057=AXIS2_PLACEMENT_3D('',#3138,#2453,#2454);
#2058=AXIS2_PLACEMENT_3D('',#3139,#2455,#2456);
#2059=AXIS2_PLACEMENT_3D('',#3140,#2457,#2458);
#2060=AXIS2_PLACEMENT_3D('',#3144,#2461,#2462);
#2061=AXIS2_PLACEMENT_3D('',#3150,#2466,#2467);
#2062=AXIS2_PLACEMENT_3D('',#3154,#2470,#2471);
#2063=AXIS2_PLACEMENT_3D('',#3155,#2472,#2473);
#2064=AXIS2_PLACEMENT_3D('',#3156,#2474,#2475);
#2065=AXIS2_PLACEMENT_3D('',#3157,#2476,#2477);
#2066=AXIS2_PLACEMENT_3D('',#3158,#2478,#2479);
#2067=AXIS2_PLACEMENT_3D('',#3159,#2480,#2481);
#2068=AXIS2_PLACEMENT_3D('',#3165,#2485,#2486);
#2069=AXIS2_PLACEMENT_3D('',#3169,#2489,#2490);
#2070=AXIS2_PLACEMENT_3D('',#3173,#2493,#2494);
#2071=AXIS2_PLACEMENT_3D('',#3175,#2496,#2497);
#2072=AXIS2_PLACEMENT_3D('',#3176,#2498,#2499);
#2073=AXIS2_PLACEMENT_3D('',#3179,#2501,#2502);
#2074=AXIS2_PLACEMENT_3D('',#3182,#2504,#2505);
#2075=AXIS2_PLACEMENT_3D('',#3185,#2507,#2508);
#2076=AXIS2_PLACEMENT_3D('',#3186,#2509,#2510);
#2077=AXIS2_PLACEMENT_3D('',#3189,#2512,#2513);
#2078=AXIS2_PLACEMENT_3D('',#3190,#2514,#2515);
#2079=AXIS2_PLACEMENT_3D('',#3193,#2517,#2518);
#2080=AXIS2_PLACEMENT_3D('',#3194,#2519,#2520);
#2081=AXIS2_PLACEMENT_3D('',#3197,#2522,#2523);
#2082=AXIS2_PLACEMENT_3D('',#3211,#2525,#2526);
#2083=AXIS2_PLACEMENT_3D('',#3214,#2528,#2529);
#2084=AXIS2_PLACEMENT_3D('',#3215,#2530,#2531);
#2085=AXIS2_PLACEMENT_3D('',#3218,#2533,#2534);
#2086=AXIS2_PLACEMENT_3D('',#3219,#2535,#2536);
#2087=AXIS2_PLACEMENT_3D('',#3222,#2538,#2539);
#2088=AXIS2_PLACEMENT_3D('',#3223,#2540,#2541);
#2089=AXIS2_PLACEMENT_3D('',#3227,#2544,#2545);
#2090=AXIS2_PLACEMENT_3D('',#3231,#2548,#2549);
#2091=AXIS2_PLACEMENT_3D('',#3248,#2553,#2554);
#2092=AXIS2_PLACEMENT_3D('',#3251,#2556,#2557);
#2093=AXIS2_PLACEMENT_3D('',#3252,#2558,#2559);
#2094=AXIS2_PLACEMENT_3D('',#3255,#2561,#2562);
#2095=AXIS2_PLACEMENT_3D('',#3256,#2563,#2564);
#2096=AXIS2_PLACEMENT_3D('',#3259,#2566,#2567);
#2097=AXIS2_PLACEMENT_3D('',#3273,#2569,#2570);
#2098=AXIS2_PLACEMENT_3D('',#3276,#2572,#2573);
#2099=AXIS2_PLACEMENT_3D('',#3277,#2574,#2575);
#2100=AXIS2_PLACEMENT_3D('',#3280,#2577,#2578);
#2101=AXIS2_PLACEMENT_3D('',#3281,#2579,#2580);
#2102=AXIS2_PLACEMENT_3D('',#3284,#2582,#2583);
#2103=AXIS2_PLACEMENT_3D('',#3285,#2584,#2585);
#2104=AXIS2_PLACEMENT_3D('',#3289,#2588,#2589);
#2105=AXIS2_PLACEMENT_3D('',#3293,#2592,#2593);
#2106=AXIS2_PLACEMENT_3D('',#3349,#2600,#2601);
#2107=AXIS2_PLACEMENT_3D('',#3353,#2604,#2605);
#2108=AXIS2_PLACEMENT_3D('',#3357,#2608,#2609);
#2109=AXIS2_PLACEMENT_3D('',#3361,#2612,#2613);
#2110=AXIS2_PLACEMENT_3D('',#3364,#2615,#2616);
#2111=AXIS2_PLACEMENT_3D('',#3365,#2617,#2618);
#2112=AXIS2_PLACEMENT_3D('',#3368,#2620,#2621);
#2113=AXIS2_PLACEMENT_3D('',#3369,#2622,#2623);
#2114=AXIS2_PLACEMENT_3D('',#3372,#2625,#2626);
#2115=AXIS2_PLACEMENT_3D('',#3373,#2627,#2628);
#2116=AXIS2_PLACEMENT_3D('',#3376,#2630,#2631);
#2117=AXIS2_PLACEMENT_3D('',#3377,#2632,#2633);
#2118=AXIS2_PLACEMENT_3D('',#3380,#2635,#2636);
#2119=AXIS2_PLACEMENT_3D('',#3394,#2638,#2639);
#2120=AXIS2_PLACEMENT_3D('',#3397,#2641,#2642);
#2121=AXIS2_PLACEMENT_3D('',#3398,#2643,#2644);
#2122=AXIS2_PLACEMENT_3D('',#3401,#2646,#2647);
#2123=AXIS2_PLACEMENT_3D('',#3402,#2648,#2649);
#2124=AXIS2_PLACEMENT_3D('',#3403,#2650,#2651);
#2125=AXIS2_PLACEMENT_3D('',#3404,#2652,#2653);
#2126=DIRECTION('',(0.,0.,1.));
#2127=DIRECTION('',(1.,0.,0.));
#2128=DIRECTION('',(0.,0.,1.));
#2129=DIRECTION('',(0.288200599990976,0.957570057053186,0.));
#2130=DIRECTION('',(0.,0.,1.));
#2131=DIRECTION('',(1.,0.,0.));
#2132=DIRECTION('',(0.,0.,1.));
#2133=DIRECTION('',(0.,0.,1.));
#2134=DIRECTION('',(1.,0.,0.));
#2135=DIRECTION('',(0.,0.,1.));
#2136=DIRECTION('',(0.,0.,1.));
#2137=DIRECTION('',(0.39614994109639,-0.918185833134735,0.));
#2138=DIRECTION('',(0.,0.,1.));
#2139=DIRECTION('',(1.,0.,0.));
#2140=DIRECTION('',(0.,0.,1.));
#2141=DIRECTION('',(1.,0.,0.));
#2142=DIRECTION('',(0.,0.,1.));
#2143=DIRECTION('',(0.,0.,1.));
#2144=DIRECTION('',(0.673693284645178,-0.73901106772767,0.));
#2145=DIRECTION('',(0.,0.,1.));
#2146=DIRECTION('',(1.,0.,0.));
#2147=DIRECTION('',(0.,0.,1.));
#2148=DIRECTION('',(1.,0.,0.));
#2149=DIRECTION('',(0.,0.,1.));
#2150=DIRECTION('',(0.,0.,1.));
#2151=DIRECTION('',(0.87029807457848,-0.492525391614475,0.));
#2152=DIRECTION('',(0.,0.,1.));
#2153=DIRECTION('',(1.,0.,0.));
#2154=DIRECTION('',(0.,0.,1.));
#2155=DIRECTION('',(1.,0.,0.));
#2156=DIRECTION('',(0.,0.,1.));
#2157=DIRECTION('',(0.,0.,1.));
#2158=DIRECTION('',(0.983972021786551,-0.178322910309605,0.));
#2159=DIRECTION('',(0.,0.,1.));
#2160=DIRECTION('',(1.,0.,0.));
#2161=DIRECTION('',(0.,0.,1.));
#2162=DIRECTION('',(1.,0.,0.));
#2163=DIRECTION('',(0.,0.,1.));
#2164=DIRECTION('',(0.,0.,1.));
#2165=DIRECTION('',(0.,0.,1.));
#2166=DIRECTION('',(0.755453409348512,0.6552023704961,0.));
#2167=DIRECTION('',(0.,0.,1.));
#2168=DIRECTION('',(1.,0.,0.));
#2169=DIRECTION('',(0.,0.,1.));
#2170=DIRECTION('',(1.,0.,0.));
#2171=DIRECTION('',(0.,0.,1.));
#2172=DIRECTION('',(0.,0.,1.));
#2173=DIRECTION('',(0.411481600957633,0.911418066571726,0.));
#2174=DIRECTION('',(0.,0.,1.));
#2175=DIRECTION('',(1.,0.,0.));
#2176=DIRECTION('',(0.,0.,1.));
#2177=DIRECTION('',(1.,0.,0.));
#2178=DIRECTION('',(0.,0.,1.));
#2179=DIRECTION('',(0.,0.,1.));
#2180=DIRECTION('',(0.120270432306101,0.992741166222547,0.));
#2181=DIRECTION('',(0.,0.,1.));
#2182=DIRECTION('',(1.,0.,0.));
#2183=DIRECTION('',(0.,0.,1.));
#2184=DIRECTION('',(1.,0.,0.));
#2185=DIRECTION('',(0.,0.,1.));
#2186=DIRECTION('',(0.,-1.,0.));
#2187=DIRECTION('',(0.,0.,-1.));
#2188=DIRECTION('',(1.,0.,0.));
#2189=DIRECTION('',(1.,0.,0.));
#2190=DIRECTION('',(0.,0.,1.));
#2191=DIRECTION('',(1.,1.97609207581975E-16,0.));
#2192=DIRECTION('',(-1.97609207581975E-16,1.,0.));
#2193=DIRECTION('',(-1.97609207581975E-16,1.,0.));
#2194=DIRECTION('',(-1.97609207581975E-16,1.,0.));
#2195=DIRECTION('',(0.,0.,1.));
#2196=DIRECTION('',(0.,1.,0.));
#2197=DIRECTION('',(0.,0.,1.));
#2198=DIRECTION('',(-1.,0.,0.));
#2199=DIRECTION('',(-1.,0.,0.));
#2200=DIRECTION('',(0.,0.,1.));
#2201=DIRECTION('',(0.,0.,1.));
#2202=DIRECTION('',(0.,0.,1.));
#2203=DIRECTION('',(0.528255583031162,0.849085413251463,0.));
#2204=DIRECTION('',(0.,0.,1.));
#2205=DIRECTION('',(1.,0.,0.));
#2206=DIRECTION('',(0.,0.,1.));
#2207=DIRECTION('',(1.,0.,0.));
#2208=DIRECTION('',(0.,0.,1.));
#2209=DIRECTION('',(0.,0.,1.));
#2210=DIRECTION('',(0.873153189239579,0.487445902763323,0.));
#2211=DIRECTION('',(0.,0.,1.));
#2212=DIRECTION('',(1.,0.,0.));
#2213=DIRECTION('',(0.,0.,1.));
#2214=DIRECTION('',(1.,0.,0.));
#2215=DIRECTION('',(0.,0.,1.));
#2216=DIRECTION('',(0.,0.,1.));
#2217=DIRECTION('',(0.991438866641545,0.130571718655031,0.));
#2218=DIRECTION('',(0.,0.,1.));
#2219=DIRECTION('',(1.,0.,0.));
#2220=DIRECTION('',(0.,0.,1.));
#2221=DIRECTION('',(1.,0.,0.));
#2222=DIRECTION('',(0.,0.,1.));
#2223=DIRECTION('',(0.,0.,1.));
#2224=DIRECTION('',(0.,0.,1.));
#2225=DIRECTION('',(0.714683479877653,-0.699448013500624,0.));
#2226=DIRECTION('',(0.,0.,1.));
#2227=DIRECTION('',(1.,0.,0.));
#2228=DIRECTION('',(0.,0.,1.));
#2229=DIRECTION('',(1.,0.,0.));
#2230=DIRECTION('',(0.,0.,1.));
#2231=DIRECTION('',(0.,0.,1.));
#2232=DIRECTION('',(0.248171741752727,-0.96871605055115,0.));
#2233=DIRECTION('',(0.,0.,1.));
#2234=DIRECTION('',(1.,0.,0.));
#2235=DIRECTION('',(0.,0.,1.));
#2236=DIRECTION('',(1.,0.,0.));
#2237=DIRECTION('',(0.,0.,1.));
#2238=DIRECTION('',(0.,0.,1.));
#2239=DIRECTION('',(0.0211716599577704,-0.99977585528689,0.));
#2240=DIRECTION('',(-7.3944535397763E-16,3.46923111907848E-14,1.));
#2241=DIRECTION('',(0.000423196242856595,-0.999999910452466,3.46366871231038E-14));
#2242=DIRECTION('',(-1.30483344242467E-18,6.12184356737591E-17,1.));
#2243=DIRECTION('',(0.000423196242856595,-0.999999910452466,0.));
#2244=DIRECTION('',(0.,0.,1.));
#2245=DIRECTION('',(3.7414009968854E-16,-1.,0.));
#2246=DIRECTION('',(1.,3.7414009968854E-16,0.));
#2247=DIRECTION('',(1.,3.7414009968854E-16,0.));
#2248=DIRECTION('',(1.,3.7414009968854E-16,0.));
#2249=DIRECTION('',(0.,0.,1.));
#2250=DIRECTION('',(1.,2.21384674371917E-16,0.));
#2251=DIRECTION('',(-2.21384674371917E-16,1.,0.));
#2252=DIRECTION('',(-2.21384674371917E-16,1.,0.));
#2253=DIRECTION('',(-2.21384674371917E-16,1.,0.));
#2254=DIRECTION('',(0.,0.,1.));
#2255=DIRECTION('',(-1.79587247850499E-16,1.,0.));
#2256=DIRECTION('',(-1.,-1.79587247850499E-16,0.));
#2257=DIRECTION('',(-1.,-1.79587247850499E-16,0.));
#2258=DIRECTION('',(-1.,-1.79587247850499E-16,0.));
#2259=DIRECTION('',(0.,0.,1.));
#2260=DIRECTION('',(0.,0.,1.));
#2261=DIRECTION('',(0.,0.,1.));
#2262=DIRECTION('',(0.,0.,1.));
#2263=DIRECTION('',(0.,0.,1.));
#2264=DIRECTION('',(0.,-1.,0.));
#2265=DIRECTION('',(0.,0.,-1.));
#2266=DIRECTION('',(1.,0.,0.));
#2267=DIRECTION('',(1.,0.,0.));
#2268=DIRECTION('',(0.,0.,1.));
#2269=DIRECTION('',(1.,2.0407641801193E-16,0.));
#2270=DIRECTION('',(-2.0407641801193E-16,1.,0.));
#2271=DIRECTION('',(-2.0407641801193E-16,1.,0.));
#2272=DIRECTION('',(-2.0407641801193E-16,1.,0.));
#2273=DIRECTION('',(0.,0.,1.));
#2274=DIRECTION('',(0.,1.,0.));
#2275=DIRECTION('',(0.,0.,1.));
#2276=DIRECTION('',(-1.,0.,0.));
#2277=DIRECTION('',(-1.,0.,0.));
#2278=DIRECTION('',(0.,0.,1.));
#2279=DIRECTION('',(0.,0.,1.));
#2280=DIRECTION('',(0.0559205727255298,-0.998435220505591,0.));
#2281=DIRECTION('',(0.,0.,1.));
#2282=DIRECTION('',(1.,0.,0.));
#2283=DIRECTION('',(0.,0.,1.));
#2284=DIRECTION('',(1.,0.,0.));
#2285=DIRECTION('',(0.,0.,1.));
#2286=DIRECTION('',(0.,0.,1.));
#2287=DIRECTION('',(0.186684118848719,-0.982419991536042,0.));
#2288=DIRECTION('',(0.,0.,1.));
#2289=DIRECTION('',(1.,0.,0.));
#2290=DIRECTION('',(0.,0.,1.));
#2291=DIRECTION('',(1.,0.,0.));
#2292=DIRECTION('',(0.,0.,1.));
#2293=DIRECTION('',(0.,0.,1.));
#2294=DIRECTION('',(0.37009901542413,-0.928992313629176,0.));
#2295=DIRECTION('',(0.,0.,1.));
#2296=DIRECTION('',(1.,0.,0.));
#2297=DIRECTION('',(0.,0.,1.));
#2298=DIRECTION('',(1.,0.,0.));
#2299=DIRECTION('',(0.,0.,1.));
#2300=DIRECTION('',(0.,0.,1.));
#2301=DIRECTION('',(0.601278202091061,-0.799039751007508,0.));
#2302=DIRECTION('',(0.,0.,1.));
#2303=DIRECTION('',(1.,0.,0.));
#2304=DIRECTION('',(0.,0.,1.));
#2305=DIRECTION('',(1.,0.,0.));
#2306=DIRECTION('',(0.,0.,1.));
#2307=DIRECTION('',(0.,0.,1.));
#2308=DIRECTION('',(0.842927000872427,-0.538027946486253,0.));
#2309=DIRECTION('',(0.,0.,1.));
#2310=DIRECTION('',(1.,0.,0.));
#2311=DIRECTION('',(0.,0.,1.));
#2312=DIRECTION('',(1.,0.,0.));
#2313=DIRECTION('',(0.,0.,1.));
#2314=DIRECTION('',(0.,0.,1.));
#2315=DIRECTION('',(0.,0.,1.));
#2316=DIRECTION('',(0.97787425778487,0.209193537093499,0.));
#2317=DIRECTION('',(0.,0.,1.));
#2318=DIRECTION('',(1.,0.,0.));
#2319=DIRECTION('',(0.,0.,1.));
#2320=DIRECTION('',(1.,0.,0.));
#2321=DIRECTION('',(0.,0.,1.));
#2322=DIRECTION('',(0.,0.,1.));
#2323=DIRECTION('',(0.816665952491208,0.577110667066229,0.));
#2324=DIRECTION('',(0.,0.,1.));
#2325=DIRECTION('',(1.,0.,0.));
#2326=DIRECTION('',(0.,0.,1.));
#2327=DIRECTION('',(1.,0.,0.));
#2328=DIRECTION('',(0.,0.,1.));
#2329=DIRECTION('',(0.,0.,1.));
#2330=DIRECTION('',(0.571949380336944,0.820288916377752,0.));
#2331=DIRECTION('',(0.,0.,1.));
#2332=DIRECTION('',(1.,0.,0.));
#2333=DIRECTION('',(0.,0.,1.));
#2334=DIRECTION('',(1.,0.,0.));
#2335=DIRECTION('',(0.,0.,1.));
#2336=DIRECTION('',(1.,0.,0.));
#2337=DIRECTION('',(0.,0.,1.));
#2338=DIRECTION('',(1.,0.,0.));
#2339=DIRECTION('',(0.,0.,1.));
#2340=DIRECTION('',(1.,0.,0.));
#2341=DIRECTION('',(0.,-1.,0.));
#2342=DIRECTION('',(0.,0.,-1.));
#2343=DIRECTION('',(1.,0.,0.));
#2344=DIRECTION('',(0.,0.,1.));
#2345=DIRECTION('',(1.,0.,0.));
#2346=DIRECTION('',(0.,0.,1.));
#2347=DIRECTION('',(1.,1.94949248643616E-16,0.));
#2348=DIRECTION('',(-1.94949248643616E-16,1.,0.));
#2349=DIRECTION('',(-1.94949248643616E-16,1.,0.));
#2350=DIRECTION('',(-1.94949248643616E-16,1.,0.));
#2351=DIRECTION('',(0.,0.,1.));
#2352=DIRECTION('',(0.,1.,0.));
#2353=DIRECTION('',(0.,0.,1.));
#2354=DIRECTION('',(-1.,0.,0.));
#2355=DIRECTION('',(-1.,0.,0.));
#2356=DIRECTION('',(0.,0.,1.));
#2357=DIRECTION('',(-1.,-1.94949248643616E-16,0.));
#2358=DIRECTION('',(1.94949248643616E-16,-1.,0.));
#2359=DIRECTION('',(1.94949248643616E-16,-1.,0.));
#2360=DIRECTION('',(1.94949248643616E-16,-1.,0.));
#2361=DIRECTION('',(0.,0.,1.));
#2362=DIRECTION('',(1.,0.,0.));
#2363=DIRECTION('',(0.,0.,1.));
#2364=DIRECTION('',(1.,0.,0.));
#2365=DIRECTION('',(0.,0.,1.));
#2366=DIRECTION('',(1.,0.,0.));
#2367=DIRECTION('',(0.,0.,1.));
#2368=DIRECTION('',(1.,0.,0.));
#2369=DIRECTION('',(0.,0.,1.));
#2370=DIRECTION('',(1.,0.,0.));
#2371=DIRECTION('',(-1.94949248643616E-16,1.,0.));
#2372=DIRECTION('',(1.,0.,0.));
#2373=DIRECTION('',(1.94949248643616E-16,-1.,0.));
#2374=DIRECTION('',(-1.,0.,0.));
#2375=DIRECTION('',(0.,0.,1.));
#2376=DIRECTION('',(1.,0.,0.));
#2377=DIRECTION('',(0.,0.,1.));
#2378=DIRECTION('',(1.,0.,0.));
#2379=DIRECTION('',(0.,0.,1.));
#2380=DIRECTION('',(1.,0.,0.));
#2381=DIRECTION('',(0.,0.,1.));
#2382=DIRECTION('',(1.,0.,0.));
#2383=DIRECTION('',(0.,0.,1.));
#2384=DIRECTION('',(1.,0.,0.));
#2385=DIRECTION('',(0.,0.,1.));
#2386=DIRECTION('',(1.,0.,0.));
#2387=DIRECTION('',(0.,0.,1.));
#2388=DIRECTION('',(1.,0.,0.));
#2389=DIRECTION('',(0.,0.,1.));
#2390=DIRECTION('',(1.,0.,0.));
#2391=DIRECTION('',(0.,0.,1.));
#2392=DIRECTION('',(1.,0.,0.));
#2393=DIRECTION('',(0.,0.,1.));
#2394=DIRECTION('',(1.,0.,0.));
#2395=DIRECTION('',(-1.,0.,0.));
#2396=DIRECTION('',(-2.0407641801193E-16,1.,0.));
#2397=DIRECTION('',(1.,0.,0.));
#2398=DIRECTION('',(-1.,-1.79587247850499E-16,0.));
#2399=DIRECTION('',(-2.21384674371917E-16,1.,0.));
#2400=DIRECTION('',(1.,3.7414009968854E-16,0.));
#2401=DIRECTION('',(-7.3944535397763E-16,3.46923111907848E-14,1.));
#2402=DIRECTION('',(0.000423196242856595,-0.999999910452466,3.46366871231038E-14));
#2403=DIRECTION('',(0.,0.,1.));
#2404=DIRECTION('',(1.,0.,0.));
#2405=DIRECTION('',(0.,0.,1.));
#2406=DIRECTION('',(1.,0.,0.));
#2407=DIRECTION('',(0.,0.,1.));
#2408=DIRECTION('',(1.,0.,0.));
#2409=DIRECTION('',(0.,0.,1.));
#2410=DIRECTION('',(1.,0.,0.));
#2411=DIRECTION('',(0.,0.,1.));
#2412=DIRECTION('',(1.,0.,0.));
#2413=DIRECTION('',(-1.,0.,0.));
#2414=DIRECTION('',(-1.97609207581975E-16,1.,0.));
#2415=DIRECTION('',(1.,0.,0.));
#2416=DIRECTION('',(0.,0.,1.));
#2417=DIRECTION('',(1.,0.,0.));
#2418=DIRECTION('',(0.,0.,1.));
#2419=DIRECTION('',(1.,0.,0.));
#2420=DIRECTION('',(0.,0.,1.));
#2421=DIRECTION('',(1.,0.,0.));
#2422=DIRECTION('',(0.,0.,1.));
#2423=DIRECTION('',(1.,0.,0.));
#2424=DIRECTION('',(0.,0.,1.));
#2425=DIRECTION('',(1.,0.,0.));
#2426=DIRECTION('',(0.,0.,1.));
#2427=DIRECTION('',(1.,0.,0.));
#2428=DIRECTION('',(0.,0.,-1.));
#2429=DIRECTION('',(-1.,0.,0.));
#2430=DIRECTION('',(0.,0.,1.));
#2431=DIRECTION('',(1.,0.,0.));
#2432=DIRECTION('',(0.,0.,-1.));
#2433=DIRECTION('',(0.,0.,1.));
#2434=DIRECTION('',(1.,0.,0.));
#2435=DIRECTION('',(0.,0.,-1.));
#2436=DIRECTION('',(0.,0.,1.));
#2437=DIRECTION('',(1.,0.,0.));
#2438=DIRECTION('',(0.,0.,1.));
#2439=DIRECTION('',(1.,0.,0.));
#2440=DIRECTION('',(0.,0.,-1.));
#2441=DIRECTION('',(-1.,0.,0.));
#2442=DIRECTION('',(0.,-1.,0.));
#2443=DIRECTION('',(0.,0.,1.));
#2444=DIRECTION('',(1.,0.,0.));
#2445=DIRECTION('',(1.,0.,0.));
#2446=DIRECTION('',(0.,0.,1.));
#2447=DIRECTION('',(1.,0.,0.));
#2448=DIRECTION('',(0.,-1.,0.));
#2449=DIRECTION('',(0.,0.,-1.));
#2450=DIRECTION('',(-1.,0.,0.));
#2451=DIRECTION('',(0.,0.,-1.));
#2452=DIRECTION('',(-1.,0.,0.));
#2453=DIRECTION('',(0.,0.,-1.));
#2454=DIRECTION('',(1.,0.,0.));
#2455=DIRECTION('',(0.,0.,1.));
#2456=DIRECTION('',(1.,0.,0.));
#2457=DIRECTION('',(1.,0.,0.));
#2458=DIRECTION('',(0.,0.,-1.));
#2459=DIRECTION('',(0.,0.,-1.));
#2460=DIRECTION('',(0.,-1.,0.));
#2461=DIRECTION('',(0.,1.,0.));
#2462=DIRECTION('',(0.,0.,1.));
#2463=DIRECTION('',(0.,0.,-1.));
#2464=DIRECTION('',(1.,0.,0.));
#2465=DIRECTION('',(0.,0.,-1.));
#2466=DIRECTION('',(1.,0.,0.));
#2467=DIRECTION('',(0.,0.,-1.));
#2468=DIRECTION('',(0.,-1.,0.));
#2469=DIRECTION('',(0.,0.,-1.));
#2470=DIRECTION('',(0.,0.,1.));
#2471=DIRECTION('',(1.,0.,0.));
#2472=DIRECTION('',(0.,0.,1.));
#2473=DIRECTION('',(1.,0.,0.));
#2474=DIRECTION('',(0.,0.,1.));
#2475=DIRECTION('',(1.,0.,0.));
#2476=DIRECTION('',(0.,0.,1.));
#2477=DIRECTION('',(1.,0.,0.));
#2478=DIRECTION('',(0.,0.,-1.));
#2479=DIRECTION('',(-1.,0.,0.));
#2480=DIRECTION('',(0.,-1.,0.));
#2481=DIRECTION('',(0.,0.,-1.));
#2482=DIRECTION('',(0.,0.,1.));
#2483=DIRECTION('',(1.,0.,0.));
#2484=DIRECTION('',(0.,0.,1.));
#2485=DIRECTION('',(1.,1.94949248643616E-16,0.));
#2486=DIRECTION('',(-1.94949248643616E-16,1.,0.));
#2487=DIRECTION('',(0.,0.,1.));
#2488=DIRECTION('',(-1.94949248643616E-16,1.,0.));
#2489=DIRECTION('',(0.,1.,0.));
#2490=DIRECTION('',(0.,0.,1.));
#2491=DIRECTION('',(0.,0.,1.));
#2492=DIRECTION('',(-1.,0.,0.));
#2493=DIRECTION('',(-1.,-1.94949248643616E-16,0.));
#2494=DIRECTION('',(1.94949248643616E-16,-1.,0.));
#2495=DIRECTION('',(1.94949248643616E-16,-1.,0.));
#2496=DIRECTION('',(0.,0.,1.));
#2497=DIRECTION('',(1.,0.,0.));
#2498=DIRECTION('',(0.,0.,1.));
#2499=DIRECTION('',(0.288200599990976,0.957570057053186,0.));
#2500=DIRECTION('',(0.,0.,1.));
#2501=DIRECTION('',(0.,0.,1.));
#2502=DIRECTION('',(1.,0.,0.));
#2503=DIRECTION('',(0.,0.,1.));
#2504=DIRECTION('',(0.,0.,1.));
#2505=DIRECTION('',(0.39614994109639,-0.918185833134735,0.));
#2506=DIRECTION('',(0.,0.,1.));
#2507=DIRECTION('',(0.,0.,1.));
#2508=DIRECTION('',(1.,0.,0.));
#2509=DIRECTION('',(0.,0.,1.));
#2510=DIRECTION('',(0.673693284645178,-0.73901106772767,0.));
#2511=DIRECTION('',(0.,0.,1.));
#2512=DIRECTION('',(0.,0.,1.));
#2513=DIRECTION('',(1.,0.,0.));
#2514=DIRECTION('',(0.,0.,1.));
#2515=DIRECTION('',(0.87029807457848,-0.492525391614475,0.));
#2516=DIRECTION('',(0.,0.,1.));
#2517=DIRECTION('',(0.,0.,1.));
#2518=DIRECTION('',(1.,0.,0.));
#2519=DIRECTION('',(0.,0.,1.));
#2520=DIRECTION('',(0.983972021786551,-0.178322910309605,0.));
#2521=DIRECTION('',(0.,0.,1.));
#2522=DIRECTION('',(0.,0.,1.));
#2523=DIRECTION('',(1.,0.,0.));
#2524=DIRECTION('',(0.,0.,1.));
#2525=DIRECTION('',(0.,0.,1.));
#2526=DIRECTION('',(0.755453409348512,0.6552023704961,0.));
#2527=DIRECTION('',(0.,0.,1.));
#2528=DIRECTION('',(0.,0.,1.));
#2529=DIRECTION('',(1.,0.,0.));
#2530=DIRECTION('',(0.,0.,1.));
#2531=DIRECTION('',(0.411481600957633,0.911418066571726,0.));
#2532=DIRECTION('',(0.,0.,1.));
#2533=DIRECTION('',(0.,0.,1.));
#2534=DIRECTION('',(1.,0.,0.));
#2535=DIRECTION('',(0.,0.,1.));
#2536=DIRECTION('',(0.120270432306101,0.992741166222547,0.));
#2537=DIRECTION('',(0.,0.,1.));
#2538=DIRECTION('',(0.,0.,1.));
#2539=DIRECTION('',(1.,0.,0.));
#2540=DIRECTION('',(0.,-1.,0.));
#2541=DIRECTION('',(0.,0.,-1.));
#2542=DIRECTION('',(0.,0.,1.));
#2543=DIRECTION('',(1.,0.,0.));
#2544=DIRECTION('',(1.,1.97609207581975E-16,0.));
#2545=DIRECTION('',(-1.97609207581975E-16,1.,0.));
#2546=DIRECTION('',(0.,0.,1.));
#2547=DIRECTION('',(-1.97609207581975E-16,1.,0.));
#2548=DIRECTION('',(0.,1.,0.));
#2549=DIRECTION('',(0.,0.,1.));
#2550=DIRECTION('',(0.,0.,1.));
#2551=DIRECTION('',(-1.,0.,0.));
#2552=DIRECTION('',(0.,0.,1.));
#2553=DIRECTION('',(0.,0.,1.));
#2554=DIRECTION('',(0.528255583031162,0.849085413251463,0.));
#2555=DIRECTION('',(0.,0.,1.));
#2556=DIRECTION('',(0.,0.,1.));
#2557=DIRECTION('',(1.,0.,0.));
#2558=DIRECTION('',(0.,0.,1.));
#2559=DIRECTION('',(0.873153189239579,0.487445902763323,0.));
#2560=DIRECTION('',(0.,0.,1.));
#2561=DIRECTION('',(0.,0.,1.));
#2562=DIRECTION('',(1.,0.,0.));
#2563=DIRECTION('',(0.,0.,1.));
#2564=DIRECTION('',(0.991438866641545,0.130571718655031,0.));
#2565=DIRECTION('',(0.,0.,1.));
#2566=DIRECTION('',(0.,0.,1.));
#2567=DIRECTION('',(1.,0.,0.));
#2568=DIRECTION('',(0.,0.,1.));
#2569=DIRECTION('',(0.,0.,1.));
#2570=DIRECTION('',(0.714683479877653,-0.699448013500624,0.));
#2571=DIRECTION('',(0.,0.,1.));
#2572=DIRECTION('',(0.,0.,1.));
#2573=DIRECTION('',(1.,0.,0.));
#2574=DIRECTION('',(0.,0.,1.));
#2575=DIRECTION('',(0.248171741752727,-0.96871605055115,0.));
#2576=DIRECTION('',(0.,0.,1.));
#2577=DIRECTION('',(0.,0.,1.));
#2578=DIRECTION('',(1.,0.,0.));
#2579=DIRECTION('',(0.,0.,1.));
#2580=DIRECTION('',(0.0211716599577704,-0.99977585528689,0.));
#2581=DIRECTION('',(0.,0.,1.));
#2582=DIRECTION('',(-1.30483344242467E-18,6.12184356737591E-17,1.));
#2583=DIRECTION('',(0.000423196242856595,-0.999999910452466,0.));
#2584=DIRECTION('',(3.7414009968854E-16,-1.,0.));
#2585=DIRECTION('',(1.,3.7414009968854E-16,0.));
#2586=DIRECTION('',(0.,0.,1.));
#2587=DIRECTION('',(1.,3.7414009968854E-16,0.));
#2588=DIRECTION('',(1.,2.21384674371917E-16,0.));
#2589=DIRECTION('',(-2.21384674371917E-16,1.,0.));
#2590=DIRECTION('',(0.,0.,1.));
#2591=DIRECTION('',(-2.21384674371917E-16,1.,0.));
#2592=DIRECTION('',(-1.79587247850499E-16,1.,0.));
#2593=DIRECTION('',(-1.,-1.79587247850499E-16,0.));
#2594=DIRECTION('',(0.,0.,1.));
#2595=DIRECTION('',(-1.,-1.79587247850499E-16,0.));
#2596=DIRECTION('',(0.,0.,1.));
#2597=DIRECTION('',(0.,0.,1.));
#2598=DIRECTION('',(0.,0.,1.));
#2599=DIRECTION('',(0.,0.,1.));
#2600=DIRECTION('',(0.,-1.,0.));
#2601=DIRECTION('',(0.,0.,-1.));
#2602=DIRECTION('',(0.,0.,1.));
#2603=DIRECTION('',(1.,0.,0.));
#2604=DIRECTION('',(1.,2.0407641801193E-16,0.));
#2605=DIRECTION('',(-2.0407641801193E-16,1.,0.));
#2606=DIRECTION('',(0.,0.,1.));
#2607=DIRECTION('',(-2.0407641801193E-16,1.,0.));
#2608=DIRECTION('',(0.,1.,0.));
#2609=DIRECTION('',(0.,0.,1.));
#2610=DIRECTION('',(0.,0.,1.));
#2611=DIRECTION('',(-1.,0.,0.));
#2612=DIRECTION('',(0.,0.,1.));
#2613=DIRECTION('',(0.0559205727255298,-0.998435220505591,0.));
#2614=DIRECTION('',(0.,0.,1.));
#2615=DIRECTION('',(0.,0.,1.));
#2616=DIRECTION('',(1.,0.,0.));
#2617=DIRECTION('',(0.,0.,1.));
#2618=DIRECTION('',(0.186684118848719,-0.982419991536042,0.));
#2619=DIRECTION('',(0.,0.,1.));
#2620=DIRECTION('',(0.,0.,1.));
#2621=DIRECTION('',(1.,0.,0.));
#2622=DIRECTION('',(0.,0.,1.));
#2623=DIRECTION('',(0.37009901542413,-0.928992313629176,0.));
#2624=DIRECTION('',(0.,0.,1.));
#2625=DIRECTION('',(0.,0.,1.));
#2626=DIRECTION('',(1.,0.,0.));
#2627=DIRECTION('',(0.,0.,1.));
#2628=DIRECTION('',(0.601278202091061,-0.799039751007508,0.));
#2629=DIRECTION('',(0.,0.,1.));
#2630=DIRECTION('',(0.,0.,1.));
#2631=DIRECTION('',(1.,0.,0.));
#2632=DIRECTION('',(0.,0.,1.));
#2633=DIRECTION('',(0.842927000872427,-0.538027946486253,0.));
#2634=DIRECTION('',(0.,0.,1.));
#2635=DIRECTION('',(0.,0.,1.));
#2636=DIRECTION('',(1.,0.,0.));
#2637=DIRECTION('',(0.,0.,1.));
#2638=DIRECTION('',(0.,0.,1.));
#2639=DIRECTION('',(0.97787425778487,0.209193537093499,0.));
#2640=DIRECTION('',(0.,0.,1.));
#2641=DIRECTION('',(0.,0.,1.));
#2642=DIRECTION('',(1.,0.,0.));
#2643=DIRECTION('',(0.,0.,1.));
#2644=DIRECTION('',(0.816665952491208,0.577110667066229,0.));
#2645=DIRECTION('',(0.,0.,1.));
#2646=DIRECTION('',(0.,0.,1.));
#2647=DIRECTION('',(1.,0.,0.));
#2648=DIRECTION('',(0.,0.,1.));
#2649=DIRECTION('',(0.571949380336944,0.820288916377752,0.));
#2650=DIRECTION('',(0.,0.,1.));
#2651=DIRECTION('',(1.,0.,0.));
#2652=DIRECTION('',(0.,0.,1.));
#2653=DIRECTION('',(1.,0.,0.));
#2654=CARTESIAN_POINT('',(0.,0.,0.));
#2655=CARTESIAN_POINT('',(0.000674556798074706,-0.00098572382952701,0.004));
#2656=CARTESIAN_POINT('',(0.000674556798074706,-0.00098572382952701,0.005));
#2657=CARTESIAN_POINT('',(0.000831626869597407,4.13828735344156E-5,0.005));
#2658=CARTESIAN_POINT('',(0.00112653635580266,-4.95457757971622E-5,0.005));
#2659=CARTESIAN_POINT('',(0.00112657570635112,-4.94687273605416E-5,0.004));
#2660=CARTESIAN_POINT('',(0.00112653635580266,-4.95457757971623E-5,0.004));
#2661=CARTESIAN_POINT('',(0.000674556798074706,-0.00098572382952701,0.004));
#2662=CARTESIAN_POINT('',(0.000830577729405074,4.13345225086666E-5,0.004));
#2663=CARTESIAN_POINT('',(0.000830511953634388,4.13305964742806E-5,0.004));
#2664=CARTESIAN_POINT('',(0.000660787776558434,0.000729408447172094,0.004));
#2665=CARTESIAN_POINT('',(0.000660787776558434,0.000729408447172094,0.005));
#2666=CARTESIAN_POINT('',(0.00105693474837377,0.000140956178577174,0.005));
#2667=CARTESIAN_POINT('',(0.000660787776558434,0.000729408447172094,0.004));
#2668=CARTESIAN_POINT('',(0.0010569363105256,0.000140957190678214,0.00400000000000053));
#2669=CARTESIAN_POINT('',(0.00105702728809466,0.000140823472591161,0.004));
#2670=CARTESIAN_POINT('',(0.000595731503151307,0.000853546277407952,0.004));
#2671=CARTESIAN_POINT('',(0.000595731503151307,0.000853546277407952,0.005));
#2672=CARTESIAN_POINT('',(0.00126523841426363,0.000331078384507267,0.005));
#2673=CARTESIAN_POINT('',(0.000595731503151307,0.000853546277407952,0.004));
#2674=CARTESIAN_POINT('',(0.00126523849154935,0.000331078484465791,0.00400000025));
#2675=CARTESIAN_POINT('',(0.00126518956773726,0.000331115672542864,0.004));
#2676=CARTESIAN_POINT('',(0.000436198631055825,0.000972073438751689,0.004));
#2677=CARTESIAN_POINT('',(0.000436198631055825,0.000972073438751689,0.005));
#2678=CARTESIAN_POINT('',(0.00141639749586004,0.000600119233700997,0.005));
#2679=CARTESIAN_POINT('',(0.000436198631055825,0.000972073438751689,0.004));
#2680=CARTESIAN_POINT('',(0.00141639752736935,0.000600119317103587,0.00400000025));
#2681=CARTESIAN_POINT('',(0.00141636078241971,0.000600132818159865,0.004));
#2682=CARTESIAN_POINT('',(0.000549675112667266,0.000927564891224199,0.004));
#2683=CARTESIAN_POINT('',(0.000549675112667266,0.000927564891224199,0.005));
#2684=CARTESIAN_POINT('',(0.00147673267326733,0.000940630282540449,0.005));
#2685=CARTESIAN_POINT('',(0.000549675112667266,0.000927564891224199,0.004));
#2686=CARTESIAN_POINT('',(0.00147673267326733,0.000940630282540449,0.004));
#2687=CARTESIAN_POINT('',(0.00147673267326733,0.000940630282540449,0.004));
#2688=CARTESIAN_POINT('',(0.00135598889157208,0.00149363680270466,0.004));
#2689=CARTESIAN_POINT('',(0.00135598889157208,0.00149363680270466,0.005));
#2690=CARTESIAN_POINT('',(0.00143648474603558,0.0013387627787169,0.004));
#2691=CARTESIAN_POINT('',(0.00143648474603558,0.0013387627787169,0.005));
#2692=CARTESIAN_POINT('',(0.00147673267326733,0.00115442727199549,0.004));
#2693=CARTESIAN_POINT('',(0.00147673267326733,0.00115442727199549,0.005));
#2694=CARTESIAN_POINT('',(0.00147673267326733,0.000940630282540449,0.004));
#2695=CARTESIAN_POINT('',(0.00147673267326733,0.000940630282540449,0.005));
#2696=CARTESIAN_POINT('',(0.00135598889157208,0.00149363680270466,0.005));
#2697=CARTESIAN_POINT('',(0.00147673267326733,0.00126132576672301,0.005));
#2698=CARTESIAN_POINT('',(0.00147673267326733,0.000940630282540449,0.005));
#2699=CARTESIAN_POINT('',(0.00135598889157208,0.00149363680270466,0.005));
#2700=CARTESIAN_POINT('',(0.00135598889157208,0.00149363680270466,0.004));
#2701=CARTESIAN_POINT('',(0.00147673267326733,0.00126132576672301,0.004));
#2702=CARTESIAN_POINT('',(0.00147673267326733,0.000940630282540449,0.004));
#2703=CARTESIAN_POINT('',(0.00135598889157208,0.00149363680270466,0.004));
#2704=CARTESIAN_POINT('',(0.00135598889157208,0.00149363680270466,0.004));
#2705=CARTESIAN_POINT('',(0.0004280514189814,0.00102234278293171,0.004));
#2706=CARTESIAN_POINT('',(0.0004280514189814,0.00102234278293171,0.005));
#2707=CARTESIAN_POINT('',(0.00103007602972436,0.00187097637916034,0.005));
#2708=CARTESIAN_POINT('',(0.0004280514189814,0.00102234278293171,0.004));
#2709=CARTESIAN_POINT('',(0.00103007600767529,0.00187097639039454,0.00400000025));
#2710=CARTESIAN_POINT('',(0.00102998068099493,0.0018708403767206,0.004));
#2711=CARTESIAN_POINT('',(0.000237192866372192,0.000728137343711026,0.004));
#2712=CARTESIAN_POINT('',(0.000237192866372192,0.000728137343711026,0.005));
#2713=CARTESIAN_POINT('',(0.000559047524327629,0.0020817588675274,0.005));
#2714=CARTESIAN_POINT('',(0.000237192866372192,0.000728137343711026,0.004));
#2715=CARTESIAN_POINT('',(0.000559046724882593,0.00208175906489002,0.00400000000000053));
#2716=CARTESIAN_POINT('',(0.000559079932383482,0.00208190050712388,0.004));
#2717=CARTESIAN_POINT('',(1.64064996717495E-5,-0.000117332334998706,0.004));
#2718=CARTESIAN_POINT('',(1.64064996717495E-5,-0.000117332334998706,0.005));
#2719=CARTESIAN_POINT('',(9.45441670634846E-6,0.00214800990265524,0.005));
#2720=CARTESIAN_POINT('',(1.64064996717495E-5,-0.000117332334998706,0.004));
#2721=CARTESIAN_POINT('',(9.45441670634846E-6,0.00214800990265524,0.004));
#2722=CARTESIAN_POINT('',(9.4542381067369E-6,0.00214806809949287,0.004));
#2723=CARTESIAN_POINT('',(-0.000144614827336393,0.00214806809949287,0.004));
#2724=CARTESIAN_POINT('',(-0.000144614827336393,0.00214806809949287,0.005));
#2725=CARTESIAN_POINT('',(-0.000298683892779523,0.00214806809949287,0.005));
#2726=CARTESIAN_POINT('',(-0.000144614827336393,0.00214806809949287,0.004));
#2727=CARTESIAN_POINT('',(-0.000298683892779523,0.00214806809949287,0.004));
#2728=CARTESIAN_POINT('',(-0.000298683892779523,0.00214806809949287,0.004));
#2729=CARTESIAN_POINT('',(-0.000298683892779523,0.00187373822748128,0.004));
#2730=CARTESIAN_POINT('',(-0.000298683892779523,0.00187373822748128,0.005));
#2731=CARTESIAN_POINT('',(-0.000298683892779523,0.00159940835546969,0.005));
#2732=CARTESIAN_POINT('',(-0.000298683892779523,0.00187373822748128,0.004));
#2733=CARTESIAN_POINT('',(-0.000298683892779523,0.00159940835546969,0.004));
#2734=CARTESIAN_POINT('',(-0.000298683892779523,0.00159940835546969,0.004));
#2735=CARTESIAN_POINT('',(-0.000180837961844966,0.00159940835546969,0.004));
#2736=CARTESIAN_POINT('',(-0.000180837961844966,0.00159940835546969,0.005));
#2737=CARTESIAN_POINT('',(-6.29920309104086E-5,0.00159940835546969,0.005));
#2738=CARTESIAN_POINT('',(-0.000180837961844966,0.00159940835546969,0.004));
#2739=CARTESIAN_POINT('',(-6.29920309104086E-5,0.00159940835546969,0.004));
#2740=CARTESIAN_POINT('',(-6.29920309104086E-5,0.00159940835546969,0.004));
#2741=CARTESIAN_POINT('',(0.000384242936488771,0.00153903646462207,0.004));
#2742=CARTESIAN_POINT('',(0.000384242936488771,0.00153903646462207,0.005));
#2743=CARTESIAN_POINT('',(0.000271548740239877,0.00157928439185382,0.004));
#2744=CARTESIAN_POINT('',(0.000271548740239877,0.00157928439185382,0.005));
#2745=CARTESIAN_POINT('',(0.000122470417773484,0.00159940835546969,0.004));
#2746=CARTESIAN_POINT('',(0.000122470417773484,0.00159940835546969,0.005));
#2747=CARTESIAN_POINT('',(-6.29920309104086E-5,0.00159940835546969,0.004));
#2748=CARTESIAN_POINT('',(-6.29920309104086E-5,0.00159940835546969,0.005));
#2749=CARTESIAN_POINT('',(0.000384242936488771,0.00153903646462207,0.005));
#2750=CARTESIAN_POINT('',(0.000215201642115431,0.00159940835546969,0.005));
#2751=CARTESIAN_POINT('',(-6.29920309104086E-5,0.00159940835546969,0.005));
#2752=CARTESIAN_POINT('',(0.000384242936488771,0.00153903646462207,0.005));
#2753=CARTESIAN_POINT('',(0.000384242936488771,0.00153903646462207,0.004));
#2754=CARTESIAN_POINT('',(0.000215201642115431,0.00159940835546969,0.004));
#2755=CARTESIAN_POINT('',(-6.29920309104086E-5,0.00159940835546969,0.004));
#2756=CARTESIAN_POINT('',(0.000384242936488771,0.00153903646462207,0.004));
#2757=CARTESIAN_POINT('',(0.000384242936488771,0.00153903646462207,0.004));
#2758=CARTESIAN_POINT('',(0.000189271265124231,0.000916151225138786,0.004));
#2759=CARTESIAN_POINT('',(0.000189271265124231,0.000916151225138786,0.005));
#2760=CARTESIAN_POINT('',(0.000643846646854558,0.00138232766477418,0.005));
#2761=CARTESIAN_POINT('',(0.000189271265124231,0.000916151225138786,0.004));
#2762=CARTESIAN_POINT('',(0.000643846646852514,0.00138232766477211,0.00400000025));
#2763=CARTESIAN_POINT('',(0.000643600579570152,0.00138206954841826,0.004));
#2764=CARTESIAN_POINT('',(0.000290071462106984,0.00104073931631207,0.004));
#2765=CARTESIAN_POINT('',(0.000290071462106984,0.00104073931631207,0.005));
#2766=CARTESIAN_POINT('',(0.000764371937029527,0.00116763603965092,0.005));
#2767=CARTESIAN_POINT('',(0.000290071462106984,0.00104073931631207,0.004));
#2768=CARTESIAN_POINT('',(0.000764371929805508,0.00116763606664076,0.00400000024999997));
#2769=CARTESIAN_POINT('',(0.000764344361265395,0.0011676285921275,0.004));
#2770=CARTESIAN_POINT('',(-0.000113263578312759,0.000933370322400812,0.004));
#2771=CARTESIAN_POINT('',(-0.000113263578312759,0.000933370322400812,0.005));
#2772=CARTESIAN_POINT('',(0.000794771794252596,0.000940630282540449,0.005));
#2773=CARTESIAN_POINT('',(-0.000113263578312759,0.000933370322400812,0.004));
#2774=CARTESIAN_POINT('',(0.000794771794252596,0.000940630282540449,0.004));
#2775=CARTESIAN_POINT('',(0.000794771794252596,0.000940630282540449,0.004));
#2776=CARTESIAN_POINT('',(0.000718944699347984,0.000524305723255252,0.004));
#2777=CARTESIAN_POINT('',(0.000718944699347984,0.000524305723255252,0.005));
#2778=CARTESIAN_POINT('',(0.000769496095951059,0.000620900748611446,0.004));
#2779=CARTESIAN_POINT('',(0.000769496095951059,0.000620900748611446,0.005));
#2780=CARTESIAN_POINT('',(0.000794771794252596,0.000759675601706512,0.004));
#2781=CARTESIAN_POINT('',(0.000794771794252596,0.000759675601706512,0.005));
#2782=CARTESIAN_POINT('',(0.000794771794252596,0.000940630282540449,0.004));
#2783=CARTESIAN_POINT('',(0.000794771794252596,0.000940630282540449,0.005));
#2784=CARTESIAN_POINT('',(0.000718944699347984,0.000524305723255252,0.005));
#2785=CARTESIAN_POINT('',(0.000794771794252596,0.000669198261289543,0.005));
#2786=CARTESIAN_POINT('',(0.000794771794252596,0.000940630282540449,0.005));
#2787=CARTESIAN_POINT('',(0.000718944699347984,0.000524305723255252,0.005));
#2788=CARTESIAN_POINT('',(0.000718944699347984,0.000524305723255252,0.004));
#2789=CARTESIAN_POINT('',(0.000794771794252596,0.000669198261289543,0.004));
#2790=CARTESIAN_POINT('',(0.000794771794252596,0.000940630282540449,0.004));
#2791=CARTESIAN_POINT('',(0.000718944699347984,0.000524305723255252,0.004));
#2792=CARTESIAN_POINT('',(0.000718944699347984,0.000524305723255252,0.004));
#2793=CARTESIAN_POINT('',(0.000306090458171652,0.000719396031505823,0.004));
#2794=CARTESIAN_POINT('',(0.000306090458171652,0.000719396031505823,0.005));
#2795=CARTESIAN_POINT('',(0.000522552546293778,0.000318720951619616,0.005));
#2796=CARTESIAN_POINT('',(0.000306090458171652,0.000719396031505823,0.004));
#2797=CARTESIAN_POINT('',(0.000522548060881883,0.000318718768124616,0.004));
#2798=CARTESIAN_POINT('',(0.000522373822748128,0.000319041294373339,0.004));
#2799=CARTESIAN_POINT('',(0.000240335496913039,0.000884473620449319,0.004));
#2800=CARTESIAN_POINT('',(0.000240335496913039,0.000884473620449319,0.005));
#2801=CARTESIAN_POINT('',(0.000263014480860422,0.000252921009483924,0.005));
#2802=CARTESIAN_POINT('',(0.000240335496913039,0.000884473620449319,0.004));
#2803=CARTESIAN_POINT('',(0.000263014480860422,0.000252921009483924,0.004));
#2804=CARTESIAN_POINT('',(0.000263016179666747,0.000252873702004346,0.004));
#2805=CARTESIAN_POINT('',(-1.2125807743613E-5,0.0067584278091789,0.004));
#2806=CARTESIAN_POINT('',(-1.16541812504672E-5,0.00675792099424991,0.00499999999999977));
#2807=CARTESIAN_POINT('',(-8.89881671093979E-6,0.000247078000482975,0.005));
#2808=CARTESIAN_POINT('',(-1.16541812504672E-5,0.00675792099424991,0.004));
#2809=CARTESIAN_POINT('',(-8.89881671093979E-6,0.000247078000482975,0.004));
#2810=CARTESIAN_POINT('',(-8.89881671093979E-6,0.000247078000482975,0.004));
#2811=CARTESIAN_POINT('',(-0.000153791354745231,0.000247078000482975,0.004));
#2812=CARTESIAN_POINT('',(-0.000153791354745231,0.000247078000482975,0.005));
#2813=CARTESIAN_POINT('',(-0.000298683892779523,0.000247078000482975,0.005));
#2814=CARTESIAN_POINT('',(-0.000153791354745231,0.000247078000482975,0.004));
#2815=CARTESIAN_POINT('',(-0.000298683892779523,0.000247078000482975,0.004));
#2816=CARTESIAN_POINT('',(-0.000298683892779523,0.000247078000482975,0.004));
#2817=CARTESIAN_POINT('',(-0.000298683892779522,2.20961120502212E-6,0.004));
#2818=CARTESIAN_POINT('',(-0.000298683892779522,2.20961120502212E-6,0.005));
#2819=CARTESIAN_POINT('',(-0.000298683892779522,-0.00024265877807293,0.005));
#2820=CARTESIAN_POINT('',(-0.000298683892779522,2.20961120502212E-6,0.004));
#2821=CARTESIAN_POINT('',(-0.000298683892779522,-0.00024265877807293,0.004));
#2822=CARTESIAN_POINT('',(-0.000298683892779522,-0.00024265877807293,0.004));
#2823=CARTESIAN_POINT('',(3.17556145858482E-6,-0.00024265877807293,0.004));
#2824=CARTESIAN_POINT('',(3.17556145858482E-6,-0.00024265877807293,0.005));
#2825=CARTESIAN_POINT('',(0.000305035015696692,-0.00024265877807293,0.005));
#2826=CARTESIAN_POINT('',(3.17556145858482E-6,-0.00024265877807293,0.004));
#2827=CARTESIAN_POINT('',(0.000305035015696692,-0.00024265877807293,0.004));
#2828=CARTESIAN_POINT('',(0.000305035015696692,-0.00024265877807293,0.004));
#2829=CARTESIAN_POINT('',(0.000854660709973437,-0.000465793286645739,0.004));
#2830=CARTESIAN_POINT('',(0.000854660709973437,-0.000465793286645739,0.005));
#2831=CARTESIAN_POINT('',(0.000729731143846092,-0.0003170369475972,0.004));
#2832=CARTESIAN_POINT('',(0.000729731143846092,-0.0003170369475972,0.005));
#2833=CARTESIAN_POINT('',(0.000546522579087177,-0.00024265877807293,0.004));
#2834=CARTESIAN_POINT('',(0.000546522579087177,-0.00024265877807293,0.005));
#2835=CARTESIAN_POINT('',(0.000305035015696692,-0.00024265877807293,0.004));
#2836=CARTESIAN_POINT('',(0.000305035015696692,-0.00024265877807293,0.005));
#2837=CARTESIAN_POINT('',(0.000854660709973437,-0.000465793286645739,0.005));
#2838=CARTESIAN_POINT('',(0.00066726636078242,-0.00024265877807293,0.005));
#2839=CARTESIAN_POINT('',(0.000305035015696692,-0.00024265877807293,0.005));
#2840=CARTESIAN_POINT('',(0.000854660709973437,-0.000465793286645739,0.005));
#2841=CARTESIAN_POINT('',(0.000854660709973437,-0.000465793286645739,0.004));
#2842=CARTESIAN_POINT('',(0.00066726636078242,-0.00024265877807293,0.004));
#2843=CARTESIAN_POINT('',(0.000305035015696692,-0.00024265877807293,0.004));
#2844=CARTESIAN_POINT('',(0.000854660709973437,-0.000465793286645739,0.004));
#2845=CARTESIAN_POINT('',(0.000854660709973437,-0.000465793286645739,0.004));
#2846=CARTESIAN_POINT('',(0.00104205505916445,-0.00101541898092248,0.004));
#2847=CARTESIAN_POINT('',(0.00104205505916445,-0.00101541898092248,0.005));
#2848=CARTESIAN_POINT('',(0.00104205505916445,-0.000797758190453192,0.004));
#2849=CARTESIAN_POINT('',(0.00104205505916445,-0.000797758190453192,0.005));
#2850=CARTESIAN_POINT('',(0.00097959027610078,-0.000614549625694278,0.004));
#2851=CARTESIAN_POINT('',(0.00097959027610078,-0.000614549625694278,0.005));
#2852=CARTESIAN_POINT('',(0.000854660709973437,-0.000465793286645739,0.004));
#2853=CARTESIAN_POINT('',(0.000854660709973437,-0.000465793286645739,0.005));
#2854=CARTESIAN_POINT('',(0.00104205505916445,-0.00101541898092248,0.005));
#2855=CARTESIAN_POINT('',(0.00104205505916445,-0.000688927795218547,0.005));
#2856=CARTESIAN_POINT('',(0.000854660709973437,-0.000465793286645739,0.005));
#2857=CARTESIAN_POINT('',(0.00104205505916445,-0.00101541898092248,0.005));
#2858=CARTESIAN_POINT('',(0.00104205505916445,-0.00101541898092248,0.004));
#2859=CARTESIAN_POINT('',(0.00104205505916445,-0.000688927795218547,0.004));
#2860=CARTESIAN_POINT('',(0.000854660709973437,-0.000465793286645739,0.004));
#2861=CARTESIAN_POINT('',(0.00104205505916445,-0.00101541898092248,0.004));
#2862=CARTESIAN_POINT('',(0.00104205505916445,-0.00101541898092248,0.004));
#2863=CARTESIAN_POINT('',(0.00086093938662159,-0.00156456170007245,0.004));
#2864=CARTESIAN_POINT('',(0.00086093938662159,-0.00156456170007245,0.005));
#2865=CARTESIAN_POINT('',(0.000981683168316833,-0.00142771874748451,0.004));
#2866=CARTESIAN_POINT('',(0.000981683168316833,-0.00142771874748451,0.005));
#2867=CARTESIAN_POINT('',(0.00104205505916445,-0.00124467117443452,0.004));
#2868=CARTESIAN_POINT('',(0.00104205505916445,-0.00124467117443452,0.005));
#2869=CARTESIAN_POINT('',(0.00104205505916445,-0.00101541898092248,0.004));
#2870=CARTESIAN_POINT('',(0.00104205505916445,-0.00101541898092248,0.005));
#2871=CARTESIAN_POINT('',(0.00086093938662159,-0.00156456170007245,0.005));
#2872=CARTESIAN_POINT('',(0.00104205505916445,-0.00135929727119053,0.005));
#2873=CARTESIAN_POINT('',(0.00104205505916445,-0.00101541898092248,0.005));
#2874=CARTESIAN_POINT('',(0.00086093938662159,-0.00156456170007245,0.005));
#2875=CARTESIAN_POINT('',(0.00086093938662159,-0.00156456170007245,0.004));
#2876=CARTESIAN_POINT('',(0.00104205505916445,-0.00135929727119053,0.004));
#2877=CARTESIAN_POINT('',(0.00104205505916445,-0.00101541898092248,0.004));
#2878=CARTESIAN_POINT('',(0.00086093938662159,-0.00156456170007245,0.004));
#2879=CARTESIAN_POINT('',(0.00086093938662159,-0.00156456170007245,0.004));
#2880=CARTESIAN_POINT('',(0.000360094180149723,-0.00176982612895436,0.004));
#2881=CARTESIAN_POINT('',(0.000360094180149723,-0.00176982612895436,0.005));
#2882=CARTESIAN_POINT('',(0.000573247202769058,-0.00176982612895436,0.004));
#2883=CARTESIAN_POINT('',(0.000573247202769058,-0.00176982612895436,0.005));
#2884=CARTESIAN_POINT('',(0.000740195604926347,-0.00170140465266039,0.004));
#2885=CARTESIAN_POINT('',(0.000740195604926347,-0.00170140465266039,0.005));
#2886=CARTESIAN_POINT('',(0.00086093938662159,-0.00156456170007245,0.004));
#2887=CARTESIAN_POINT('',(0.00086093938662159,-0.00156456170007245,0.005));
#2888=CARTESIAN_POINT('',(0.000360094180149723,-0.00176982612895436,0.005));
#2889=CARTESIAN_POINT('',(0.000679823714078725,-0.00176982612895436,0.005));
#2890=CARTESIAN_POINT('',(0.00086093938662159,-0.00156456170007245,0.005));
#2891=CARTESIAN_POINT('',(0.000360094180149723,-0.00176982612895436,0.005));
#2892=CARTESIAN_POINT('',(0.000360094180149723,-0.00176982612895436,0.004));
#2893=CARTESIAN_POINT('',(0.000679823714078725,-0.00176982612895436,0.004));
#2894=CARTESIAN_POINT('',(0.00086093938662159,-0.00156456170007245,0.004));
#2895=CARTESIAN_POINT('',(0.000360094180149723,-0.00176982612895436,0.004));
#2896=CARTESIAN_POINT('',(0.000360094180149723,-0.00176982612895436,0.004));
#2897=CARTESIAN_POINT('',(3.07051436851004E-5,-0.00176982612895436,0.004));
#2898=CARTESIAN_POINT('',(3.07051436851004E-5,-0.00176982612895436,0.005));
#2899=CARTESIAN_POINT('',(-0.000298683892779522,-0.00176982612895436,0.005));
#2900=CARTESIAN_POINT('',(3.07051436851004E-5,-0.00176982612895436,0.004));
#2901=CARTESIAN_POINT('',(-0.000298683892779522,-0.00176982612895436,0.004));
#2902=CARTESIAN_POINT('',(-0.000298683892779522,-0.00176982612895436,0.004));
#2903=CARTESIAN_POINT('',(-0.000298683892779522,-0.0020354624486839,0.004));
#2904=CARTESIAN_POINT('',(-0.000298683892779522,-0.0020354624486839,0.005));
#2905=CARTESIAN_POINT('',(-0.000298683892779522,-0.00230109876841343,0.005));
#2906=CARTESIAN_POINT('',(-0.000298683892779522,-0.0020354624486839,0.004));
#2907=CARTESIAN_POINT('',(-0.000298683892779522,-0.00230109876841343,0.004));
#2908=CARTESIAN_POINT('',(-0.000298683892779522,-0.00230109876841343,0.004));
#2909=CARTESIAN_POINT('',(5.14730741366824E-5,-0.00230109876841343,0.004));
#2910=CARTESIAN_POINT('',(5.14730741366824E-5,-0.00230109876841343,0.005));
#2911=CARTESIAN_POINT('',(0.000401634101624649,-0.00230121393221768,0.005));
#2912=CARTESIAN_POINT('',(5.14730741366824E-5,-0.00230109876841343,0.004));
#2913=CARTESIAN_POINT('',(0.000401634101624649,-0.00230121393221769,0.00400000025));
#2914=CARTESIAN_POINT('',(0.000401630041052887,-0.00230109876841343,0.004));
#2915=CARTESIAN_POINT('',(0.000306002703391268,0.000411033571079105,0.004));
#2916=CARTESIAN_POINT('',(0.000306002703391268,0.000411033571079105,0.005));
#2917=CARTESIAN_POINT('',(0.000552811335771003,-0.00229201459864321,0.005));
#2918=CARTESIAN_POINT('',(0.000306002703391268,0.000411033571079105,0.004));
#2919=CARTESIAN_POINT('',(0.000552811635189655,-0.00229201456890428,0.00400000025));
#2920=CARTESIAN_POINT('',(0.00055280125573533,-0.00229192224100459,0.004));
#2921=CARTESIAN_POINT('',(0.000414586132147197,-0.0009003336938721,0.004));
#2922=CARTESIAN_POINT('',(0.000414586132147197,-0.0009003336938721,0.005));
#2923=CARTESIAN_POINT('',(0.0008155258025172,-0.00224068375036741,0.005));
#2924=CARTESIAN_POINT('',(0.000414586132147197,-0.0009003336938721,0.004));
#2925=CARTESIAN_POINT('',(0.000815526193535957,-0.00224068363592611,0.00400000000000047));
#2926=CARTESIAN_POINT('',(0.000815539724704178,-0.00224072687756581,0.004));
#2927=CARTESIAN_POINT('',(0.000335774178476068,-0.000605081137980182,0.004));
#2928=CARTESIAN_POINT('',(0.000335774178476068,-0.000605081137980182,0.005));
#2929=CARTESIAN_POINT('',(0.00112368323550629,-0.00211709565164563,0.005));
#2930=CARTESIAN_POINT('',(0.000335774178476068,-0.000605081137980182,0.004));
#2931=CARTESIAN_POINT('',(0.00112368322504033,-0.00211709565709933,0.00400000025));
#2932=CARTESIAN_POINT('',(0.00112367785559044,-0.00211708524510988,0.004));
#2933=CARTESIAN_POINT('',(0.000614298701256022,-0.00113903278302025,0.004));
#2934=CARTESIAN_POINT('',(0.000614298701256022,-0.00113903278302025,0.005));
#2935=CARTESIAN_POINT('',(0.00141938954530075,-0.00189358623800904,0.005));
#2936=CARTESIAN_POINT('',(0.000614298701256022,-0.00113903278302025,0.004));
#2937=CARTESIAN_POINT('',(0.00141938954530075,-0.00189358623800904,0.00400000025));
#2938=CARTESIAN_POINT('',(0.00141925863318039,-0.00189346776141029,0.004));
#2939=CARTESIAN_POINT('',(0.000561722769640189,-0.00110582635066255,0.004));
#2940=CARTESIAN_POINT('',(0.000561722769640189,-0.00110582635066255,0.005));
#2941=CARTESIAN_POINT('',(0.00164577396764066,-0.00153413426708524,0.005));
#2942=CARTESIAN_POINT('',(0.000561722769640189,-0.00110582635066255,0.004));
#2943=CARTESIAN_POINT('',(0.00164577396764066,-0.00153413426708524,0.004));
#2944=CARTESIAN_POINT('',(0.00164577396764066,-0.00153413426708524,0.004));
#2945=CARTESIAN_POINT('',(0.00173657329147549,-0.00101541898092248,0.004));
#2946=CARTESIAN_POINT('',(0.00173657329147549,-0.00101541898092248,0.005));
#2947=CARTESIAN_POINT('',(0.00173657329147549,-0.00121633663366337,0.004));
#2948=CARTESIAN_POINT('',(0.00173657329147549,-0.00121633663366337,0.005));
#2949=CARTESIAN_POINT('',(0.00170630685019722,-0.00138924172905096,0.004));
#2950=CARTESIAN_POINT('',(0.00170630685019722,-0.00138924172905096,0.005));
#2951=CARTESIAN_POINT('',(0.00164577396764066,-0.00153413426708524,0.004));
#2952=CARTESIAN_POINT('',(0.00164577396764066,-0.00153413426708524,0.005));
#2953=CARTESIAN_POINT('',(0.00173657329147549,-0.00101541898092248,0.005));
#2954=CARTESIAN_POINT('',(0.00173657329147549,-0.00131679546003381,0.005));
#2955=CARTESIAN_POINT('',(0.00164577396764066,-0.00153413426708524,0.005));
#2956=CARTESIAN_POINT('',(0.00173657329147549,-0.00101541898092248,0.005));
#2957=CARTESIAN_POINT('',(0.00173657329147549,-0.00101541898092248,0.004));
#2958=CARTESIAN_POINT('',(0.00173657329147549,-0.00131679546003381,0.004));
#2959=CARTESIAN_POINT('',(0.00164577396764066,-0.00153413426708524,0.004));
#2960=CARTESIAN_POINT('',(0.00173657329147549,-0.00101541898092248,0.004));
#2961=CARTESIAN_POINT('',(0.00173657329147549,-0.00101541898092248,0.004));
#2962=CARTESIAN_POINT('',(0.000729910118477957,-0.000992275918908978,0.004));
#2963=CARTESIAN_POINT('',(0.000729910118477957,-0.000992275918908978,0.005));
#2964=CARTESIAN_POINT('',(0.00164594793616432,-0.000577283392934002,0.005));
#2965=CARTESIAN_POINT('',(0.000729910118477957,-0.000992275918908978,0.004));
#2966=CARTESIAN_POINT('',(0.00164594793616268,-0.000577283392934751,0.00400000025));
#2967=CARTESIAN_POINT('',(0.00164577396764066,-0.000577360540932143,0.004));
#2968=CARTESIAN_POINT('',(0.000623723841950323,-0.00105194776930563,0.004));
#2969=CARTESIAN_POINT('',(0.000623723841950323,-0.00105194776930563,0.005));
#2970=CARTESIAN_POINT('',(0.00141926891664517,-0.000254722668901926,0.005));
#2971=CARTESIAN_POINT('',(0.000623723841950323,-0.00105194776930563,0.004));
#2972=CARTESIAN_POINT('',(0.00141926888414722,-0.000254722636431819,0.00400000025));
#2973=CARTESIAN_POINT('',(0.00141925863318039,-0.000254733156242454,0.004));
#2974=CARTESIAN_POINT('',(0.000680836814424577,-0.000993788202647875,0.004));
#2975=CARTESIAN_POINT('',(0.000680836814424577,-0.000993788202647875,0.005));
#2976=CARTESIAN_POINT('',(0.000680836814424577,-0.000993788202647875,0.004));
#2977=CARTESIAN_POINT('',(8.67361737988404E-19,-2.60208521396521E-18,0.004));
#2978=CARTESIAN_POINT('',(8.67361737988404E-19,-2.60208521396521E-18,0.005));
#2979=CARTESIAN_POINT('',(0.,0.,0.));
#2980=CARTESIAN_POINT('',(-0.000908198502777108,0.00214806809949287,0.004));
#2981=CARTESIAN_POINT('',(-0.000908198502777108,0.00214806809949287,0.005));
#2982=CARTESIAN_POINT('',(-0.00127042984786284,0.00214806809949287,0.005));
#2983=CARTESIAN_POINT('',(-0.00054596715769138,0.00214806809949287,0.005));
#2984=CARTESIAN_POINT('',(-0.00054596715769138,0.00214806809949287,0.004));
#2985=CARTESIAN_POINT('',(-0.00054596715769138,0.00214806809949287,0.004));
#2986=CARTESIAN_POINT('',(-0.000908198502777108,0.00214806809949287,0.004));
#2987=CARTESIAN_POINT('',(-0.00127042984786284,0.00214806809949287,0.004));
#2988=CARTESIAN_POINT('',(-0.00127042984786284,0.00214806809949287,0.004));
#2989=CARTESIAN_POINT('',(-0.00127042984786284,-7.65153344602764E-5,0.004));
#2990=CARTESIAN_POINT('',(-0.00127042984786284,-7.65153344602764E-5,0.005));
#2991=CARTESIAN_POINT('',(-0.00127042984786283,-0.00230109876841343,0.005));
#2992=CARTESIAN_POINT('',(-0.00127042984786284,-7.65153344602764E-5,0.004));
#2993=CARTESIAN_POINT('',(-0.00127042984786283,-0.00230109876841343,0.004));
#2994=CARTESIAN_POINT('',(-0.00127042984786283,-0.00230109876841343,0.004));
#2995=CARTESIAN_POINT('',(-0.000908198502777107,-0.00230109876841343,0.004));
#2996=CARTESIAN_POINT('',(-0.000908198502777107,-0.00230109876841343,0.005));
#2997=CARTESIAN_POINT('',(-0.000545967157691379,-0.00230109876841343,0.005));
#2998=CARTESIAN_POINT('',(-0.000908198502777107,-0.00230109876841343,0.004));
#2999=CARTESIAN_POINT('',(-0.000545967157691379,-0.00230109876841343,0.004));
#3000=CARTESIAN_POINT('',(-0.000545967157691379,-0.00230109876841343,0.004));
#3001=CARTESIAN_POINT('',(-0.000545967157691379,-7.6515334460276E-5,0.004));
#3002=CARTESIAN_POINT('',(-0.000545967157691379,-7.6515334460276E-5,0.005));
#3003=CARTESIAN_POINT('',(-0.000545967157691379,-7.6515334460276E-5,0.004));
#3004=CARTESIAN_POINT('',(8.67361737988404E-19,-2.60208521396521E-18,0.004));
#3005=CARTESIAN_POINT('',(8.67361737988404E-19,-2.60208521396521E-18,0.005));
#3006=CARTESIAN_POINT('',(0.,0.,0.));
#3007=CARTESIAN_POINT('',(0.,-0.00075,0.005));
#3008=CARTESIAN_POINT('',(8.02635995939691E-19,-3.03576608295941E-18,0.005));
#3009=CARTESIAN_POINT('',(0.002925,-3.03576608295941E-18,0.005));
#3010=CARTESIAN_POINT('',(-0.00127042984786284,-7.65153344602764E-5,0.005));
#3011=CARTESIAN_POINT('',(-0.00127042984786283,-0.00230109876841343,0.005));
#3012=CARTESIAN_POINT('',(-0.00127042984786284,0.00214806809949287,0.005));
#3013=CARTESIAN_POINT('',(-0.000908198502777108,0.00214806809949287,0.005));
#3014=CARTESIAN_POINT('',(-0.00054596715769138,0.00214806809949287,0.005));
#3015=CARTESIAN_POINT('',(-0.000545967157691379,-7.6515334460276E-5,0.005));
#3016=CARTESIAN_POINT('',(-0.000545967157691379,-0.00230109876841343,0.005));
#3017=CARTESIAN_POINT('',(-0.000908198502777107,-0.00230109876841343,0.005));
#3018=CARTESIAN_POINT('',(0.000660787776558434,0.000729408447172094,0.005));
#3019=CARTESIAN_POINT('',(0.00105693474837377,0.000140956178577174,0.005));
#3020=CARTESIAN_POINT('',(0.000832661786453785,4.14303471731296E-5,0.005));
#3021=CARTESIAN_POINT('',(0.000674556798074706,-0.00098572382952701,0.005));
#3022=CARTESIAN_POINT('',(0.00112653635580266,-4.95457757971623E-5,0.005));
#3023=CARTESIAN_POINT('',(0.000680836814424577,-0.000993788202647875,0.005));
#3024=CARTESIAN_POINT('',(0.00141926891664517,-0.000254722668901926,0.005));
#3025=CARTESIAN_POINT('',(0.000623723841950323,-0.00105194776930563,0.005));
#3026=CARTESIAN_POINT('',(0.00164594793616432,-0.000577283392934002,0.005));
#3027=CARTESIAN_POINT('',(0.000729910118477957,-0.000992275918908978,0.005));
#3028=CARTESIAN_POINT('',(0.00173657329147549,-0.00101541898092248,0.005));
#3029=CARTESIAN_POINT('',(0.00173657329147549,-0.00101541898092248,0.005));
#3030=CARTESIAN_POINT('',(0.00173657329147549,-0.00131679546003381,0.005));
#3031=CARTESIAN_POINT('',(0.00164577396764066,-0.00153413426708524,0.005));
#3032=CARTESIAN_POINT('',(0.00164577396764066,-0.00153413426708524,0.005));
#3033=CARTESIAN_POINT('',(0.000561722769640189,-0.00110582635066255,0.005));
#3034=CARTESIAN_POINT('',(0.00141938954530075,-0.00189358623800904,0.005));
#3035=CARTESIAN_POINT('',(0.000614298701256022,-0.00113903278302025,0.005));
#3036=CARTESIAN_POINT('',(0.00112368323550629,-0.00211709565164563,0.005));
#3037=CARTESIAN_POINT('',(0.000335774178476068,-0.000605081137980182,0.005));
#3038=CARTESIAN_POINT('',(0.0008155258025172,-0.00224068375036741,0.005));
#3039=CARTESIAN_POINT('',(0.000414586132147197,-0.0009003336938721,0.005));
#3040=CARTESIAN_POINT('',(0.000552811335771003,-0.00229201459864321,0.005));
#3041=CARTESIAN_POINT('',(0.000306002703391268,0.000411033571079105,0.005));
#3042=CARTESIAN_POINT('',(0.000401634101624649,-0.00230121393221768,0.005));
#3043=CARTESIAN_POINT('',(5.14730741366824E-5,-0.00230109876841343,0.005));
#3044=CARTESIAN_POINT('',(-0.000298683892779522,-0.00230109876841343,0.005));
#3045=CARTESIAN_POINT('',(-0.000298683892779522,-0.0020354624486839,0.005));
#3046=CARTESIAN_POINT('',(-0.000298683892779522,-0.00176982612895436,0.005));
#3047=CARTESIAN_POINT('',(3.07051436851004E-5,-0.00176982612895436,0.005));
#3048=CARTESIAN_POINT('',(0.000360094180149723,-0.00176982612895436,0.005));
#3049=CARTESIAN_POINT('',(0.000360094180149723,-0.00176982612895436,0.005));
#3050=CARTESIAN_POINT('',(0.000679823714078725,-0.00176982612895436,0.005));
#3051=CARTESIAN_POINT('',(0.00086093938662159,-0.00156456170007245,0.005));
#3052=CARTESIAN_POINT('',(0.00086093938662159,-0.00156456170007245,0.005));
#3053=CARTESIAN_POINT('',(0.00086093938662159,-0.00156456170007245,0.005));
#3054=CARTESIAN_POINT('',(0.00104205505916445,-0.00135929727119053,0.005));
#3055=CARTESIAN_POINT('',(0.00104205505916445,-0.00101541898092248,0.005));
#3056=CARTESIAN_POINT('',(0.00104205505916445,-0.00101541898092248,0.005));
#3057=CARTESIAN_POINT('',(0.00104205505916445,-0.00101541898092248,0.005));
#3058=CARTESIAN_POINT('',(0.00104205505916445,-0.000688927795218547,0.005));
#3059=CARTESIAN_POINT('',(0.000854660709973437,-0.000465793286645739,0.005));
#3060=CARTESIAN_POINT('',(0.000854660709973437,-0.000465793286645739,0.005));
#3061=CARTESIAN_POINT('',(0.000854660709973437,-0.000465793286645739,0.005));
#3062=CARTESIAN_POINT('',(0.00066726636078242,-0.00024265877807293,0.005));
#3063=CARTESIAN_POINT('',(0.000305035015696692,-0.00024265877807293,0.005));
#3064=CARTESIAN_POINT('',(0.000305035015696692,-0.00024265877807293,0.005));
#3065=CARTESIAN_POINT('',(3.17556145858482E-6,-0.00024265877807293,0.005));
#3066=CARTESIAN_POINT('',(-0.000298683892779522,-0.00024265877807293,0.005));
#3067=CARTESIAN_POINT('',(-0.000298683892779522,2.20961120502212E-6,0.005));
#3068=CARTESIAN_POINT('',(-0.000298683892779523,0.000247078000482975,0.005));
#3069=CARTESIAN_POINT('',(-0.000153791354745231,0.000247078000482975,0.005));
#3070=CARTESIAN_POINT('',(-8.89881671093979E-6,0.000247078000482975,0.005));
#3071=CARTESIAN_POINT('',(-1.16541812504672E-5,0.00675792099424991,0.00499999999999977));
#3072=CARTESIAN_POINT('',(0.000263014480860422,0.000252921009483924,0.005));
#3073=CARTESIAN_POINT('',(0.000240335496913039,0.000884473620449319,0.005));
#3074=CARTESIAN_POINT('',(0.000522552546293778,0.000318720951619616,0.005));
#3075=CARTESIAN_POINT('',(0.000306090458171652,0.000719396031505823,0.005));
#3076=CARTESIAN_POINT('',(0.000718944699347984,0.000524305723255252,0.005));
#3077=CARTESIAN_POINT('',(0.000718944699347984,0.000524305723255252,0.005));
#3078=CARTESIAN_POINT('',(0.000794771794252596,0.000669198261289543,0.005));
#3079=CARTESIAN_POINT('',(0.000794771794252596,0.000940630282540449,0.005));
#3080=CARTESIAN_POINT('',(0.000794771794252596,0.000940630282540449,0.005));
#3081=CARTESIAN_POINT('',(-0.000113263578312759,0.000933370322400812,0.005));
#3082=CARTESIAN_POINT('',(0.000764371937029527,0.00116763603965092,0.005));
#3083=CARTESIAN_POINT('',(0.000290071462106984,0.00104073931631207,0.005));
#3084=CARTESIAN_POINT('',(0.000643846646854558,0.00138232766477418,0.005));
#3085=CARTESIAN_POINT('',(0.000189271265124231,0.000916151225138786,0.005));
#3086=CARTESIAN_POINT('',(0.000384242936488771,0.00153903646462207,0.005));
#3087=CARTESIAN_POINT('',(0.000384242936488771,0.00153903646462207,0.005));
#3088=CARTESIAN_POINT('',(0.000215201642115431,0.00159940835546969,0.005));
#3089=CARTESIAN_POINT('',(-6.29920309104086E-5,0.00159940835546969,0.005));
#3090=CARTESIAN_POINT('',(-6.29920309104086E-5,0.00159940835546969,0.005));
#3091=CARTESIAN_POINT('',(-0.000180837961844966,0.00159940835546969,0.005));
#3092=CARTESIAN_POINT('',(-0.000298683892779523,0.00159940835546969,0.005));
#3093=CARTESIAN_POINT('',(-0.000298683892779523,0.00187373822748128,0.005));
#3094=CARTESIAN_POINT('',(-0.000298683892779523,0.00214806809949287,0.005));
#3095=CARTESIAN_POINT('',(-0.000144614827336393,0.00214806809949287,0.005));
#3096=CARTESIAN_POINT('',(9.45441670634846E-6,0.00214800990265524,0.005));
#3097=CARTESIAN_POINT('',(1.64064996717495E-5,-0.000117332334998706,0.005));
#3098=CARTESIAN_POINT('',(0.000559047524327629,0.0020817588675274,0.005));
#3099=CARTESIAN_POINT('',(0.000237192866372192,0.000728137343711026,0.005));
#3100=CARTESIAN_POINT('',(0.00103007602972436,0.00187097637916034,0.005));
#3101=CARTESIAN_POINT('',(0.0004280514189814,0.00102234278293171,0.005));
#3102=CARTESIAN_POINT('',(0.00135598889157208,0.00149363680270466,0.005));
#3103=CARTESIAN_POINT('',(0.00135598889157208,0.00149363680270466,0.005));
#3104=CARTESIAN_POINT('',(0.00147673267326733,0.00126132576672301,0.005));
#3105=CARTESIAN_POINT('',(0.00147673267326733,0.000940630282540449,0.005));
#3106=CARTESIAN_POINT('',(0.00147673267326733,0.000940630282540449,0.005));
#3107=CARTESIAN_POINT('',(0.000549675112667266,0.000927564891224199,0.005));
#3108=CARTESIAN_POINT('',(0.00141639749586004,0.000600119233700997,0.005));
#3109=CARTESIAN_POINT('',(0.000436198631055825,0.000972073438751689,0.005));
#3110=CARTESIAN_POINT('',(0.00126523841426363,0.000331078384507267,0.005));
#3111=CARTESIAN_POINT('',(0.000595731503151307,0.000853546277407952,0.005));
#3112=CARTESIAN_POINT('',(8.02635995939691E-19,-3.03576608295941E-18,0.005));
#3113=CARTESIAN_POINT('',(8.02635995939691E-19,-3.03576608295941E-18,0.00425));
#3114=CARTESIAN_POINT('',(0.003675,-3.03576608295941E-18,0.00425));
#3115=CARTESIAN_POINT('',(-0.002,-0.00308311936194497,0.002));
#3116=CARTESIAN_POINT('',(-0.002,-0.00308311936194497,0.002));
#3117=CARTESIAN_POINT('',(-0.002,-0.00308311936194497,0.));
#3118=CARTESIAN_POINT('',(-4.33680868994202E-19,1.3010426069826E-18,0.002));
#3119=CARTESIAN_POINT('',(0.002,-0.00308311936194498,0.002));
#3120=CARTESIAN_POINT('',(0.002,-0.00308311936194498,0.002));
#3121=CARTESIAN_POINT('',(0.002,-0.00308311936194498,0.));
#3122=CARTESIAN_POINT('',(8.02635995939691E-19,-3.03576608295941E-18,0.));
#3123=CARTESIAN_POINT('',(0.,-0.00075,0.));
#3124=CARTESIAN_POINT('',(0.,-1.04094977927525E-19,0.));
#3125=CARTESIAN_POINT('',(-0.0017,-1.04094977927525E-19,0.));
#3126=CARTESIAN_POINT('',(0.002,-0.00412905968097249,0.));
#3127=CARTESIAN_POINT('',(0.002,-0.004425,0.));
#3128=CARTESIAN_POINT('',(0.00125,-0.004425,0.));
#3129=CARTESIAN_POINT('',(0.00125,-0.005175,0.));
#3130=CARTESIAN_POINT('',(4.33680868994202E-19,-0.005175,0.));
#3131=CARTESIAN_POINT('',(-0.00125,-0.005175,0.));
#3132=CARTESIAN_POINT('',(-0.00125,-0.004425,0.));
#3133=CARTESIAN_POINT('',(-0.002,-0.004425,0.));
#3134=CARTESIAN_POINT('',(-0.002,-0.00412905968097249,0.));
#3135=CARTESIAN_POINT('',(0.,-1.04094977927525E-19,0.001));
#3136=CARTESIAN_POINT('',(0.,-1.04094977927525E-19,0.001));
#3137=CARTESIAN_POINT('',(-0.0017,-1.04094977927525E-19,0.001));
#3138=CARTESIAN_POINT('',(8.67361737988404E-19,-2.60208521396521E-18,0.001));
#3139=CARTESIAN_POINT('',(8.02635995939691E-19,-3.03576608295941E-18,0.00425));
#3140=CARTESIAN_POINT('',(-0.002,-0.00412905968097249,0.002));
#3141=CARTESIAN_POINT('',(-0.002,-0.004425,0.002));
#3142=CARTESIAN_POINT('',(-0.002,-0.004425,0.002));
#3143=CARTESIAN_POINT('',(-0.002,-0.00412905968097249,0.002));
#3144=CARTESIAN_POINT('',(4.33680868994202E-19,-0.005175,0.002));
#3145=CARTESIAN_POINT('',(0.00125,-0.005175,0.002));
#3146=CARTESIAN_POINT('',(0.00125,-0.005175,0.002));
#3147=CARTESIAN_POINT('',(4.33680868994202E-19,-0.005175,0.002));
#3148=CARTESIAN_POINT('',(-0.00125,-0.005175,0.002));
#3149=CARTESIAN_POINT('',(-0.00125,-0.005175,0.002));
#3150=CARTESIAN_POINT('',(0.002,-0.00412905968097249,0.002));
#3151=CARTESIAN_POINT('',(0.002,-0.00412905968097249,0.002));
#3152=CARTESIAN_POINT('',(0.002,-0.004425,0.002));
#3153=CARTESIAN_POINT('',(0.002,-0.004425,0.));
#3154=CARTESIAN_POINT('',(0.,-0.00075,0.002));
#3155=CARTESIAN_POINT('',(0.00125,-0.004425,0.002));
#3156=CARTESIAN_POINT('',(-0.00125,-0.004425,0.002));
#3157=CARTESIAN_POINT('',(0.00125,-0.004425,0.002));
#3158=CARTESIAN_POINT('',(-0.00125,-0.004425,0.002));
#3159=CARTESIAN_POINT('',(-0.000908198502777108,0.00214806809949287,0.004));
#3160=CARTESIAN_POINT('',(-0.00127042984786284,0.00214806809949287,0.004));
#3161=CARTESIAN_POINT('',(-0.00127042984786284,0.00214806809949287,0.004));
#3162=CARTESIAN_POINT('',(-0.000908198502777108,0.00214806809949287,0.004));
#3163=CARTESIAN_POINT('',(-0.00054596715769138,0.00214806809949287,0.004));
#3164=CARTESIAN_POINT('',(-0.00054596715769138,0.00214806809949287,0.004));
#3165=CARTESIAN_POINT('',(-0.00127042984786284,-7.65153344602764E-5,0.004));
#3166=CARTESIAN_POINT('',(-0.00127042984786283,-0.00230109876841343,0.004));
#3167=CARTESIAN_POINT('',(-0.00127042984786283,-0.00230109876841343,0.004));
#3168=CARTESIAN_POINT('',(-0.00127042984786284,-7.65153344602764E-5,0.004));
#3169=CARTESIAN_POINT('',(-0.000908198502777107,-0.00230109876841343,0.004));
#3170=CARTESIAN_POINT('',(-0.000545967157691379,-0.00230109876841343,0.004));
#3171=CARTESIAN_POINT('',(-0.000545967157691379,-0.00230109876841343,0.004));
#3172=CARTESIAN_POINT('',(-0.000908198502777107,-0.00230109876841343,0.004));
#3173=CARTESIAN_POINT('',(-0.000545967157691379,-7.6515334460276E-5,0.004));
#3174=CARTESIAN_POINT('',(-0.000545967157691379,-7.6515334460276E-5,0.004));
#3175=CARTESIAN_POINT('',(8.67361737988404E-19,-2.60208521396521E-18,0.004));
#3176=CARTESIAN_POINT('',(0.000674556798074706,-0.00098572382952701,0.004));
#3177=CARTESIAN_POINT('',(0.000832661786453784,4.14303471731297E-5,0.0045));
#3178=CARTESIAN_POINT('',(0.000832661786453784,4.14303471731296E-5,0.004));
#3179=CARTESIAN_POINT('',(0.000674556798074706,-0.00098572382952701,0.004));
#3180=CARTESIAN_POINT('',(0.00112653716935628,-4.95461595928566E-5,0.0040000000000003));
#3181=CARTESIAN_POINT('',(0.00112657570635112,-4.94687273605416E-5,0.004));
#3182=CARTESIAN_POINT('',(0.000660787776558434,0.000729408447172094,0.004));
#3183=CARTESIAN_POINT('',(0.00105702728809466,0.000140823472591161,0.004));
#3184=CARTESIAN_POINT('',(0.00105693474837377,0.000140956178577174,0.004));
#3185=CARTESIAN_POINT('',(0.000660787776558434,0.000729408447172094,0.004));
#3186=CARTESIAN_POINT('',(0.000595731503151307,0.000853546277407952,0.004));
#3187=CARTESIAN_POINT('',(0.00126518956773726,0.000331115672542864,0.004));
#3188=CARTESIAN_POINT('',(0.00126523841426363,0.000331078384507267,0.004));
#3189=CARTESIAN_POINT('',(0.000595731503151307,0.000853546277407952,0.004));
#3190=CARTESIAN_POINT('',(0.000436198631055825,0.000972073438751689,0.004));
#3191=CARTESIAN_POINT('',(0.00141636078241971,0.000600132818159865,0.004));
#3192=CARTESIAN_POINT('',(0.00141639749586004,0.000600119233700997,0.004));
#3193=CARTESIAN_POINT('',(0.000436198631055825,0.000972073438751689,0.004));
#3194=CARTESIAN_POINT('',(0.000549675112667266,0.000927564891224199,0.004));
#3195=CARTESIAN_POINT('',(0.00147673267326733,0.000940630282540449,0.004));
#3196=CARTESIAN_POINT('',(0.00147673267326733,0.000940630282540449,0.004));
#3197=CARTESIAN_POINT('',(0.000549675112667266,0.000927564891224199,0.004));
#3198=CARTESIAN_POINT('',(0.00135598889157208,0.00149363680270466,0.004));
#3199=CARTESIAN_POINT('',(0.00135598889157208,0.00149363680270466,0.005));
#3200=CARTESIAN_POINT('',(0.00143648474603558,0.0013387627787169,0.004));
#3201=CARTESIAN_POINT('',(0.00143648474603558,0.0013387627787169,0.005));
#3202=CARTESIAN_POINT('',(0.00147673267326733,0.00115442727199549,0.004));
#3203=CARTESIAN_POINT('',(0.00147673267326733,0.00115442727199549,0.005));
#3204=CARTESIAN_POINT('',(0.00147673267326733,0.000940630282540449,0.004));
#3205=CARTESIAN_POINT('',(0.00147673267326733,0.000940630282540449,0.005));
#3206=CARTESIAN_POINT('',(0.00135598889157208,0.00149363680270466,0.004));
#3207=CARTESIAN_POINT('',(0.00135598889157208,0.00149363680270466,0.004));
#3208=CARTESIAN_POINT('',(0.00135598889157208,0.00149363680270466,0.004));
#3209=CARTESIAN_POINT('',(0.00147673267326733,0.00126132576672301,0.004));
#3210=CARTESIAN_POINT('',(0.00147673267326733,0.000940630282540449,0.004));
#3211=CARTESIAN_POINT('',(0.0004280514189814,0.00102234278293171,0.004));
#3212=CARTESIAN_POINT('',(0.00102998068099493,0.0018708403767206,0.004));
#3213=CARTESIAN_POINT('',(0.00103007602972436,0.00187097637916034,0.004));
#3214=CARTESIAN_POINT('',(0.0004280514189814,0.00102234278293171,0.004));
#3215=CARTESIAN_POINT('',(0.000237192866372192,0.000728137343711026,0.004));
#3216=CARTESIAN_POINT('',(0.000559079932383482,0.00208190050712388,0.004));
#3217=CARTESIAN_POINT('',(0.000559047524327629,0.0020817588675274,0.004));
#3218=CARTESIAN_POINT('',(0.000237192866372192,0.000728137343711026,0.004));
#3219=CARTESIAN_POINT('',(1.64064996717495E-5,-0.000117332334998706,0.004));
#3220=CARTESIAN_POINT('',(9.4542381067369E-6,0.00214806809949287,0.004));
#3221=CARTESIAN_POINT('',(9.45441670634848E-6,0.00214800990265523,0.00400000025));
#3222=CARTESIAN_POINT('',(1.64064996717495E-5,-0.000117332334998706,0.004));
#3223=CARTESIAN_POINT('',(-0.000144614827336393,0.00214806809949287,0.004));
#3224=CARTESIAN_POINT('',(-0.000298683892779523,0.00214806809949287,0.004));
#3225=CARTESIAN_POINT('',(-0.000298683892779523,0.00214806809949287,0.004));
#3226=CARTESIAN_POINT('',(-0.000144614827336393,0.00214806809949287,0.004));
#3227=CARTESIAN_POINT('',(-0.000298683892779523,0.00187373822748128,0.004));
#3228=CARTESIAN_POINT('',(-0.000298683892779523,0.00159940835546969,0.004));
#3229=CARTESIAN_POINT('',(-0.000298683892779523,0.00159940835546969,0.004));
#3230=CARTESIAN_POINT('',(-0.000298683892779523,0.00187373822748128,0.004));
#3231=CARTESIAN_POINT('',(-0.000180837961844966,0.00159940835546969,0.004));
#3232=CARTESIAN_POINT('',(-6.29920309104086E-5,0.00159940835546969,0.004));
#3233=CARTESIAN_POINT('',(-6.29920309104086E-5,0.00159940835546969,0.004));
#3234=CARTESIAN_POINT('',(-0.000180837961844966,0.00159940835546969,0.004));
#3235=CARTESIAN_POINT('',(0.000384242936488771,0.00153903646462207,0.004));
#3236=CARTESIAN_POINT('',(0.000384242936488771,0.00153903646462207,0.005));
#3237=CARTESIAN_POINT('',(0.000271548740239877,0.00157928439185382,0.004));
#3238=CARTESIAN_POINT('',(0.000271548740239877,0.00157928439185382,0.005));
#3239=CARTESIAN_POINT('',(0.000122470417773484,0.00159940835546969,0.004));
#3240=CARTESIAN_POINT('',(0.000122470417773484,0.00159940835546969,0.005));
#3241=CARTESIAN_POINT('',(-6.29920309104086E-5,0.00159940835546969,0.004));
#3242=CARTESIAN_POINT('',(-6.29920309104086E-5,0.00159940835546969,0.005));
#3243=CARTESIAN_POINT('',(0.000384242936488771,0.00153903646462207,0.004));
#3244=CARTESIAN_POINT('',(0.000384242936488771,0.00153903646462207,0.004));
#3245=CARTESIAN_POINT('',(0.000384242936488771,0.00153903646462207,0.004));
#3246=CARTESIAN_POINT('',(0.000215201642115431,0.00159940835546969,0.004));
#3247=CARTESIAN_POINT('',(-6.29920309104086E-5,0.00159940835546969,0.004));
#3248=CARTESIAN_POINT('',(0.000189271265124231,0.000916151225138786,0.004));
#3249=CARTESIAN_POINT('',(0.000643600579570152,0.00138206954841826,0.004));
#3250=CARTESIAN_POINT('',(0.000643846646854558,0.00138232766477418,0.004));
#3251=CARTESIAN_POINT('',(0.000189271265124231,0.000916151225138786,0.004));
#3252=CARTESIAN_POINT('',(0.000290071462106984,0.00104073931631207,0.004));
#3253=CARTESIAN_POINT('',(0.000764344361265395,0.0011676285921275,0.004));
#3254=CARTESIAN_POINT('',(0.000764371937029527,0.00116763603965092,0.004));
#3255=CARTESIAN_POINT('',(0.000290071462106984,0.00104073931631207,0.004));
#3256=CARTESIAN_POINT('',(-0.000113263578312759,0.000933370322400812,0.004));
#3257=CARTESIAN_POINT('',(0.000794771794252596,0.000940630282540449,0.004));
#3258=CARTESIAN_POINT('',(0.000794771794252596,0.000940630282540449,0.004));
#3259=CARTESIAN_POINT('',(-0.000113263578312759,0.000933370322400812,0.004));
#3260=CARTESIAN_POINT('',(0.000718944699347984,0.000524305723255252,0.004));
#3261=CARTESIAN_POINT('',(0.000718944699347984,0.000524305723255252,0.005));
#3262=CARTESIAN_POINT('',(0.000769496095951059,0.000620900748611446,0.004));
#3263=CARTESIAN_POINT('',(0.000769496095951059,0.000620900748611446,0.005));
#3264=CARTESIAN_POINT('',(0.000794771794252596,0.000759675601706512,0.004));
#3265=CARTESIAN_POINT('',(0.000794771794252596,0.000759675601706512,0.005));
#3266=CARTESIAN_POINT('',(0.000794771794252596,0.000940630282540449,0.004));
#3267=CARTESIAN_POINT('',(0.000794771794252596,0.000940630282540449,0.005));
#3268=CARTESIAN_POINT('',(0.000718944699347984,0.000524305723255252,0.004));
#3269=CARTESIAN_POINT('',(0.000718944699347984,0.000524305723255252,0.004));
#3270=CARTESIAN_POINT('',(0.000718944699347984,0.000524305723255252,0.004));
#3271=CARTESIAN_POINT('',(0.000794771794252596,0.000669198261289543,0.004));
#3272=CARTESIAN_POINT('',(0.000794771794252596,0.000940630282540449,0.004));
#3273=CARTESIAN_POINT('',(0.000306090458171652,0.000719396031505823,0.004));
#3274=CARTESIAN_POINT('',(0.000522373822748128,0.000319041294373339,0.004));
#3275=CARTESIAN_POINT('',(0.000522552546293778,0.000318720951619616,0.004));
#3276=CARTESIAN_POINT('',(0.000306090458171652,0.000719396031505823,0.004));
#3277=CARTESIAN_POINT('',(0.000240335496913039,0.000884473620449319,0.004));
#3278=CARTESIAN_POINT('',(0.000263016179666747,0.000252873702004346,0.004));
#3279=CARTESIAN_POINT('',(0.000263014480860422,0.000252921009483924,0.004));
#3280=CARTESIAN_POINT('',(0.000240335496913039,0.000884473620449319,0.004));
#3281=CARTESIAN_POINT('',(-1.2125807743613E-5,0.0067584278091789,0.004));
#3282=CARTESIAN_POINT('',(-8.89881671093979E-6,0.000247078000482975,0.004));
#3283=CARTESIAN_POINT('',(-8.89881671093979E-6,0.000247078000482975,0.004));
#3284=CARTESIAN_POINT('',(-1.16541812504672E-5,0.00675792099424991,0.004));
#3285=CARTESIAN_POINT('',(-0.000153791354745231,0.000247078000482975,0.004));
#3286=CARTESIAN_POINT('',(-0.000298683892779523,0.000247078000482975,0.004));
#3287=CARTESIAN_POINT('',(-0.000298683892779523,0.000247078000482975,0.004));
#3288=CARTESIAN_POINT('',(-0.000153791354745231,0.000247078000482975,0.004));
#3289=CARTESIAN_POINT('',(-0.000298683892779522,2.20961120502212E-6,0.004));
#3290=CARTESIAN_POINT('',(-0.000298683892779522,-0.00024265877807293,0.004));
#3291=CARTESIAN_POINT('',(-0.000298683892779522,-0.00024265877807293,0.004));
#3292=CARTESIAN_POINT('',(-0.000298683892779522,2.20961120502212E-6,0.004));
#3293=CARTESIAN_POINT('',(3.17556145858482E-6,-0.00024265877807293,0.004));
#3294=CARTESIAN_POINT('',(0.000305035015696692,-0.00024265877807293,0.004));
#3295=CARTESIAN_POINT('',(0.000305035015696692,-0.00024265877807293,0.004));
#3296=CARTESIAN_POINT('',(3.17556145858482E-6,-0.00024265877807293,0.004));
#3297=CARTESIAN_POINT('',(0.000854660709973437,-0.000465793286645739,0.004));
#3298=CARTESIAN_POINT('',(0.000854660709973437,-0.000465793286645739,0.005));
#3299=CARTESIAN_POINT('',(0.000729731143846092,-0.0003170369475972,0.004));
#3300=CARTESIAN_POINT('',(0.000729731143846092,-0.0003170369475972,0.005));
#3301=CARTESIAN_POINT('',(0.000546522579087177,-0.00024265877807293,0.004));
#3302=CARTESIAN_POINT('',(0.000546522579087177,-0.00024265877807293,0.005));
#3303=CARTESIAN_POINT('',(0.000305035015696692,-0.00024265877807293,0.004));
#3304=CARTESIAN_POINT('',(0.000305035015696692,-0.00024265877807293,0.005));
#3305=CARTESIAN_POINT('',(0.000854660709973437,-0.000465793286645739,0.004));
#3306=CARTESIAN_POINT('',(0.000854660709973437,-0.000465793286645739,0.004));
#3307=CARTESIAN_POINT('',(0.000854660709973437,-0.000465793286645739,0.004));
#3308=CARTESIAN_POINT('',(0.00066726636078242,-0.00024265877807293,0.004));
#3309=CARTESIAN_POINT('',(0.000305035015696692,-0.00024265877807293,0.004));
#3310=CARTESIAN_POINT('',(0.00104205505916445,-0.00101541898092248,0.004));
#3311=CARTESIAN_POINT('',(0.00104205505916445,-0.00101541898092248,0.005));
#3312=CARTESIAN_POINT('',(0.00104205505916445,-0.000797758190453192,0.004));
#3313=CARTESIAN_POINT('',(0.00104205505916445,-0.000797758190453192,0.005));
#3314=CARTESIAN_POINT('',(0.00097959027610078,-0.000614549625694278,0.004));
#3315=CARTESIAN_POINT('',(0.00097959027610078,-0.000614549625694278,0.005));
#3316=CARTESIAN_POINT('',(0.000854660709973437,-0.000465793286645739,0.004));
#3317=CARTESIAN_POINT('',(0.000854660709973437,-0.000465793286645739,0.005));
#3318=CARTESIAN_POINT('',(0.00104205505916445,-0.00101541898092248,0.004));
#3319=CARTESIAN_POINT('',(0.00104205505916445,-0.00101541898092248,0.004));
#3320=CARTESIAN_POINT('',(0.00104205505916445,-0.00101541898092248,0.004));
#3321=CARTESIAN_POINT('',(0.00104205505916445,-0.000688927795218547,0.004));
#3322=CARTESIAN_POINT('',(0.000854660709973437,-0.000465793286645739,0.004));
#3323=CARTESIAN_POINT('',(0.00086093938662159,-0.00156456170007245,0.004));
#3324=CARTESIAN_POINT('',(0.00086093938662159,-0.00156456170007245,0.005));
#3325=CARTESIAN_POINT('',(0.000981683168316833,-0.00142771874748451,0.004));
#3326=CARTESIAN_POINT('',(0.000981683168316833,-0.00142771874748451,0.005));
#3327=CARTESIAN_POINT('',(0.00104205505916445,-0.00124467117443452,0.004));
#3328=CARTESIAN_POINT('',(0.00104205505916445,-0.00124467117443452,0.005));
#3329=CARTESIAN_POINT('',(0.00104205505916445,-0.00101541898092248,0.004));
#3330=CARTESIAN_POINT('',(0.00104205505916445,-0.00101541898092248,0.005));
#3331=CARTESIAN_POINT('',(0.00086093938662159,-0.00156456170007245,0.004));
#3332=CARTESIAN_POINT('',(0.00086093938662159,-0.00156456170007245,0.004));
#3333=CARTESIAN_POINT('',(0.00086093938662159,-0.00156456170007245,0.004));
#3334=CARTESIAN_POINT('',(0.00104205505916445,-0.00135929727119053,0.004));
#3335=CARTESIAN_POINT('',(0.00104205505916445,-0.00101541898092248,0.004));
#3336=CARTESIAN_POINT('',(0.000360094180149723,-0.00176982612895436,0.004));
#3337=CARTESIAN_POINT('',(0.000360094180149723,-0.00176982612895436,0.005));
#3338=CARTESIAN_POINT('',(0.000573247202769058,-0.00176982612895436,0.004));
#3339=CARTESIAN_POINT('',(0.000573247202769058,-0.00176982612895436,0.005));
#3340=CARTESIAN_POINT('',(0.000740195604926347,-0.00170140465266039,0.004));
#3341=CARTESIAN_POINT('',(0.000740195604926347,-0.00170140465266039,0.005));
#3342=CARTESIAN_POINT('',(0.00086093938662159,-0.00156456170007245,0.004));
#3343=CARTESIAN_POINT('',(0.00086093938662159,-0.00156456170007245,0.005));
#3344=CARTESIAN_POINT('',(0.000360094180149723,-0.00176982612895436,0.004));
#3345=CARTESIAN_POINT('',(0.000360094180149723,-0.00176982612895436,0.004));
#3346=CARTESIAN_POINT('',(0.000360094180149723,-0.00176982612895436,0.004));
#3347=CARTESIAN_POINT('',(0.000679823714078725,-0.00176982612895436,0.004));
#3348=CARTESIAN_POINT('',(0.00086093938662159,-0.00156456170007245,0.004));
#3349=CARTESIAN_POINT('',(3.07051436851004E-5,-0.00176982612895436,0.004));
#3350=CARTESIAN_POINT('',(-0.000298683892779522,-0.00176982612895436,0.004));
#3351=CARTESIAN_POINT('',(-0.000298683892779522,-0.00176982612895436,0.004));
#3352=CARTESIAN_POINT('',(3.07051436851004E-5,-0.00176982612895436,0.004));
#3353=CARTESIAN_POINT('',(-0.000298683892779522,-0.0020354624486839,0.004));
#3354=CARTESIAN_POINT('',(-0.000298683892779522,-0.00230109876841343,0.004));
#3355=CARTESIAN_POINT('',(-0.000298683892779522,-0.00230109876841343,0.004));
#3356=CARTESIAN_POINT('',(-0.000298683892779522,-0.0020354624486839,0.004));
#3357=CARTESIAN_POINT('',(5.14730741366824E-5,-0.00230109876841343,0.004));
#3358=CARTESIAN_POINT('',(0.000401630041052887,-0.00230109876841343,0.004));
#3359=CARTESIAN_POINT('',(0.000401634101624649,-0.00230121393221768,0.004));
#3360=CARTESIAN_POINT('',(5.14730741366824E-5,-0.00230109876841343,0.004));
#3361=CARTESIAN_POINT('',(0.000306002703391268,0.000411033571079105,0.004));
#3362=CARTESIAN_POINT('',(0.00055280125573533,-0.00229192224100459,0.004));
#3363=CARTESIAN_POINT('',(0.000552811335771003,-0.00229201459864321,0.004));
#3364=CARTESIAN_POINT('',(0.000306002703391268,0.000411033571079105,0.004));
#3365=CARTESIAN_POINT('',(0.000414586132147197,-0.0009003336938721,0.004));
#3366=CARTESIAN_POINT('',(0.000815539724704178,-0.00224072687756581,0.004));
#3367=CARTESIAN_POINT('',(0.0008155258025172,-0.00224068375036741,0.004));
#3368=CARTESIAN_POINT('',(0.000414586132147197,-0.0009003336938721,0.004));
#3369=CARTESIAN_POINT('',(0.000335774178476068,-0.000605081137980182,0.004));
#3370=CARTESIAN_POINT('',(0.00112367785559044,-0.00211708524510988,0.004));
#3371=CARTESIAN_POINT('',(0.00112368323550629,-0.00211709565164563,0.004));
#3372=CARTESIAN_POINT('',(0.000335774178476068,-0.000605081137980182,0.004));
#3373=CARTESIAN_POINT('',(0.000614298701256022,-0.00113903278302025,0.004));
#3374=CARTESIAN_POINT('',(0.00141925863318039,-0.00189346776141029,0.004));
#3375=CARTESIAN_POINT('',(0.00141938954530075,-0.00189358623800904,0.004));
#3376=CARTESIAN_POINT('',(0.000614298701256022,-0.00113903278302025,0.004));
#3377=CARTESIAN_POINT('',(0.000561722769640189,-0.00110582635066255,0.004));
#3378=CARTESIAN_POINT('',(0.00164577396764066,-0.00153413426708524,0.004));
#3379=CARTESIAN_POINT('',(0.00164577396764066,-0.00153413426708524,0.004));
#3380=CARTESIAN_POINT('',(0.000561722769640189,-0.00110582635066255,0.004));
#3381=CARTESIAN_POINT('',(0.00173657329147549,-0.00101541898092248,0.004));
#3382=CARTESIAN_POINT('',(0.00173657329147549,-0.00101541898092248,0.005));
#3383=CARTESIAN_POINT('',(0.00173657329147549,-0.00121633663366337,0.004));
#3384=CARTESIAN_POINT('',(0.00173657329147549,-0.00121633663366337,0.005));
#3385=CARTESIAN_POINT('',(0.00170630685019722,-0.00138924172905096,0.004));
#3386=CARTESIAN_POINT('',(0.00170630685019722,-0.00138924172905096,0.005));
#3387=CARTESIAN_POINT('',(0.00164577396764066,-0.00153413426708524,0.004));
#3388=CARTESIAN_POINT('',(0.00164577396764066,-0.00153413426708524,0.005));
#3389=CARTESIAN_POINT('',(0.00173657329147549,-0.00101541898092248,0.004));
#3390=CARTESIAN_POINT('',(0.00173657329147549,-0.00101541898092248,0.004));
#3391=CARTESIAN_POINT('',(0.00173657329147549,-0.00101541898092248,0.004));
#3392=CARTESIAN_POINT('',(0.00173657329147549,-0.00131679546003381,0.004));
#3393=CARTESIAN_POINT('',(0.00164577396764066,-0.00153413426708524,0.004));
#3394=CARTESIAN_POINT('',(0.000729910118477957,-0.000992275918908978,0.004));
#3395=CARTESIAN_POINT('',(0.00164577396764066,-0.000577360540932143,0.004));
#3396=CARTESIAN_POINT('',(0.00164594793616432,-0.000577283392934002,0.004));
#3397=CARTESIAN_POINT('',(0.000729910118477957,-0.000992275918908978,0.004));
#3398=CARTESIAN_POINT('',(0.000623723841950323,-0.00105194776930563,0.004));
#3399=CARTESIAN_POINT('',(0.00141925863318039,-0.000254733156242454,0.004));
#3400=CARTESIAN_POINT('',(0.00141926891664517,-0.000254722668901926,0.004));
#3401=CARTESIAN_POINT('',(0.000623723841950323,-0.00105194776930563,0.004));
#3402=CARTESIAN_POINT('',(0.000680836814424577,-0.000993788202647875,0.004));
#3403=CARTESIAN_POINT('',(0.000680836814424577,-0.000993788202647875,0.004));
#3404=CARTESIAN_POINT('',(8.67361737988404E-19,-2.60208521396521E-18,0.004));
#3405=MECHANICAL_DESIGN_GEOMETRIC_PRESENTATION_REPRESENTATION('',(#1905),
#3408);
#3406=MECHANICAL_DESIGN_GEOMETRIC_PRESENTATION_REPRESENTATION('',(#1906),
#3409);
#3407=MECHANICAL_DESIGN_GEOMETRIC_PRESENTATION_REPRESENTATION('',(#1907),
#3410);
#3408=(
GEOMETRIC_REPRESENTATION_CONTEXT(3)
GLOBAL_UNCERTAINTY_ASSIGNED_CONTEXT((#3411))
GLOBAL_UNIT_ASSIGNED_CONTEXT((#3420,#3417,#3414))
REPRESENTATION_CONTEXT('Part 2','TOP_LEVEL_ASSEMBLY_PART')
);
#3409=(
GEOMETRIC_REPRESENTATION_CONTEXT(3)
GLOBAL_UNCERTAINTY_ASSIGNED_CONTEXT((#3412))
GLOBAL_UNIT_ASSIGNED_CONTEXT((#3421,#3418,#3415))
REPRESENTATION_CONTEXT('Part 3','TOP_LEVEL_ASSEMBLY_PART')
);
#3410=(
GEOMETRIC_REPRESENTATION_CONTEXT(3)
GLOBAL_UNCERTAINTY_ASSIGNED_CONTEXT((#3413))
GLOBAL_UNIT_ASSIGNED_CONTEXT((#3422,#3419,#3416))
REPRESENTATION_CONTEXT('Part 1','TOP_LEVEL_ASSEMBLY_PART')
);
#3411=UNCERTAINTY_MEASURE_WITH_UNIT(LENGTH_MEASURE(2.E-5),#3420,
'DISTANCE_ACCURACY_VALUE','Maximum Tolerance applied to model');
#3412=UNCERTAINTY_MEASURE_WITH_UNIT(LENGTH_MEASURE(1.E-8),#3421,
'DISTANCE_ACCURACY_VALUE','Maximum Tolerance applied to model');
#3413=UNCERTAINTY_MEASURE_WITH_UNIT(LENGTH_MEASURE(2.E-5),#3422,
'DISTANCE_ACCURACY_VALUE','Maximum Tolerance applied to model');
#3414=(
NAMED_UNIT(*)
SI_UNIT($,.STERADIAN.)
SOLID_ANGLE_UNIT()
);
#3415=(
NAMED_UNIT(*)
SI_UNIT($,.STERADIAN.)
SOLID_ANGLE_UNIT()
);
#3416=(
NAMED_UNIT(*)
SI_UNIT($,.STERADIAN.)
SOLID_ANGLE_UNIT()
);
#3417=(
NAMED_UNIT(*)
PLANE_ANGLE_UNIT()
SI_UNIT($,.RADIAN.)
);
#3418=(
NAMED_UNIT(*)
PLANE_ANGLE_UNIT()
SI_UNIT($,.RADIAN.)
);
#3419=(
NAMED_UNIT(*)
PLANE_ANGLE_UNIT()
SI_UNIT($,.RADIAN.)
);
#3420=(
LENGTH_UNIT()
NAMED_UNIT(*)
SI_UNIT($,.METRE.)
);
#3421=(
LENGTH_UNIT()
NAMED_UNIT(*)
SI_UNIT($,.METRE.)
);
#3422=(
LENGTH_UNIT()
NAMED_UNIT(*)
SI_UNIT($,.METRE.)
);
#3423=PRODUCT_DEFINITION_SHAPE('','',#3426);
#3424=PRODUCT_DEFINITION_SHAPE('','',#3427);
#3425=PRODUCT_DEFINITION_SHAPE('','',#3428);
#3426=PRODUCT_DEFINITION('','',#3432,#3429);
#3427=PRODUCT_DEFINITION('','',#3433,#3430);
#3428=PRODUCT_DEFINITION('','',#3434,#3431);
#3429=PRODUCT_DEFINITION_CONTEXT('',#3450,'design');
#3430=PRODUCT_DEFINITION_CONTEXT('',#3451,'design');
#3431=PRODUCT_DEFINITION_CONTEXT('',#3452,'design');
#3432=PRODUCT_DEFINITION_FORMATION_WITH_SPECIFIED_SOURCE('','',#3438,
 .NOT_KNOWN.);
#3433=PRODUCT_DEFINITION_FORMATION_WITH_SPECIFIED_SOURCE('','',#3439,
 .NOT_KNOWN.);
#3434=PRODUCT_DEFINITION_FORMATION_WITH_SPECIFIED_SOURCE('','',#3440,
 .NOT_KNOWN.);
#3435=PRODUCT_RELATED_PRODUCT_CATEGORY('','',(#3438));
#3436=PRODUCT_RELATED_PRODUCT_CATEGORY('','',(#3439));
#3437=PRODUCT_RELATED_PRODUCT_CATEGORY('','',(#3440));
#3438=PRODUCT('Part 2','Part 2','Part 2',(#3444));
#3439=PRODUCT('Part 3','Part 3','Part 3',(#3445));
#3440=PRODUCT('Part 1','Part 1','Part 1',(#3446));
#3441=PRODUCT_CATEGORY('','');
#3442=PRODUCT_CATEGORY('','');
#3443=PRODUCT_CATEGORY('','');
#3444=PRODUCT_CONTEXT('',#3450,'mechanical');
#3445=PRODUCT_CONTEXT('',#3451,'mechanical');
#3446=PRODUCT_CONTEXT('',#3452,'mechanical');
#3447=APPLICATION_PROTOCOL_DEFINITION('international standard',
'ap242_managed_model_based_3d_engineering',2020,#3450);
#3448=APPLICATION_PROTOCOL_DEFINITION('international standard',
'ap242_managed_model_based_3d_engineering',2020,#3451);
#3449=APPLICATION_PROTOCOL_DEFINITION('international standard',
'ap242_managed_model_based_3d_engineering',2020,#3452);
#3450=APPLICATION_CONTEXT('managed model based 3d engineering');
#3451=APPLICATION_CONTEXT('managed model based 3d engineering');
#3452=APPLICATION_CONTEXT('managed model based 3d engineering');
ENDSEC;
END-ISO-10303-21;
