ISO-10303-21;
HEADER;
/* Generated by software containing ST-Developer
 * from STEP Tools, Inc. (www.steptools.com) 
 */
/* OPTION: using custom renumber hook */

FILE_DESCRIPTION(
/* description */ ('STEP AP242 Edition 2',
'CAx-IF Rec.Pracs.---Representation and Presentation of Product Manufa
cturing Information (PMI)---4.0---2014-10-13',
'CAx-IF Rec.Pracs.---3D Tessellated Geometry---0.4---2014-09-14','2;1',
'CAx-IF Rec.Pracs.---User Defined Attributes---1.5---2016-08-15'),
/* implementation_level */ '2;1');

FILE_NAME(
/* name */ 'Power',
/* time_stamp */ '2026-05-24T19:24:55Z',
/* author */ (''),
/* organization */ (''),
/* preprocessor_version */ 'ST-DEVELOPER v20',
/* originating_system */ 'ONSHAPE BY PTC INC, 1.215',
/* authorisation */ '  ');

FILE_SCHEMA (('AP242_MANAGED_MODEL_BASED_3D_ENGINEERING_MIM_LF { 1 0 10303 442 3 1 4 }'));
ENDSEC;

DATA;
#10=TOROIDAL_SURFACE('',#6055,0.002925,0.00075);
#11=SHAPE_REPRESENTATION_RELATIONSHIP('','',#5568,#14);
#12=SHAPE_REPRESENTATION_RELATIONSHIP('','',#5569,#15);
#13=SHAPE_REPRESENTATION_RELATIONSHIP('','',#5570,#16);
#14=ADVANCED_BREP_SHAPE_REPRESENTATION('',(#5562),#10218);
#15=ADVANCED_BREP_SHAPE_REPRESENTATION('',(#5563),#10219);
#16=ADVANCED_BREP_SHAPE_REPRESENTATION('',(#5564),#10220);
#17=PLANE('',#5899);
#18=PLANE('',#5900);
#19=PLANE('',#5906);
#20=PLANE('',#6048);
#21=PLANE('',#6054);
#22=PLANE('',#6274);
#23=PLANE('',#6337);
#24=PLANE('',#6338);
#25=PLANE('',#6339);
#26=PLANE('',#6340);
#27=PLANE('',#6341);
#28=PLANE('',#6440);
#29=PLANE('',#6441);
#30=LINE('',#8481,#322);
#31=LINE('',#8485,#323);
#32=LINE('',#8491,#324);
#33=LINE('',#8497,#325);
#34=LINE('',#8503,#326);
#35=LINE('',#8509,#327);
#36=LINE('',#8515,#328);
#37=LINE('',#8521,#329);
#38=LINE('',#8527,#330);
#39=LINE('',#8533,#331);
#40=LINE('',#8539,#332);
#41=LINE('',#8545,#333);
#42=LINE('',#8551,#334);
#43=LINE('',#8557,#335);
#44=LINE('',#8563,#336);
#45=LINE('',#8569,#337);
#46=LINE('',#8575,#338);
#47=LINE('',#8581,#339);
#48=LINE('',#8587,#340);
#49=LINE('',#8593,#341);
#50=LINE('',#8599,#342);
#51=LINE('',#8605,#343);
#52=LINE('',#8611,#344);
#53=LINE('',#8617,#345);
#54=LINE('',#8623,#346);
#55=LINE('',#8629,#347);
#56=LINE('',#8635,#348);
#57=LINE('',#8641,#349);
#58=LINE('',#8647,#350);
#59=LINE('',#8653,#351);
#60=LINE('',#8659,#352);
#61=LINE('',#8665,#353);
#62=LINE('',#8671,#354);
#63=LINE('',#8677,#355);
#64=LINE('',#8683,#356);
#65=LINE('',#8689,#357);
#66=LINE('',#8695,#358);
#67=LINE('',#8701,#359);
#68=LINE('',#8707,#360);
#69=LINE('',#8713,#361);
#70=LINE('',#8719,#362);
#71=LINE('',#8725,#363);
#72=LINE('',#8731,#364);
#73=LINE('',#8737,#365);
#74=LINE('',#8743,#366);
#75=LINE('',#8749,#367);
#76=LINE('',#8755,#368);
#77=LINE('',#8761,#369);
#78=LINE('',#8767,#370);
#79=LINE('',#8773,#371);
#80=LINE('',#8779,#372);
#81=LINE('',#8785,#373);
#82=LINE('',#8791,#374);
#83=LINE('',#8797,#375);
#84=LINE('',#8803,#376);
#85=LINE('',#8809,#377);
#86=LINE('',#8815,#378);
#87=LINE('',#8821,#379);
#88=LINE('',#8827,#380);
#89=LINE('',#8833,#381);
#90=LINE('',#8839,#382);
#91=LINE('',#8845,#383);
#92=LINE('',#8851,#384);
#93=LINE('',#8857,#385);
#94=LINE('',#8863,#386);
#95=LINE('',#8869,#387);
#96=LINE('',#8875,#388);
#97=LINE('',#8881,#389);
#98=LINE('',#8887,#390);
#99=LINE('',#8893,#391);
#100=LINE('',#8899,#392);
#101=LINE('',#8905,#393);
#102=LINE('',#8911,#394);
#103=LINE('',#8917,#395);
#104=LINE('',#8923,#396);
#105=LINE('',#8929,#397);
#106=LINE('',#8935,#398);
#107=LINE('',#8941,#399);
#108=LINE('',#8947,#400);
#109=LINE('',#8953,#401);
#110=LINE('',#8959,#402);
#111=LINE('',#8965,#403);
#112=LINE('',#8971,#404);
#113=LINE('',#8977,#405);
#114=LINE('',#8983,#406);
#115=LINE('',#8989,#407);
#116=LINE('',#8995,#408);
#117=LINE('',#9001,#409);
#118=LINE('',#9007,#410);
#119=LINE('',#9013,#411);
#120=LINE('',#9019,#412);
#121=LINE('',#9025,#413);
#122=LINE('',#9031,#414);
#123=LINE('',#9037,#415);
#124=LINE('',#9043,#416);
#125=LINE('',#9049,#417);
#126=LINE('',#9055,#418);
#127=LINE('',#9061,#419);
#128=LINE('',#9067,#420);
#129=LINE('',#9073,#421);
#130=LINE('',#9079,#422);
#131=LINE('',#9085,#423);
#132=LINE('',#9091,#424);
#133=LINE('',#9097,#425);
#134=LINE('',#9103,#426);
#135=LINE('',#9109,#427);
#136=LINE('',#9115,#428);
#137=LINE('',#9121,#429);
#138=LINE('',#9127,#430);
#139=LINE('',#9137,#431);
#140=LINE('',#9142,#432);
#141=LINE('',#9431,#433);
#142=LINE('',#9435,#434);
#143=LINE('',#9439,#435);
#144=LINE('',#9446,#436);
#145=LINE('',#9450,#437);
#146=LINE('',#9452,#438);
#147=LINE('',#9456,#439);
#148=LINE('',#9460,#440);
#149=LINE('',#9464,#441);
#150=LINE('',#9468,#442);
#151=LINE('',#9472,#443);
#152=LINE('',#9476,#444);
#153=LINE('',#9480,#445);
#154=LINE('',#9484,#446);
#155=LINE('',#9488,#447);
#156=LINE('',#9492,#448);
#157=LINE('',#9496,#449);
#158=LINE('',#9500,#450);
#159=LINE('',#9504,#451);
#160=LINE('',#9508,#452);
#161=LINE('',#9512,#453);
#162=LINE('',#9516,#454);
#163=LINE('',#9520,#455);
#164=LINE('',#9524,#456);
#165=LINE('',#9528,#457);
#166=LINE('',#9532,#458);
#167=LINE('',#9536,#459);
#168=LINE('',#9540,#460);
#169=LINE('',#9544,#461);
#170=LINE('',#9548,#462);
#171=LINE('',#9552,#463);
#172=LINE('',#9556,#464);
#173=LINE('',#9560,#465);
#174=LINE('',#9564,#466);
#175=LINE('',#9568,#467);
#176=LINE('',#9572,#468);
#177=LINE('',#9576,#469);
#178=LINE('',#9580,#470);
#179=LINE('',#9584,#471);
#180=LINE('',#9588,#472);
#181=LINE('',#9592,#473);
#182=LINE('',#9596,#474);
#183=LINE('',#9600,#475);
#184=LINE('',#9604,#476);
#185=LINE('',#9608,#477);
#186=LINE('',#9612,#478);
#187=LINE('',#9616,#479);
#188=LINE('',#9620,#480);
#189=LINE('',#9624,#481);
#190=LINE('',#9628,#482);
#191=LINE('',#9632,#483);
#192=LINE('',#9636,#484);
#193=LINE('',#9640,#485);
#194=LINE('',#9644,#486);
#195=LINE('',#9648,#487);
#196=LINE('',#9652,#488);
#197=LINE('',#9656,#489);
#198=LINE('',#9660,#490);
#199=LINE('',#9664,#491);
#200=LINE('',#9668,#492);
#201=LINE('',#9672,#493);
#202=LINE('',#9676,#494);
#203=LINE('',#9680,#495);
#204=LINE('',#9684,#496);
#205=LINE('',#9688,#497);
#206=LINE('',#9692,#498);
#207=LINE('',#9696,#499);
#208=LINE('',#9700,#500);
#209=LINE('',#9704,#501);
#210=LINE('',#9708,#502);
#211=LINE('',#9712,#503);
#212=LINE('',#9716,#504);
#213=LINE('',#9720,#505);
#214=LINE('',#9724,#506);
#215=LINE('',#9728,#507);
#216=LINE('',#9732,#508);
#217=LINE('',#9736,#509);
#218=LINE('',#9740,#510);
#219=LINE('',#9744,#511);
#220=LINE('',#9748,#512);
#221=LINE('',#9752,#513);
#222=LINE('',#9756,#514);
#223=LINE('',#9760,#515);
#224=LINE('',#9764,#516);
#225=LINE('',#9768,#517);
#226=LINE('',#9772,#518);
#227=LINE('',#9776,#519);
#228=LINE('',#9780,#520);
#229=LINE('',#9784,#521);
#230=LINE('',#9788,#522);
#231=LINE('',#9792,#523);
#232=LINE('',#9796,#524);
#233=LINE('',#9800,#525);
#234=LINE('',#9804,#526);
#235=LINE('',#9808,#527);
#236=LINE('',#9812,#528);
#237=LINE('',#9816,#529);
#238=LINE('',#9820,#530);
#239=LINE('',#9824,#531);
#240=LINE('',#9828,#532);
#241=LINE('',#9832,#533);
#242=LINE('',#9836,#534);
#243=LINE('',#9840,#535);
#244=LINE('',#9844,#536);
#245=LINE('',#9848,#537);
#246=LINE('',#9852,#538);
#247=LINE('',#9856,#539);
#248=LINE('',#9860,#540);
#249=LINE('',#9864,#541);
#250=LINE('',#9868,#542);
#251=LINE('',#9872,#543);
#252=LINE('',#9876,#544);
#253=LINE('',#9883,#545);
#254=LINE('',#9887,#546);
#255=LINE('',#9889,#547);
#256=LINE('',#9893,#548);
#257=LINE('',#9897,#549);
#258=LINE('',#9901,#550);
#259=LINE('',#9905,#551);
#260=LINE('',#9909,#552);
#261=LINE('',#9913,#553);
#262=LINE('',#9917,#554);
#263=LINE('',#9921,#555);
#264=LINE('',#9925,#556);
#265=LINE('',#9929,#557);
#266=LINE('',#9933,#558);
#267=LINE('',#9937,#559);
#268=LINE('',#9941,#560);
#269=LINE('',#9945,#561);
#270=LINE('',#9949,#562);
#271=LINE('',#9953,#563);
#272=LINE('',#9957,#564);
#273=LINE('',#9961,#565);
#274=LINE('',#9965,#566);
#275=LINE('',#9969,#567);
#276=LINE('',#9973,#568);
#277=LINE('',#9977,#569);
#278=LINE('',#9981,#570);
#279=LINE('',#9985,#571);
#280=LINE('',#9989,#572);
#281=LINE('',#9993,#573);
#282=LINE('',#9997,#574);
#283=LINE('',#10001,#575);
#284=LINE('',#10008,#576);
#285=LINE('',#10010,#577);
#286=LINE('',#10012,#578);
#287=LINE('',#10014,#579);
#288=LINE('',#10016,#580);
#289=LINE('',#10018,#581);
#290=LINE('',#10020,#582);
#291=LINE('',#10031,#583);
#292=LINE('',#10035,#584);
#293=LINE('',#10041,#585);
#294=LINE('',#10047,#586);
#295=LINE('',#10053,#587);
#296=LINE('',#10059,#588);
#297=LINE('',#10065,#589);
#298=LINE('',#10071,#590);
#299=LINE('',#10077,#591);
#300=LINE('',#10083,#592);
#301=LINE('',#10089,#593);
#302=LINE('',#10095,#594);
#303=LINE('',#10101,#595);
#304=LINE('',#10107,#596);
#305=LINE('',#10113,#597);
#306=LINE('',#10119,#598);
#307=LINE('',#10125,#599);
#308=LINE('',#10131,#600);
#309=LINE('',#10137,#601);
#310=LINE('',#10143,#602);
#311=LINE('',#10149,#603);
#312=LINE('',#10155,#604);
#313=LINE('',#10161,#605);
#314=LINE('',#10167,#606);
#315=LINE('',#10173,#607);
#316=LINE('',#10179,#608);
#317=LINE('',#10185,#609);
#318=LINE('',#10191,#610);
#319=LINE('',#10197,#611);
#320=LINE('',#10203,#612);
#321=LINE('',#10209,#613);
#322=VECTOR('',#6448,1.);
#323=VECTOR('',#6451,1.);
#324=VECTOR('',#6458,1.);
#325=VECTOR('',#6465,1.);
#326=VECTOR('',#6472,1.);
#327=VECTOR('',#6479,1.);
#328=VECTOR('',#6486,1.);
#329=VECTOR('',#6493,1.);
#330=VECTOR('',#6500,1.);
#331=VECTOR('',#6507,1.);
#332=VECTOR('',#6514,1.);
#333=VECTOR('',#6521,1.);
#334=VECTOR('',#6528,1.);
#335=VECTOR('',#6535,1.);
#336=VECTOR('',#6542,1.);
#337=VECTOR('',#6549,1.);
#338=VECTOR('',#6556,1.);
#339=VECTOR('',#6563,1.);
#340=VECTOR('',#6570,1.);
#341=VECTOR('',#6577,1.);
#342=VECTOR('',#6584,1.);
#343=VECTOR('',#6591,1.);
#344=VECTOR('',#6598,1.);
#345=VECTOR('',#6605,1.);
#346=VECTOR('',#6612,1.);
#347=VECTOR('',#6619,1.);
#348=VECTOR('',#6626,1.);
#349=VECTOR('',#6633,1.);
#350=VECTOR('',#6640,1.);
#351=VECTOR('',#6647,1.);
#352=VECTOR('',#6654,1.);
#353=VECTOR('',#6661,1.);
#354=VECTOR('',#6668,1.);
#355=VECTOR('',#6675,1.);
#356=VECTOR('',#6682,1.);
#357=VECTOR('',#6689,1.);
#358=VECTOR('',#6696,1.);
#359=VECTOR('',#6703,1.);
#360=VECTOR('',#6710,1.);
#361=VECTOR('',#6717,1.);
#362=VECTOR('',#6724,1.);
#363=VECTOR('',#6731,1.);
#364=VECTOR('',#6738,1.);
#365=VECTOR('',#6745,1.);
#366=VECTOR('',#6752,1.);
#367=VECTOR('',#6759,1.);
#368=VECTOR('',#6766,1.);
#369=VECTOR('',#6773,1.);
#370=VECTOR('',#6780,1.);
#371=VECTOR('',#6787,1.);
#372=VECTOR('',#6794,1.);
#373=VECTOR('',#6801,1.);
#374=VECTOR('',#6808,1.);
#375=VECTOR('',#6815,1.);
#376=VECTOR('',#6822,1.);
#377=VECTOR('',#6829,1.);
#378=VECTOR('',#6836,1.);
#379=VECTOR('',#6843,1.);
#380=VECTOR('',#6850,1.);
#381=VECTOR('',#6857,1.);
#382=VECTOR('',#6864,1.);
#383=VECTOR('',#6871,1.);
#384=VECTOR('',#6878,1.);
#385=VECTOR('',#6885,1.);
#386=VECTOR('',#6892,1.);
#387=VECTOR('',#6899,1.);
#388=VECTOR('',#6906,1.);
#389=VECTOR('',#6913,1.);
#390=VECTOR('',#6920,1.);
#391=VECTOR('',#6927,1.);
#392=VECTOR('',#6934,1.);
#393=VECTOR('',#6941,1.);
#394=VECTOR('',#6948,1.);
#395=VECTOR('',#6955,1.);
#396=VECTOR('',#6962,1.);
#397=VECTOR('',#6969,1.);
#398=VECTOR('',#6976,1.);
#399=VECTOR('',#6983,1.);
#400=VECTOR('',#6990,1.);
#401=VECTOR('',#6997,1.);
#402=VECTOR('',#7004,1.);
#403=VECTOR('',#7011,1.);
#404=VECTOR('',#7018,1.);
#405=VECTOR('',#7025,1.);
#406=VECTOR('',#7032,1.);
#407=VECTOR('',#7039,1.);
#408=VECTOR('',#7046,1.);
#409=VECTOR('',#7053,1.);
#410=VECTOR('',#7060,1.);
#411=VECTOR('',#7067,1.);
#412=VECTOR('',#7074,1.);
#413=VECTOR('',#7081,1.);
#414=VECTOR('',#7088,1.);
#415=VECTOR('',#7095,1.);
#416=VECTOR('',#7102,1.);
#417=VECTOR('',#7109,1.);
#418=VECTOR('',#7116,1.);
#419=VECTOR('',#7123,1.);
#420=VECTOR('',#7130,1.);
#421=VECTOR('',#7137,1.);
#422=VECTOR('',#7144,1.);
#423=VECTOR('',#7151,1.);
#424=VECTOR('',#7158,1.);
#425=VECTOR('',#7165,1.);
#426=VECTOR('',#7172,1.);
#427=VECTOR('',#7179,1.);
#428=VECTOR('',#7186,1.);
#429=VECTOR('',#7193,1.);
#430=VECTOR('',#7200,1.);
#431=VECTOR('',#7217,1.);
#432=VECTOR('',#7220,1.);
#433=VECTOR('',#7511,1.);
#434=VECTOR('',#7514,1.);
#435=VECTOR('',#7517,1.);
#436=VECTOR('',#7528,1.);
#437=VECTOR('',#7531,1.);
#438=VECTOR('',#7534,1.);
#439=VECTOR('',#7539,1.);
#440=VECTOR('',#7544,1.);
#441=VECTOR('',#7549,1.);
#442=VECTOR('',#7554,1.);
#443=VECTOR('',#7559,1.);
#444=VECTOR('',#7564,1.);
#445=VECTOR('',#7569,1.);
#446=VECTOR('',#7574,1.);
#447=VECTOR('',#7579,1.);
#448=VECTOR('',#7584,1.);
#449=VECTOR('',#7589,1.);
#450=VECTOR('',#7594,1.);
#451=VECTOR('',#7599,1.);
#452=VECTOR('',#7604,1.);
#453=VECTOR('',#7609,1.);
#454=VECTOR('',#7614,1.);
#455=VECTOR('',#7619,1.);
#456=VECTOR('',#7624,1.);
#457=VECTOR('',#7629,1.);
#458=VECTOR('',#7634,1.);
#459=VECTOR('',#7639,1.);
#460=VECTOR('',#7644,1.);
#461=VECTOR('',#7649,1.);
#462=VECTOR('',#7654,1.);
#463=VECTOR('',#7659,1.);
#464=VECTOR('',#7664,1.);
#465=VECTOR('',#7669,1.);
#466=VECTOR('',#7674,1.);
#467=VECTOR('',#7679,1.);
#468=VECTOR('',#7684,1.);
#469=VECTOR('',#7689,1.);
#470=VECTOR('',#7694,1.);
#471=VECTOR('',#7699,1.);
#472=VECTOR('',#7704,1.);
#473=VECTOR('',#7709,1.);
#474=VECTOR('',#7714,1.);
#475=VECTOR('',#7719,1.);
#476=VECTOR('',#7724,1.);
#477=VECTOR('',#7729,1.);
#478=VECTOR('',#7734,1.);
#479=VECTOR('',#7739,1.);
#480=VECTOR('',#7744,1.);
#481=VECTOR('',#7749,1.);
#482=VECTOR('',#7754,1.);
#483=VECTOR('',#7759,1.);
#484=VECTOR('',#7764,1.);
#485=VECTOR('',#7769,1.);
#486=VECTOR('',#7774,1.);
#487=VECTOR('',#7779,1.);
#488=VECTOR('',#7784,1.);
#489=VECTOR('',#7789,1.);
#490=VECTOR('',#7794,1.);
#491=VECTOR('',#7799,1.);
#492=VECTOR('',#7804,1.);
#493=VECTOR('',#7809,1.);
#494=VECTOR('',#7814,1.);
#495=VECTOR('',#7819,1.);
#496=VECTOR('',#7824,1.);
#497=VECTOR('',#7829,1.);
#498=VECTOR('',#7834,1.);
#499=VECTOR('',#7839,1.);
#500=VECTOR('',#7844,1.);
#501=VECTOR('',#7849,1.);
#502=VECTOR('',#7854,1.);
#503=VECTOR('',#7859,1.);
#504=VECTOR('',#7864,1.);
#505=VECTOR('',#7869,1.);
#506=VECTOR('',#7874,1.);
#507=VECTOR('',#7879,1.);
#508=VECTOR('',#7884,1.);
#509=VECTOR('',#7889,1.);
#510=VECTOR('',#7894,1.);
#511=VECTOR('',#7899,1.);
#512=VECTOR('',#7904,1.);
#513=VECTOR('',#7909,1.);
#514=VECTOR('',#7914,1.);
#515=VECTOR('',#7919,1.);
#516=VECTOR('',#7924,1.);
#517=VECTOR('',#7929,1.);
#518=VECTOR('',#7934,1.);
#519=VECTOR('',#7939,1.);
#520=VECTOR('',#7944,1.);
#521=VECTOR('',#7949,1.);
#522=VECTOR('',#7954,1.);
#523=VECTOR('',#7959,1.);
#524=VECTOR('',#7964,1.);
#525=VECTOR('',#7969,1.);
#526=VECTOR('',#7974,1.);
#527=VECTOR('',#7979,1.);
#528=VECTOR('',#7984,1.);
#529=VECTOR('',#7989,1.);
#530=VECTOR('',#7994,1.);
#531=VECTOR('',#7999,1.);
#532=VECTOR('',#8004,1.);
#533=VECTOR('',#8009,1.);
#534=VECTOR('',#8014,1.);
#535=VECTOR('',#8019,1.);
#536=VECTOR('',#8024,1.);
#537=VECTOR('',#8029,1.);
#538=VECTOR('',#8034,1.);
#539=VECTOR('',#8039,1.);
#540=VECTOR('',#8044,1.);
#541=VECTOR('',#8049,1.);
#542=VECTOR('',#8054,1.);
#543=VECTOR('',#8059,1.);
#544=VECTOR('',#8064,1.);
#545=VECTOR('',#8075,1.);
#546=VECTOR('',#8078,1.);
#547=VECTOR('',#8081,1.);
#548=VECTOR('',#8086,1.);
#549=VECTOR('',#8091,1.);
#550=VECTOR('',#8096,1.);
#551=VECTOR('',#8101,1.);
#552=VECTOR('',#8106,1.);
#553=VECTOR('',#8111,1.);
#554=VECTOR('',#8116,1.);
#555=VECTOR('',#8121,1.);
#556=VECTOR('',#8126,1.);
#557=VECTOR('',#8131,1.);
#558=VECTOR('',#8136,1.);
#559=VECTOR('',#8141,1.);
#560=VECTOR('',#8146,1.);
#561=VECTOR('',#8151,1.);
#562=VECTOR('',#8156,1.);
#563=VECTOR('',#8161,1.);
#564=VECTOR('',#8166,1.);
#565=VECTOR('',#8171,1.);
#566=VECTOR('',#8176,1.);
#567=VECTOR('',#8181,1.);
#568=VECTOR('',#8186,1.);
#569=VECTOR('',#8191,1.);
#570=VECTOR('',#8196,1.);
#571=VECTOR('',#8201,1.);
#572=VECTOR('',#8206,1.);
#573=VECTOR('',#8211,1.);
#574=VECTOR('',#8216,1.);
#575=VECTOR('',#8221,1.);
#576=VECTOR('',#8232,1.);
#577=VECTOR('',#8233,1.);
#578=VECTOR('',#8236,1.);
#579=VECTOR('',#8237,1.);
#580=VECTOR('',#8238,1.);
#581=VECTOR('',#8241,1.);
#582=VECTOR('',#8242,1.);
#583=VECTOR('',#8259,1.);
#584=VECTOR('',#8262,1.);
#585=VECTOR('',#8269,1.);
#586=VECTOR('',#8276,1.);
#587=VECTOR('',#8283,1.);
#588=VECTOR('',#8290,1.);
#589=VECTOR('',#8297,1.);
#590=VECTOR('',#8304,1.);
#591=VECTOR('',#8311,1.);
#592=VECTOR('',#8318,1.);
#593=VECTOR('',#8325,1.);
#594=VECTOR('',#8332,1.);
#595=VECTOR('',#8339,1.);
#596=VECTOR('',#8346,1.);
#597=VECTOR('',#8353,1.);
#598=VECTOR('',#8360,1.);
#599=VECTOR('',#8367,1.);
#600=VECTOR('',#8374,1.);
#601=VECTOR('',#8381,1.);
#602=VECTOR('',#8388,1.);
#603=VECTOR('',#8395,1.);
#604=VECTOR('',#8402,1.);
#605=VECTOR('',#8409,1.);
#606=VECTOR('',#8416,1.);
#607=VECTOR('',#8423,1.);
#608=VECTOR('',#8430,1.);
#609=VECTOR('',#8437,1.);
#610=VECTOR('',#8444,1.);
#611=VECTOR('',#8451,1.);
#612=VECTOR('',#8458,1.);
#613=VECTOR('',#8465,1.);
#614=ORIENTED_EDGE('',*,*,#2338,.F.);
#615=ORIENTED_EDGE('',*,*,#2339,.F.);
#616=ORIENTED_EDGE('',*,*,#2340,.T.);
#617=ORIENTED_EDGE('',*,*,#2341,.T.);
#618=ORIENTED_EDGE('',*,*,#2342,.F.);
#619=ORIENTED_EDGE('',*,*,#2341,.F.);
#620=ORIENTED_EDGE('',*,*,#2343,.T.);
#621=ORIENTED_EDGE('',*,*,#2344,.T.);
#622=ORIENTED_EDGE('',*,*,#2345,.F.);
#623=ORIENTED_EDGE('',*,*,#2344,.F.);
#624=ORIENTED_EDGE('',*,*,#2346,.T.);
#625=ORIENTED_EDGE('',*,*,#2347,.T.);
#626=ORIENTED_EDGE('',*,*,#2348,.F.);
#627=ORIENTED_EDGE('',*,*,#2347,.F.);
#628=ORIENTED_EDGE('',*,*,#2349,.T.);
#629=ORIENTED_EDGE('',*,*,#2350,.T.);
#630=ORIENTED_EDGE('',*,*,#2351,.F.);
#631=ORIENTED_EDGE('',*,*,#2350,.F.);
#632=ORIENTED_EDGE('',*,*,#2352,.T.);
#633=ORIENTED_EDGE('',*,*,#2353,.T.);
#634=ORIENTED_EDGE('',*,*,#2354,.F.);
#635=ORIENTED_EDGE('',*,*,#2353,.F.);
#636=ORIENTED_EDGE('',*,*,#2355,.T.);
#637=ORIENTED_EDGE('',*,*,#2356,.T.);
#638=ORIENTED_EDGE('',*,*,#2357,.F.);
#639=ORIENTED_EDGE('',*,*,#2356,.F.);
#640=ORIENTED_EDGE('',*,*,#2358,.T.);
#641=ORIENTED_EDGE('',*,*,#2359,.T.);
#642=ORIENTED_EDGE('',*,*,#2360,.F.);
#643=ORIENTED_EDGE('',*,*,#2359,.F.);
#644=ORIENTED_EDGE('',*,*,#2361,.T.);
#645=ORIENTED_EDGE('',*,*,#2362,.T.);
#646=ORIENTED_EDGE('',*,*,#2363,.F.);
#647=ORIENTED_EDGE('',*,*,#2362,.F.);
#648=ORIENTED_EDGE('',*,*,#2364,.T.);
#649=ORIENTED_EDGE('',*,*,#2365,.T.);
#650=ORIENTED_EDGE('',*,*,#2366,.F.);
#651=ORIENTED_EDGE('',*,*,#2365,.F.);
#652=ORIENTED_EDGE('',*,*,#2367,.T.);
#653=ORIENTED_EDGE('',*,*,#2368,.T.);
#654=ORIENTED_EDGE('',*,*,#2369,.F.);
#655=ORIENTED_EDGE('',*,*,#2368,.F.);
#656=ORIENTED_EDGE('',*,*,#2370,.T.);
#657=ORIENTED_EDGE('',*,*,#2371,.T.);
#658=ORIENTED_EDGE('',*,*,#2372,.F.);
#659=ORIENTED_EDGE('',*,*,#2371,.F.);
#660=ORIENTED_EDGE('',*,*,#2373,.T.);
#661=ORIENTED_EDGE('',*,*,#2374,.T.);
#662=ORIENTED_EDGE('',*,*,#2375,.F.);
#663=ORIENTED_EDGE('',*,*,#2374,.F.);
#664=ORIENTED_EDGE('',*,*,#2376,.T.);
#665=ORIENTED_EDGE('',*,*,#2377,.T.);
#666=ORIENTED_EDGE('',*,*,#2378,.F.);
#667=ORIENTED_EDGE('',*,*,#2377,.F.);
#668=ORIENTED_EDGE('',*,*,#2379,.T.);
#669=ORIENTED_EDGE('',*,*,#2380,.T.);
#670=ORIENTED_EDGE('',*,*,#2381,.F.);
#671=ORIENTED_EDGE('',*,*,#2380,.F.);
#672=ORIENTED_EDGE('',*,*,#2382,.T.);
#673=ORIENTED_EDGE('',*,*,#2383,.T.);
#674=ORIENTED_EDGE('',*,*,#2384,.F.);
#675=ORIENTED_EDGE('',*,*,#2383,.F.);
#676=ORIENTED_EDGE('',*,*,#2385,.T.);
#677=ORIENTED_EDGE('',*,*,#2386,.T.);
#678=ORIENTED_EDGE('',*,*,#2387,.F.);
#679=ORIENTED_EDGE('',*,*,#2386,.F.);
#680=ORIENTED_EDGE('',*,*,#2388,.T.);
#681=ORIENTED_EDGE('',*,*,#2389,.T.);
#682=ORIENTED_EDGE('',*,*,#2390,.F.);
#683=ORIENTED_EDGE('',*,*,#2389,.F.);
#684=ORIENTED_EDGE('',*,*,#2391,.T.);
#685=ORIENTED_EDGE('',*,*,#2392,.T.);
#686=ORIENTED_EDGE('',*,*,#2393,.F.);
#687=ORIENTED_EDGE('',*,*,#2392,.F.);
#688=ORIENTED_EDGE('',*,*,#2394,.T.);
#689=ORIENTED_EDGE('',*,*,#2395,.T.);
#690=ORIENTED_EDGE('',*,*,#2396,.F.);
#691=ORIENTED_EDGE('',*,*,#2395,.F.);
#692=ORIENTED_EDGE('',*,*,#2397,.T.);
#693=ORIENTED_EDGE('',*,*,#2398,.T.);
#694=ORIENTED_EDGE('',*,*,#2399,.F.);
#695=ORIENTED_EDGE('',*,*,#2398,.F.);
#696=ORIENTED_EDGE('',*,*,#2400,.T.);
#697=ORIENTED_EDGE('',*,*,#2401,.T.);
#698=ORIENTED_EDGE('',*,*,#2402,.F.);
#699=ORIENTED_EDGE('',*,*,#2401,.F.);
#700=ORIENTED_EDGE('',*,*,#2403,.T.);
#701=ORIENTED_EDGE('',*,*,#2404,.T.);
#702=ORIENTED_EDGE('',*,*,#2405,.F.);
#703=ORIENTED_EDGE('',*,*,#2404,.F.);
#704=ORIENTED_EDGE('',*,*,#2406,.T.);
#705=ORIENTED_EDGE('',*,*,#2407,.T.);
#706=ORIENTED_EDGE('',*,*,#2408,.F.);
#707=ORIENTED_EDGE('',*,*,#2407,.F.);
#708=ORIENTED_EDGE('',*,*,#2409,.T.);
#709=ORIENTED_EDGE('',*,*,#2410,.T.);
#710=ORIENTED_EDGE('',*,*,#2411,.F.);
#711=ORIENTED_EDGE('',*,*,#2410,.F.);
#712=ORIENTED_EDGE('',*,*,#2412,.T.);
#713=ORIENTED_EDGE('',*,*,#2413,.T.);
#714=ORIENTED_EDGE('',*,*,#2414,.F.);
#715=ORIENTED_EDGE('',*,*,#2413,.F.);
#716=ORIENTED_EDGE('',*,*,#2415,.T.);
#717=ORIENTED_EDGE('',*,*,#2416,.T.);
#718=ORIENTED_EDGE('',*,*,#2417,.F.);
#719=ORIENTED_EDGE('',*,*,#2416,.F.);
#720=ORIENTED_EDGE('',*,*,#2418,.T.);
#721=ORIENTED_EDGE('',*,*,#2419,.T.);
#722=ORIENTED_EDGE('',*,*,#2420,.F.);
#723=ORIENTED_EDGE('',*,*,#2419,.F.);
#724=ORIENTED_EDGE('',*,*,#2421,.T.);
#725=ORIENTED_EDGE('',*,*,#2422,.T.);
#726=ORIENTED_EDGE('',*,*,#2423,.F.);
#727=ORIENTED_EDGE('',*,*,#2422,.F.);
#728=ORIENTED_EDGE('',*,*,#2424,.T.);
#729=ORIENTED_EDGE('',*,*,#2425,.T.);
#730=ORIENTED_EDGE('',*,*,#2426,.F.);
#731=ORIENTED_EDGE('',*,*,#2425,.F.);
#732=ORIENTED_EDGE('',*,*,#2427,.T.);
#733=ORIENTED_EDGE('',*,*,#2428,.T.);
#734=ORIENTED_EDGE('',*,*,#2429,.F.);
#735=ORIENTED_EDGE('',*,*,#2428,.F.);
#736=ORIENTED_EDGE('',*,*,#2430,.T.);
#737=ORIENTED_EDGE('',*,*,#2431,.T.);
#738=ORIENTED_EDGE('',*,*,#2432,.F.);
#739=ORIENTED_EDGE('',*,*,#2431,.F.);
#740=ORIENTED_EDGE('',*,*,#2433,.T.);
#741=ORIENTED_EDGE('',*,*,#2434,.T.);
#742=ORIENTED_EDGE('',*,*,#2435,.F.);
#743=ORIENTED_EDGE('',*,*,#2434,.F.);
#744=ORIENTED_EDGE('',*,*,#2436,.T.);
#745=ORIENTED_EDGE('',*,*,#2437,.T.);
#746=ORIENTED_EDGE('',*,*,#2438,.F.);
#747=ORIENTED_EDGE('',*,*,#2437,.F.);
#748=ORIENTED_EDGE('',*,*,#2439,.T.);
#749=ORIENTED_EDGE('',*,*,#2440,.T.);
#750=ORIENTED_EDGE('',*,*,#2441,.F.);
#751=ORIENTED_EDGE('',*,*,#2440,.F.);
#752=ORIENTED_EDGE('',*,*,#2442,.T.);
#753=ORIENTED_EDGE('',*,*,#2443,.T.);
#754=ORIENTED_EDGE('',*,*,#2444,.F.);
#755=ORIENTED_EDGE('',*,*,#2443,.F.);
#756=ORIENTED_EDGE('',*,*,#2445,.T.);
#757=ORIENTED_EDGE('',*,*,#2446,.T.);
#758=ORIENTED_EDGE('',*,*,#2447,.F.);
#759=ORIENTED_EDGE('',*,*,#2446,.F.);
#760=ORIENTED_EDGE('',*,*,#2448,.T.);
#761=ORIENTED_EDGE('',*,*,#2449,.T.);
#762=ORIENTED_EDGE('',*,*,#2450,.F.);
#763=ORIENTED_EDGE('',*,*,#2449,.F.);
#764=ORIENTED_EDGE('',*,*,#2451,.T.);
#765=ORIENTED_EDGE('',*,*,#2452,.T.);
#766=ORIENTED_EDGE('',*,*,#2453,.F.);
#767=ORIENTED_EDGE('',*,*,#2452,.F.);
#768=ORIENTED_EDGE('',*,*,#2454,.T.);
#769=ORIENTED_EDGE('',*,*,#2455,.T.);
#770=ORIENTED_EDGE('',*,*,#2456,.F.);
#771=ORIENTED_EDGE('',*,*,#2455,.F.);
#772=ORIENTED_EDGE('',*,*,#2457,.T.);
#773=ORIENTED_EDGE('',*,*,#2458,.T.);
#774=ORIENTED_EDGE('',*,*,#2459,.F.);
#775=ORIENTED_EDGE('',*,*,#2458,.F.);
#776=ORIENTED_EDGE('',*,*,#2460,.T.);
#777=ORIENTED_EDGE('',*,*,#2461,.T.);
#778=ORIENTED_EDGE('',*,*,#2462,.F.);
#779=ORIENTED_EDGE('',*,*,#2461,.F.);
#780=ORIENTED_EDGE('',*,*,#2463,.T.);
#781=ORIENTED_EDGE('',*,*,#2464,.T.);
#782=ORIENTED_EDGE('',*,*,#2465,.F.);
#783=ORIENTED_EDGE('',*,*,#2464,.F.);
#784=ORIENTED_EDGE('',*,*,#2466,.T.);
#785=ORIENTED_EDGE('',*,*,#2467,.T.);
#786=ORIENTED_EDGE('',*,*,#2468,.F.);
#787=ORIENTED_EDGE('',*,*,#2467,.F.);
#788=ORIENTED_EDGE('',*,*,#2469,.T.);
#789=ORIENTED_EDGE('',*,*,#2470,.T.);
#790=ORIENTED_EDGE('',*,*,#2471,.F.);
#791=ORIENTED_EDGE('',*,*,#2470,.F.);
#792=ORIENTED_EDGE('',*,*,#2472,.T.);
#793=ORIENTED_EDGE('',*,*,#2473,.T.);
#794=ORIENTED_EDGE('',*,*,#2474,.F.);
#795=ORIENTED_EDGE('',*,*,#2473,.F.);
#796=ORIENTED_EDGE('',*,*,#2475,.T.);
#797=ORIENTED_EDGE('',*,*,#2476,.T.);
#798=ORIENTED_EDGE('',*,*,#2477,.F.);
#799=ORIENTED_EDGE('',*,*,#2476,.F.);
#800=ORIENTED_EDGE('',*,*,#2478,.T.);
#801=ORIENTED_EDGE('',*,*,#2479,.T.);
#802=ORIENTED_EDGE('',*,*,#2480,.F.);
#803=ORIENTED_EDGE('',*,*,#2479,.F.);
#804=ORIENTED_EDGE('',*,*,#2481,.T.);
#805=ORIENTED_EDGE('',*,*,#2482,.T.);
#806=ORIENTED_EDGE('',*,*,#2483,.F.);
#807=ORIENTED_EDGE('',*,*,#2482,.F.);
#808=ORIENTED_EDGE('',*,*,#2484,.T.);
#809=ORIENTED_EDGE('',*,*,#2485,.T.);
#810=ORIENTED_EDGE('',*,*,#2486,.F.);
#811=ORIENTED_EDGE('',*,*,#2485,.F.);
#812=ORIENTED_EDGE('',*,*,#2487,.T.);
#813=ORIENTED_EDGE('',*,*,#2488,.T.);
#814=ORIENTED_EDGE('',*,*,#2489,.F.);
#815=ORIENTED_EDGE('',*,*,#2488,.F.);
#816=ORIENTED_EDGE('',*,*,#2490,.T.);
#817=ORIENTED_EDGE('',*,*,#2491,.T.);
#818=ORIENTED_EDGE('',*,*,#2492,.F.);
#819=ORIENTED_EDGE('',*,*,#2491,.F.);
#820=ORIENTED_EDGE('',*,*,#2493,.T.);
#821=ORIENTED_EDGE('',*,*,#2494,.T.);
#822=ORIENTED_EDGE('',*,*,#2495,.F.);
#823=ORIENTED_EDGE('',*,*,#2494,.F.);
#824=ORIENTED_EDGE('',*,*,#2496,.T.);
#825=ORIENTED_EDGE('',*,*,#2497,.T.);
#826=ORIENTED_EDGE('',*,*,#2498,.F.);
#827=ORIENTED_EDGE('',*,*,#2497,.F.);
#828=ORIENTED_EDGE('',*,*,#2499,.T.);
#829=ORIENTED_EDGE('',*,*,#2500,.T.);
#830=ORIENTED_EDGE('',*,*,#2501,.F.);
#831=ORIENTED_EDGE('',*,*,#2500,.F.);
#832=ORIENTED_EDGE('',*,*,#2502,.T.);
#833=ORIENTED_EDGE('',*,*,#2503,.T.);
#834=ORIENTED_EDGE('',*,*,#2504,.F.);
#835=ORIENTED_EDGE('',*,*,#2503,.F.);
#836=ORIENTED_EDGE('',*,*,#2505,.T.);
#837=ORIENTED_EDGE('',*,*,#2506,.T.);
#838=ORIENTED_EDGE('',*,*,#2507,.F.);
#839=ORIENTED_EDGE('',*,*,#2506,.F.);
#840=ORIENTED_EDGE('',*,*,#2508,.T.);
#841=ORIENTED_EDGE('',*,*,#2509,.T.);
#842=ORIENTED_EDGE('',*,*,#2510,.F.);
#843=ORIENTED_EDGE('',*,*,#2509,.F.);
#844=ORIENTED_EDGE('',*,*,#2511,.T.);
#845=ORIENTED_EDGE('',*,*,#2512,.T.);
#846=ORIENTED_EDGE('',*,*,#2513,.F.);
#847=ORIENTED_EDGE('',*,*,#2512,.F.);
#848=ORIENTED_EDGE('',*,*,#2514,.T.);
#849=ORIENTED_EDGE('',*,*,#2515,.T.);
#850=ORIENTED_EDGE('',*,*,#2516,.F.);
#851=ORIENTED_EDGE('',*,*,#2515,.F.);
#852=ORIENTED_EDGE('',*,*,#2517,.T.);
#853=ORIENTED_EDGE('',*,*,#2518,.T.);
#854=ORIENTED_EDGE('',*,*,#2519,.F.);
#855=ORIENTED_EDGE('',*,*,#2518,.F.);
#856=ORIENTED_EDGE('',*,*,#2520,.T.);
#857=ORIENTED_EDGE('',*,*,#2521,.T.);
#858=ORIENTED_EDGE('',*,*,#2522,.F.);
#859=ORIENTED_EDGE('',*,*,#2521,.F.);
#860=ORIENTED_EDGE('',*,*,#2523,.T.);
#861=ORIENTED_EDGE('',*,*,#2524,.T.);
#862=ORIENTED_EDGE('',*,*,#2525,.F.);
#863=ORIENTED_EDGE('',*,*,#2524,.F.);
#864=ORIENTED_EDGE('',*,*,#2526,.T.);
#865=ORIENTED_EDGE('',*,*,#2527,.T.);
#866=ORIENTED_EDGE('',*,*,#2528,.F.);
#867=ORIENTED_EDGE('',*,*,#2527,.F.);
#868=ORIENTED_EDGE('',*,*,#2529,.T.);
#869=ORIENTED_EDGE('',*,*,#2530,.T.);
#870=ORIENTED_EDGE('',*,*,#2531,.F.);
#871=ORIENTED_EDGE('',*,*,#2530,.F.);
#872=ORIENTED_EDGE('',*,*,#2532,.T.);
#873=ORIENTED_EDGE('',*,*,#2533,.T.);
#874=ORIENTED_EDGE('',*,*,#2534,.F.);
#875=ORIENTED_EDGE('',*,*,#2533,.F.);
#876=ORIENTED_EDGE('',*,*,#2535,.T.);
#877=ORIENTED_EDGE('',*,*,#2536,.T.);
#878=ORIENTED_EDGE('',*,*,#2537,.F.);
#879=ORIENTED_EDGE('',*,*,#2536,.F.);
#880=ORIENTED_EDGE('',*,*,#2538,.T.);
#881=ORIENTED_EDGE('',*,*,#2539,.T.);
#882=ORIENTED_EDGE('',*,*,#2540,.F.);
#883=ORIENTED_EDGE('',*,*,#2539,.F.);
#884=ORIENTED_EDGE('',*,*,#2541,.T.);
#885=ORIENTED_EDGE('',*,*,#2542,.T.);
#886=ORIENTED_EDGE('',*,*,#2543,.F.);
#887=ORIENTED_EDGE('',*,*,#2542,.F.);
#888=ORIENTED_EDGE('',*,*,#2544,.T.);
#889=ORIENTED_EDGE('',*,*,#2545,.T.);
#890=ORIENTED_EDGE('',*,*,#2546,.F.);
#891=ORIENTED_EDGE('',*,*,#2545,.F.);
#892=ORIENTED_EDGE('',*,*,#2547,.T.);
#893=ORIENTED_EDGE('',*,*,#2548,.T.);
#894=ORIENTED_EDGE('',*,*,#2549,.F.);
#895=ORIENTED_EDGE('',*,*,#2548,.F.);
#896=ORIENTED_EDGE('',*,*,#2550,.T.);
#897=ORIENTED_EDGE('',*,*,#2551,.T.);
#898=ORIENTED_EDGE('',*,*,#2552,.F.);
#899=ORIENTED_EDGE('',*,*,#2551,.F.);
#900=ORIENTED_EDGE('',*,*,#2553,.T.);
#901=ORIENTED_EDGE('',*,*,#2554,.T.);
#902=ORIENTED_EDGE('',*,*,#2555,.F.);
#903=ORIENTED_EDGE('',*,*,#2554,.F.);
#904=ORIENTED_EDGE('',*,*,#2556,.T.);
#905=ORIENTED_EDGE('',*,*,#2557,.T.);
#906=ORIENTED_EDGE('',*,*,#2558,.F.);
#907=ORIENTED_EDGE('',*,*,#2557,.F.);
#908=ORIENTED_EDGE('',*,*,#2559,.T.);
#909=ORIENTED_EDGE('',*,*,#2560,.T.);
#910=ORIENTED_EDGE('',*,*,#2561,.F.);
#911=ORIENTED_EDGE('',*,*,#2560,.F.);
#912=ORIENTED_EDGE('',*,*,#2562,.T.);
#913=ORIENTED_EDGE('',*,*,#2563,.T.);
#914=ORIENTED_EDGE('',*,*,#2564,.F.);
#915=ORIENTED_EDGE('',*,*,#2563,.F.);
#916=ORIENTED_EDGE('',*,*,#2565,.T.);
#917=ORIENTED_EDGE('',*,*,#2566,.T.);
#918=ORIENTED_EDGE('',*,*,#2567,.F.);
#919=ORIENTED_EDGE('',*,*,#2566,.F.);
#920=ORIENTED_EDGE('',*,*,#2568,.T.);
#921=ORIENTED_EDGE('',*,*,#2569,.T.);
#922=ORIENTED_EDGE('',*,*,#2570,.F.);
#923=ORIENTED_EDGE('',*,*,#2569,.F.);
#924=ORIENTED_EDGE('',*,*,#2571,.T.);
#925=ORIENTED_EDGE('',*,*,#2572,.T.);
#926=ORIENTED_EDGE('',*,*,#2573,.F.);
#927=ORIENTED_EDGE('',*,*,#2572,.F.);
#928=ORIENTED_EDGE('',*,*,#2574,.T.);
#929=ORIENTED_EDGE('',*,*,#2575,.T.);
#930=ORIENTED_EDGE('',*,*,#2576,.F.);
#931=ORIENTED_EDGE('',*,*,#2575,.F.);
#932=ORIENTED_EDGE('',*,*,#2577,.T.);
#933=ORIENTED_EDGE('',*,*,#2578,.T.);
#934=ORIENTED_EDGE('',*,*,#2579,.F.);
#935=ORIENTED_EDGE('',*,*,#2578,.F.);
#936=ORIENTED_EDGE('',*,*,#2580,.T.);
#937=ORIENTED_EDGE('',*,*,#2581,.T.);
#938=ORIENTED_EDGE('',*,*,#2582,.F.);
#939=ORIENTED_EDGE('',*,*,#2581,.F.);
#940=ORIENTED_EDGE('',*,*,#2583,.T.);
#941=ORIENTED_EDGE('',*,*,#2584,.T.);
#942=ORIENTED_EDGE('',*,*,#2585,.F.);
#943=ORIENTED_EDGE('',*,*,#2584,.F.);
#944=ORIENTED_EDGE('',*,*,#2586,.T.);
#945=ORIENTED_EDGE('',*,*,#2587,.T.);
#946=ORIENTED_EDGE('',*,*,#2588,.F.);
#947=ORIENTED_EDGE('',*,*,#2587,.F.);
#948=ORIENTED_EDGE('',*,*,#2589,.T.);
#949=ORIENTED_EDGE('',*,*,#2590,.T.);
#950=ORIENTED_EDGE('',*,*,#2591,.F.);
#951=ORIENTED_EDGE('',*,*,#2590,.F.);
#952=ORIENTED_EDGE('',*,*,#2592,.T.);
#953=ORIENTED_EDGE('',*,*,#2593,.T.);
#954=ORIENTED_EDGE('',*,*,#2594,.F.);
#955=ORIENTED_EDGE('',*,*,#2593,.F.);
#956=ORIENTED_EDGE('',*,*,#2595,.T.);
#957=ORIENTED_EDGE('',*,*,#2596,.T.);
#958=ORIENTED_EDGE('',*,*,#2597,.F.);
#959=ORIENTED_EDGE('',*,*,#2596,.F.);
#960=ORIENTED_EDGE('',*,*,#2598,.T.);
#961=ORIENTED_EDGE('',*,*,#2599,.T.);
#962=ORIENTED_EDGE('',*,*,#2600,.F.);
#963=ORIENTED_EDGE('',*,*,#2599,.F.);
#964=ORIENTED_EDGE('',*,*,#2601,.T.);
#965=ORIENTED_EDGE('',*,*,#2602,.T.);
#966=ORIENTED_EDGE('',*,*,#2603,.F.);
#967=ORIENTED_EDGE('',*,*,#2602,.F.);
#968=ORIENTED_EDGE('',*,*,#2604,.T.);
#969=ORIENTED_EDGE('',*,*,#2605,.T.);
#970=ORIENTED_EDGE('',*,*,#2606,.F.);
#971=ORIENTED_EDGE('',*,*,#2605,.F.);
#972=ORIENTED_EDGE('',*,*,#2607,.T.);
#973=ORIENTED_EDGE('',*,*,#2608,.T.);
#974=ORIENTED_EDGE('',*,*,#2609,.F.);
#975=ORIENTED_EDGE('',*,*,#2608,.F.);
#976=ORIENTED_EDGE('',*,*,#2610,.T.);
#977=ORIENTED_EDGE('',*,*,#2611,.T.);
#978=ORIENTED_EDGE('',*,*,#2612,.F.);
#979=ORIENTED_EDGE('',*,*,#2611,.F.);
#980=ORIENTED_EDGE('',*,*,#2613,.T.);
#981=ORIENTED_EDGE('',*,*,#2614,.T.);
#982=ORIENTED_EDGE('',*,*,#2615,.F.);
#983=ORIENTED_EDGE('',*,*,#2614,.F.);
#984=ORIENTED_EDGE('',*,*,#2616,.T.);
#985=ORIENTED_EDGE('',*,*,#2617,.T.);
#986=ORIENTED_EDGE('',*,*,#2618,.F.);
#987=ORIENTED_EDGE('',*,*,#2617,.F.);
#988=ORIENTED_EDGE('',*,*,#2619,.T.);
#989=ORIENTED_EDGE('',*,*,#2620,.T.);
#990=ORIENTED_EDGE('',*,*,#2621,.F.);
#991=ORIENTED_EDGE('',*,*,#2620,.F.);
#992=ORIENTED_EDGE('',*,*,#2622,.T.);
#993=ORIENTED_EDGE('',*,*,#2623,.T.);
#994=ORIENTED_EDGE('',*,*,#2624,.F.);
#995=ORIENTED_EDGE('',*,*,#2623,.F.);
#996=ORIENTED_EDGE('',*,*,#2625,.T.);
#997=ORIENTED_EDGE('',*,*,#2626,.T.);
#998=ORIENTED_EDGE('',*,*,#2627,.F.);
#999=ORIENTED_EDGE('',*,*,#2626,.F.);
#1000=ORIENTED_EDGE('',*,*,#2628,.T.);
#1001=ORIENTED_EDGE('',*,*,#2629,.T.);
#1002=ORIENTED_EDGE('',*,*,#2630,.F.);
#1003=ORIENTED_EDGE('',*,*,#2629,.F.);
#1004=ORIENTED_EDGE('',*,*,#2631,.T.);
#1005=ORIENTED_EDGE('',*,*,#2632,.T.);
#1006=ORIENTED_EDGE('',*,*,#2633,.F.);
#1007=ORIENTED_EDGE('',*,*,#2632,.F.);
#1008=ORIENTED_EDGE('',*,*,#2634,.T.);
#1009=ORIENTED_EDGE('',*,*,#2635,.T.);
#1010=ORIENTED_EDGE('',*,*,#2636,.F.);
#1011=ORIENTED_EDGE('',*,*,#2635,.F.);
#1012=ORIENTED_EDGE('',*,*,#2637,.T.);
#1013=ORIENTED_EDGE('',*,*,#2638,.T.);
#1014=ORIENTED_EDGE('',*,*,#2639,.F.);
#1015=ORIENTED_EDGE('',*,*,#2638,.F.);
#1016=ORIENTED_EDGE('',*,*,#2640,.T.);
#1017=ORIENTED_EDGE('',*,*,#2641,.T.);
#1018=ORIENTED_EDGE('',*,*,#2642,.F.);
#1019=ORIENTED_EDGE('',*,*,#2641,.F.);
#1020=ORIENTED_EDGE('',*,*,#2643,.T.);
#1021=ORIENTED_EDGE('',*,*,#2644,.T.);
#1022=ORIENTED_EDGE('',*,*,#2645,.F.);
#1023=ORIENTED_EDGE('',*,*,#2644,.F.);
#1024=ORIENTED_EDGE('',*,*,#2646,.T.);
#1025=ORIENTED_EDGE('',*,*,#2647,.T.);
#1026=ORIENTED_EDGE('',*,*,#2648,.F.);
#1027=ORIENTED_EDGE('',*,*,#2647,.F.);
#1028=ORIENTED_EDGE('',*,*,#2649,.T.);
#1029=ORIENTED_EDGE('',*,*,#2650,.T.);
#1030=ORIENTED_EDGE('',*,*,#2651,.F.);
#1031=ORIENTED_EDGE('',*,*,#2650,.F.);
#1032=ORIENTED_EDGE('',*,*,#2652,.T.);
#1033=ORIENTED_EDGE('',*,*,#2653,.T.);
#1034=ORIENTED_EDGE('',*,*,#2654,.F.);
#1035=ORIENTED_EDGE('',*,*,#2653,.F.);
#1036=ORIENTED_EDGE('',*,*,#2655,.T.);
#1037=ORIENTED_EDGE('',*,*,#2656,.T.);
#1038=ORIENTED_EDGE('',*,*,#2657,.F.);
#1039=ORIENTED_EDGE('',*,*,#2656,.F.);
#1040=ORIENTED_EDGE('',*,*,#2658,.T.);
#1041=ORIENTED_EDGE('',*,*,#2659,.T.);
#1042=ORIENTED_EDGE('',*,*,#2660,.F.);
#1043=ORIENTED_EDGE('',*,*,#2659,.F.);
#1044=ORIENTED_EDGE('',*,*,#2661,.T.);
#1045=ORIENTED_EDGE('',*,*,#2662,.T.);
#1046=ORIENTED_EDGE('',*,*,#2663,.F.);
#1047=ORIENTED_EDGE('',*,*,#2662,.F.);
#1048=ORIENTED_EDGE('',*,*,#2664,.T.);
#1049=ORIENTED_EDGE('',*,*,#2339,.T.);
#1050=ORIENTED_EDGE('',*,*,#2340,.F.);
#1051=ORIENTED_EDGE('',*,*,#2664,.F.);
#1052=ORIENTED_EDGE('',*,*,#2661,.F.);
#1053=ORIENTED_EDGE('',*,*,#2658,.F.);
#1054=ORIENTED_EDGE('',*,*,#2655,.F.);
#1055=ORIENTED_EDGE('',*,*,#2652,.F.);
#1056=ORIENTED_EDGE('',*,*,#2649,.F.);
#1057=ORIENTED_EDGE('',*,*,#2646,.F.);
#1058=ORIENTED_EDGE('',*,*,#2643,.F.);
#1059=ORIENTED_EDGE('',*,*,#2640,.F.);
#1060=ORIENTED_EDGE('',*,*,#2637,.F.);
#1061=ORIENTED_EDGE('',*,*,#2634,.F.);
#1062=ORIENTED_EDGE('',*,*,#2631,.F.);
#1063=ORIENTED_EDGE('',*,*,#2628,.F.);
#1064=ORIENTED_EDGE('',*,*,#2625,.F.);
#1065=ORIENTED_EDGE('',*,*,#2622,.F.);
#1066=ORIENTED_EDGE('',*,*,#2619,.F.);
#1067=ORIENTED_EDGE('',*,*,#2616,.F.);
#1068=ORIENTED_EDGE('',*,*,#2613,.F.);
#1069=ORIENTED_EDGE('',*,*,#2610,.F.);
#1070=ORIENTED_EDGE('',*,*,#2607,.F.);
#1071=ORIENTED_EDGE('',*,*,#2604,.F.);
#1072=ORIENTED_EDGE('',*,*,#2601,.F.);
#1073=ORIENTED_EDGE('',*,*,#2598,.F.);
#1074=ORIENTED_EDGE('',*,*,#2595,.F.);
#1075=ORIENTED_EDGE('',*,*,#2592,.F.);
#1076=ORIENTED_EDGE('',*,*,#2589,.F.);
#1077=ORIENTED_EDGE('',*,*,#2586,.F.);
#1078=ORIENTED_EDGE('',*,*,#2583,.F.);
#1079=ORIENTED_EDGE('',*,*,#2580,.F.);
#1080=ORIENTED_EDGE('',*,*,#2577,.F.);
#1081=ORIENTED_EDGE('',*,*,#2574,.F.);
#1082=ORIENTED_EDGE('',*,*,#2571,.F.);
#1083=ORIENTED_EDGE('',*,*,#2568,.F.);
#1084=ORIENTED_EDGE('',*,*,#2565,.F.);
#1085=ORIENTED_EDGE('',*,*,#2562,.F.);
#1086=ORIENTED_EDGE('',*,*,#2559,.F.);
#1087=ORIENTED_EDGE('',*,*,#2556,.F.);
#1088=ORIENTED_EDGE('',*,*,#2553,.F.);
#1089=ORIENTED_EDGE('',*,*,#2550,.F.);
#1090=ORIENTED_EDGE('',*,*,#2547,.F.);
#1091=ORIENTED_EDGE('',*,*,#2544,.F.);
#1092=ORIENTED_EDGE('',*,*,#2541,.F.);
#1093=ORIENTED_EDGE('',*,*,#2538,.F.);
#1094=ORIENTED_EDGE('',*,*,#2535,.F.);
#1095=ORIENTED_EDGE('',*,*,#2532,.F.);
#1096=ORIENTED_EDGE('',*,*,#2529,.F.);
#1097=ORIENTED_EDGE('',*,*,#2526,.F.);
#1098=ORIENTED_EDGE('',*,*,#2523,.F.);
#1099=ORIENTED_EDGE('',*,*,#2520,.F.);
#1100=ORIENTED_EDGE('',*,*,#2517,.F.);
#1101=ORIENTED_EDGE('',*,*,#2514,.F.);
#1102=ORIENTED_EDGE('',*,*,#2511,.F.);
#1103=ORIENTED_EDGE('',*,*,#2508,.F.);
#1104=ORIENTED_EDGE('',*,*,#2505,.F.);
#1105=ORIENTED_EDGE('',*,*,#2502,.F.);
#1106=ORIENTED_EDGE('',*,*,#2499,.F.);
#1107=ORIENTED_EDGE('',*,*,#2496,.F.);
#1108=ORIENTED_EDGE('',*,*,#2493,.F.);
#1109=ORIENTED_EDGE('',*,*,#2490,.F.);
#1110=ORIENTED_EDGE('',*,*,#2487,.F.);
#1111=ORIENTED_EDGE('',*,*,#2484,.F.);
#1112=ORIENTED_EDGE('',*,*,#2481,.F.);
#1113=ORIENTED_EDGE('',*,*,#2478,.F.);
#1114=ORIENTED_EDGE('',*,*,#2475,.F.);
#1115=ORIENTED_EDGE('',*,*,#2472,.F.);
#1116=ORIENTED_EDGE('',*,*,#2469,.F.);
#1117=ORIENTED_EDGE('',*,*,#2466,.F.);
#1118=ORIENTED_EDGE('',*,*,#2463,.F.);
#1119=ORIENTED_EDGE('',*,*,#2460,.F.);
#1120=ORIENTED_EDGE('',*,*,#2457,.F.);
#1121=ORIENTED_EDGE('',*,*,#2454,.F.);
#1122=ORIENTED_EDGE('',*,*,#2451,.F.);
#1123=ORIENTED_EDGE('',*,*,#2448,.F.);
#1124=ORIENTED_EDGE('',*,*,#2445,.F.);
#1125=ORIENTED_EDGE('',*,*,#2442,.F.);
#1126=ORIENTED_EDGE('',*,*,#2439,.F.);
#1127=ORIENTED_EDGE('',*,*,#2436,.F.);
#1128=ORIENTED_EDGE('',*,*,#2433,.F.);
#1129=ORIENTED_EDGE('',*,*,#2430,.F.);
#1130=ORIENTED_EDGE('',*,*,#2427,.F.);
#1131=ORIENTED_EDGE('',*,*,#2424,.F.);
#1132=ORIENTED_EDGE('',*,*,#2421,.F.);
#1133=ORIENTED_EDGE('',*,*,#2418,.F.);
#1134=ORIENTED_EDGE('',*,*,#2415,.F.);
#1135=ORIENTED_EDGE('',*,*,#2412,.F.);
#1136=ORIENTED_EDGE('',*,*,#2409,.F.);
#1137=ORIENTED_EDGE('',*,*,#2406,.F.);
#1138=ORIENTED_EDGE('',*,*,#2403,.F.);
#1139=ORIENTED_EDGE('',*,*,#2400,.F.);
#1140=ORIENTED_EDGE('',*,*,#2397,.F.);
#1141=ORIENTED_EDGE('',*,*,#2394,.F.);
#1142=ORIENTED_EDGE('',*,*,#2391,.F.);
#1143=ORIENTED_EDGE('',*,*,#2388,.F.);
#1144=ORIENTED_EDGE('',*,*,#2385,.F.);
#1145=ORIENTED_EDGE('',*,*,#2382,.F.);
#1146=ORIENTED_EDGE('',*,*,#2379,.F.);
#1147=ORIENTED_EDGE('',*,*,#2376,.F.);
#1148=ORIENTED_EDGE('',*,*,#2373,.F.);
#1149=ORIENTED_EDGE('',*,*,#2370,.F.);
#1150=ORIENTED_EDGE('',*,*,#2367,.F.);
#1151=ORIENTED_EDGE('',*,*,#2364,.F.);
#1152=ORIENTED_EDGE('',*,*,#2361,.F.);
#1153=ORIENTED_EDGE('',*,*,#2358,.F.);
#1154=ORIENTED_EDGE('',*,*,#2355,.F.);
#1155=ORIENTED_EDGE('',*,*,#2352,.F.);
#1156=ORIENTED_EDGE('',*,*,#2349,.F.);
#1157=ORIENTED_EDGE('',*,*,#2346,.F.);
#1158=ORIENTED_EDGE('',*,*,#2343,.F.);
#1159=ORIENTED_EDGE('',*,*,#2338,.T.);
#1160=ORIENTED_EDGE('',*,*,#2342,.T.);
#1161=ORIENTED_EDGE('',*,*,#2345,.T.);
#1162=ORIENTED_EDGE('',*,*,#2348,.T.);
#1163=ORIENTED_EDGE('',*,*,#2351,.T.);
#1164=ORIENTED_EDGE('',*,*,#2354,.T.);
#1165=ORIENTED_EDGE('',*,*,#2357,.T.);
#1166=ORIENTED_EDGE('',*,*,#2360,.T.);
#1167=ORIENTED_EDGE('',*,*,#2363,.T.);
#1168=ORIENTED_EDGE('',*,*,#2366,.T.);
#1169=ORIENTED_EDGE('',*,*,#2369,.T.);
#1170=ORIENTED_EDGE('',*,*,#2372,.T.);
#1171=ORIENTED_EDGE('',*,*,#2375,.T.);
#1172=ORIENTED_EDGE('',*,*,#2378,.T.);
#1173=ORIENTED_EDGE('',*,*,#2381,.T.);
#1174=ORIENTED_EDGE('',*,*,#2384,.T.);
#1175=ORIENTED_EDGE('',*,*,#2387,.T.);
#1176=ORIENTED_EDGE('',*,*,#2390,.T.);
#1177=ORIENTED_EDGE('',*,*,#2393,.T.);
#1178=ORIENTED_EDGE('',*,*,#2396,.T.);
#1179=ORIENTED_EDGE('',*,*,#2399,.T.);
#1180=ORIENTED_EDGE('',*,*,#2402,.T.);
#1181=ORIENTED_EDGE('',*,*,#2405,.T.);
#1182=ORIENTED_EDGE('',*,*,#2408,.T.);
#1183=ORIENTED_EDGE('',*,*,#2411,.T.);
#1184=ORIENTED_EDGE('',*,*,#2414,.T.);
#1185=ORIENTED_EDGE('',*,*,#2417,.T.);
#1186=ORIENTED_EDGE('',*,*,#2420,.T.);
#1187=ORIENTED_EDGE('',*,*,#2423,.T.);
#1188=ORIENTED_EDGE('',*,*,#2426,.T.);
#1189=ORIENTED_EDGE('',*,*,#2429,.T.);
#1190=ORIENTED_EDGE('',*,*,#2432,.T.);
#1191=ORIENTED_EDGE('',*,*,#2435,.T.);
#1192=ORIENTED_EDGE('',*,*,#2438,.T.);
#1193=ORIENTED_EDGE('',*,*,#2441,.T.);
#1194=ORIENTED_EDGE('',*,*,#2444,.T.);
#1195=ORIENTED_EDGE('',*,*,#2447,.T.);
#1196=ORIENTED_EDGE('',*,*,#2450,.T.);
#1197=ORIENTED_EDGE('',*,*,#2453,.T.);
#1198=ORIENTED_EDGE('',*,*,#2456,.T.);
#1199=ORIENTED_EDGE('',*,*,#2459,.T.);
#1200=ORIENTED_EDGE('',*,*,#2462,.T.);
#1201=ORIENTED_EDGE('',*,*,#2465,.T.);
#1202=ORIENTED_EDGE('',*,*,#2468,.T.);
#1203=ORIENTED_EDGE('',*,*,#2471,.T.);
#1204=ORIENTED_EDGE('',*,*,#2474,.T.);
#1205=ORIENTED_EDGE('',*,*,#2477,.T.);
#1206=ORIENTED_EDGE('',*,*,#2480,.T.);
#1207=ORIENTED_EDGE('',*,*,#2483,.T.);
#1208=ORIENTED_EDGE('',*,*,#2486,.T.);
#1209=ORIENTED_EDGE('',*,*,#2489,.T.);
#1210=ORIENTED_EDGE('',*,*,#2492,.T.);
#1211=ORIENTED_EDGE('',*,*,#2495,.T.);
#1212=ORIENTED_EDGE('',*,*,#2498,.T.);
#1213=ORIENTED_EDGE('',*,*,#2501,.T.);
#1214=ORIENTED_EDGE('',*,*,#2504,.T.);
#1215=ORIENTED_EDGE('',*,*,#2507,.T.);
#1216=ORIENTED_EDGE('',*,*,#2510,.T.);
#1217=ORIENTED_EDGE('',*,*,#2513,.T.);
#1218=ORIENTED_EDGE('',*,*,#2516,.T.);
#1219=ORIENTED_EDGE('',*,*,#2519,.T.);
#1220=ORIENTED_EDGE('',*,*,#2522,.T.);
#1221=ORIENTED_EDGE('',*,*,#2525,.T.);
#1222=ORIENTED_EDGE('',*,*,#2528,.T.);
#1223=ORIENTED_EDGE('',*,*,#2531,.T.);
#1224=ORIENTED_EDGE('',*,*,#2534,.T.);
#1225=ORIENTED_EDGE('',*,*,#2537,.T.);
#1226=ORIENTED_EDGE('',*,*,#2540,.T.);
#1227=ORIENTED_EDGE('',*,*,#2543,.T.);
#1228=ORIENTED_EDGE('',*,*,#2546,.T.);
#1229=ORIENTED_EDGE('',*,*,#2549,.T.);
#1230=ORIENTED_EDGE('',*,*,#2552,.T.);
#1231=ORIENTED_EDGE('',*,*,#2555,.T.);
#1232=ORIENTED_EDGE('',*,*,#2558,.T.);
#1233=ORIENTED_EDGE('',*,*,#2561,.T.);
#1234=ORIENTED_EDGE('',*,*,#2564,.T.);
#1235=ORIENTED_EDGE('',*,*,#2567,.T.);
#1236=ORIENTED_EDGE('',*,*,#2570,.T.);
#1237=ORIENTED_EDGE('',*,*,#2573,.T.);
#1238=ORIENTED_EDGE('',*,*,#2576,.T.);
#1239=ORIENTED_EDGE('',*,*,#2579,.T.);
#1240=ORIENTED_EDGE('',*,*,#2582,.T.);
#1241=ORIENTED_EDGE('',*,*,#2585,.T.);
#1242=ORIENTED_EDGE('',*,*,#2588,.T.);
#1243=ORIENTED_EDGE('',*,*,#2591,.T.);
#1244=ORIENTED_EDGE('',*,*,#2594,.T.);
#1245=ORIENTED_EDGE('',*,*,#2597,.T.);
#1246=ORIENTED_EDGE('',*,*,#2600,.T.);
#1247=ORIENTED_EDGE('',*,*,#2603,.T.);
#1248=ORIENTED_EDGE('',*,*,#2606,.T.);
#1249=ORIENTED_EDGE('',*,*,#2609,.T.);
#1250=ORIENTED_EDGE('',*,*,#2612,.T.);
#1251=ORIENTED_EDGE('',*,*,#2615,.T.);
#1252=ORIENTED_EDGE('',*,*,#2618,.T.);
#1253=ORIENTED_EDGE('',*,*,#2621,.T.);
#1254=ORIENTED_EDGE('',*,*,#2624,.T.);
#1255=ORIENTED_EDGE('',*,*,#2627,.T.);
#1256=ORIENTED_EDGE('',*,*,#2630,.T.);
#1257=ORIENTED_EDGE('',*,*,#2633,.T.);
#1258=ORIENTED_EDGE('',*,*,#2636,.T.);
#1259=ORIENTED_EDGE('',*,*,#2639,.T.);
#1260=ORIENTED_EDGE('',*,*,#2642,.T.);
#1261=ORIENTED_EDGE('',*,*,#2645,.T.);
#1262=ORIENTED_EDGE('',*,*,#2648,.T.);
#1263=ORIENTED_EDGE('',*,*,#2651,.T.);
#1264=ORIENTED_EDGE('',*,*,#2654,.T.);
#1265=ORIENTED_EDGE('',*,*,#2657,.T.);
#1266=ORIENTED_EDGE('',*,*,#2660,.T.);
#1267=ORIENTED_EDGE('',*,*,#2663,.T.);
#1268=ORIENTED_EDGE('',*,*,#2665,.T.);
#1269=ORIENTED_EDGE('',*,*,#2666,.F.);
#1270=ORIENTED_EDGE('',*,*,#2667,.T.);
#1271=ORIENTED_EDGE('',*,*,#2668,.T.);
#1272=ORIENTED_EDGE('',*,*,#2669,.T.);
#1273=ORIENTED_EDGE('',*,*,#2670,.F.);
#1274=ORIENTED_EDGE('',*,*,#2671,.F.);
#1275=ORIENTED_EDGE('',*,*,#2672,.F.);
#1276=ORIENTED_EDGE('',*,*,#2673,.F.);
#1277=ORIENTED_EDGE('',*,*,#2674,.F.);
#1278=ORIENTED_EDGE('',*,*,#2675,.F.);
#1279=ORIENTED_EDGE('',*,*,#2676,.F.);
#1280=ORIENTED_EDGE('',*,*,#2677,.F.);
#1281=ORIENTED_EDGE('',*,*,#2678,.F.);
#1282=ORIENTED_EDGE('',*,*,#2679,.F.);
#1283=ORIENTED_EDGE('',*,*,#2680,.F.);
#1284=ORIENTED_EDGE('',*,*,#2681,.F.);
#1285=ORIENTED_EDGE('',*,*,#2682,.F.);
#1286=ORIENTED_EDGE('',*,*,#2683,.F.);
#1287=ORIENTED_EDGE('',*,*,#2684,.F.);
#1288=ORIENTED_EDGE('',*,*,#2685,.F.);
#1289=ORIENTED_EDGE('',*,*,#2686,.F.);
#1290=ORIENTED_EDGE('',*,*,#2687,.F.);
#1291=ORIENTED_EDGE('',*,*,#2688,.F.);
#1292=ORIENTED_EDGE('',*,*,#2689,.F.);
#1293=ORIENTED_EDGE('',*,*,#2690,.F.);
#1294=ORIENTED_EDGE('',*,*,#2691,.F.);
#1295=ORIENTED_EDGE('',*,*,#2692,.F.);
#1296=ORIENTED_EDGE('',*,*,#2693,.F.);
#1297=ORIENTED_EDGE('',*,*,#2694,.F.);
#1298=ORIENTED_EDGE('',*,*,#2695,.F.);
#1299=ORIENTED_EDGE('',*,*,#2696,.F.);
#1300=ORIENTED_EDGE('',*,*,#2697,.F.);
#1301=ORIENTED_EDGE('',*,*,#2698,.F.);
#1302=ORIENTED_EDGE('',*,*,#2699,.F.);
#1303=ORIENTED_EDGE('',*,*,#2700,.F.);
#1304=ORIENTED_EDGE('',*,*,#2701,.F.);
#1305=ORIENTED_EDGE('',*,*,#2702,.F.);
#1306=ORIENTED_EDGE('',*,*,#2703,.F.);
#1307=ORIENTED_EDGE('',*,*,#2704,.F.);
#1308=ORIENTED_EDGE('',*,*,#2705,.F.);
#1309=ORIENTED_EDGE('',*,*,#2706,.F.);
#1310=ORIENTED_EDGE('',*,*,#2707,.F.);
#1311=ORIENTED_EDGE('',*,*,#2708,.F.);
#1312=ORIENTED_EDGE('',*,*,#2709,.F.);
#1313=ORIENTED_EDGE('',*,*,#2710,.F.);
#1314=ORIENTED_EDGE('',*,*,#2711,.F.);
#1315=ORIENTED_EDGE('',*,*,#2712,.F.);
#1316=ORIENTED_EDGE('',*,*,#2713,.F.);
#1317=ORIENTED_EDGE('',*,*,#2714,.F.);
#1318=ORIENTED_EDGE('',*,*,#2715,.F.);
#1319=ORIENTED_EDGE('',*,*,#2716,.F.);
#1320=ORIENTED_EDGE('',*,*,#2717,.F.);
#1321=ORIENTED_EDGE('',*,*,#2718,.F.);
#1322=ORIENTED_EDGE('',*,*,#2719,.F.);
#1323=ORIENTED_EDGE('',*,*,#2720,.F.);
#1324=ORIENTED_EDGE('',*,*,#2721,.F.);
#1325=ORIENTED_EDGE('',*,*,#2722,.F.);
#1326=ORIENTED_EDGE('',*,*,#2723,.F.);
#1327=ORIENTED_EDGE('',*,*,#2724,.F.);
#1328=ORIENTED_EDGE('',*,*,#2725,.F.);
#1329=ORIENTED_EDGE('',*,*,#2726,.F.);
#1330=ORIENTED_EDGE('',*,*,#2727,.F.);
#1331=ORIENTED_EDGE('',*,*,#2728,.F.);
#1332=ORIENTED_EDGE('',*,*,#2729,.F.);
#1333=ORIENTED_EDGE('',*,*,#2730,.F.);
#1334=ORIENTED_EDGE('',*,*,#2731,.F.);
#1335=ORIENTED_EDGE('',*,*,#2732,.F.);
#1336=ORIENTED_EDGE('',*,*,#2733,.F.);
#1337=ORIENTED_EDGE('',*,*,#2734,.F.);
#1338=ORIENTED_EDGE('',*,*,#2735,.F.);
#1339=ORIENTED_EDGE('',*,*,#2736,.F.);
#1340=ORIENTED_EDGE('',*,*,#2737,.F.);
#1341=ORIENTED_EDGE('',*,*,#2738,.F.);
#1342=ORIENTED_EDGE('',*,*,#2739,.F.);
#1343=ORIENTED_EDGE('',*,*,#2740,.F.);
#1344=ORIENTED_EDGE('',*,*,#2741,.F.);
#1345=ORIENTED_EDGE('',*,*,#2742,.F.);
#1346=ORIENTED_EDGE('',*,*,#2743,.F.);
#1347=ORIENTED_EDGE('',*,*,#2744,.F.);
#1348=ORIENTED_EDGE('',*,*,#2745,.F.);
#1349=ORIENTED_EDGE('',*,*,#2746,.F.);
#1350=ORIENTED_EDGE('',*,*,#2747,.F.);
#1351=ORIENTED_EDGE('',*,*,#2748,.F.);
#1352=ORIENTED_EDGE('',*,*,#2749,.F.);
#1353=ORIENTED_EDGE('',*,*,#2750,.F.);
#1354=ORIENTED_EDGE('',*,*,#2751,.F.);
#1355=ORIENTED_EDGE('',*,*,#2752,.F.);
#1356=ORIENTED_EDGE('',*,*,#2753,.F.);
#1357=ORIENTED_EDGE('',*,*,#2754,.F.);
#1358=ORIENTED_EDGE('',*,*,#2755,.F.);
#1359=ORIENTED_EDGE('',*,*,#2756,.F.);
#1360=ORIENTED_EDGE('',*,*,#2757,.F.);
#1361=ORIENTED_EDGE('',*,*,#2758,.F.);
#1362=ORIENTED_EDGE('',*,*,#2759,.F.);
#1363=ORIENTED_EDGE('',*,*,#2760,.F.);
#1364=ORIENTED_EDGE('',*,*,#2761,.F.);
#1365=ORIENTED_EDGE('',*,*,#2762,.F.);
#1366=ORIENTED_EDGE('',*,*,#2763,.F.);
#1367=ORIENTED_EDGE('',*,*,#2764,.F.);
#1368=ORIENTED_EDGE('',*,*,#2765,.F.);
#1369=ORIENTED_EDGE('',*,*,#2766,.F.);
#1370=ORIENTED_EDGE('',*,*,#2767,.F.);
#1371=ORIENTED_EDGE('',*,*,#2768,.F.);
#1372=ORIENTED_EDGE('',*,*,#2769,.F.);
#1373=ORIENTED_EDGE('',*,*,#2770,.F.);
#1374=ORIENTED_EDGE('',*,*,#2771,.F.);
#1375=ORIENTED_EDGE('',*,*,#2772,.F.);
#1376=ORIENTED_EDGE('',*,*,#2773,.F.);
#1377=ORIENTED_EDGE('',*,*,#2774,.F.);
#1378=ORIENTED_EDGE('',*,*,#2775,.F.);
#1379=ORIENTED_EDGE('',*,*,#2776,.F.);
#1380=ORIENTED_EDGE('',*,*,#2777,.F.);
#1381=ORIENTED_EDGE('',*,*,#2778,.F.);
#1382=ORIENTED_EDGE('',*,*,#2779,.F.);
#1383=ORIENTED_EDGE('',*,*,#2780,.F.);
#1384=ORIENTED_EDGE('',*,*,#2781,.F.);
#1385=ORIENTED_EDGE('',*,*,#2782,.F.);
#1386=ORIENTED_EDGE('',*,*,#2783,.F.);
#1387=ORIENTED_EDGE('',*,*,#2784,.F.);
#1388=ORIENTED_EDGE('',*,*,#2785,.F.);
#1389=ORIENTED_EDGE('',*,*,#2786,.F.);
#1390=ORIENTED_EDGE('',*,*,#2787,.F.);
#1391=ORIENTED_EDGE('',*,*,#2788,.F.);
#1392=ORIENTED_EDGE('',*,*,#2789,.F.);
#1393=ORIENTED_EDGE('',*,*,#2790,.F.);
#1394=ORIENTED_EDGE('',*,*,#2791,.F.);
#1395=ORIENTED_EDGE('',*,*,#2792,.F.);
#1396=ORIENTED_EDGE('',*,*,#2793,.F.);
#1397=ORIENTED_EDGE('',*,*,#2794,.F.);
#1398=ORIENTED_EDGE('',*,*,#2795,.F.);
#1399=ORIENTED_EDGE('',*,*,#2796,.F.);
#1400=ORIENTED_EDGE('',*,*,#2797,.F.);
#1401=ORIENTED_EDGE('',*,*,#2798,.F.);
#1402=ORIENTED_EDGE('',*,*,#2799,.F.);
#1403=ORIENTED_EDGE('',*,*,#2800,.F.);
#1404=ORIENTED_EDGE('',*,*,#2801,.F.);
#1405=ORIENTED_EDGE('',*,*,#2802,.F.);
#1406=ORIENTED_EDGE('',*,*,#2803,.F.);
#1407=ORIENTED_EDGE('',*,*,#2804,.F.);
#1408=ORIENTED_EDGE('',*,*,#2805,.F.);
#1409=ORIENTED_EDGE('',*,*,#2806,.F.);
#1410=ORIENTED_EDGE('',*,*,#2807,.F.);
#1411=ORIENTED_EDGE('',*,*,#2808,.F.);
#1412=ORIENTED_EDGE('',*,*,#2809,.F.);
#1413=ORIENTED_EDGE('',*,*,#2810,.T.);
#1414=ORIENTED_EDGE('',*,*,#2811,.F.);
#1415=ORIENTED_EDGE('',*,*,#2812,.T.);
#1416=ORIENTED_EDGE('',*,*,#2813,.T.);
#1417=ORIENTED_EDGE('',*,*,#2814,.F.);
#1418=ORIENTED_EDGE('',*,*,#2815,.T.);
#1419=ORIENTED_EDGE('',*,*,#2816,.F.);
#1420=ORIENTED_EDGE('',*,*,#2669,.F.);
#1421=ORIENTED_EDGE('',*,*,#2817,.F.);
#1422=ORIENTED_EDGE('',*,*,#2811,.T.);
#1423=ORIENTED_EDGE('',*,*,#2817,.T.);
#1424=ORIENTED_EDGE('',*,*,#2665,.F.);
#1425=ORIENTED_EDGE('',*,*,#2810,.F.);
#1426=ORIENTED_EDGE('',*,*,#2701,.T.);
#1427=ORIENTED_EDGE('',*,*,#2818,.F.);
#1428=ORIENTED_EDGE('',*,*,#2819,.F.);
#1429=ORIENTED_EDGE('',*,*,#2820,.T.);
#1430=ORIENTED_EDGE('',*,*,#2809,.T.);
#1431=ORIENTED_EDGE('',*,*,#2821,.F.);
#1432=ORIENTED_EDGE('',*,*,#2822,.F.);
#1433=ORIENTED_EDGE('',*,*,#2818,.T.);
#1434=ORIENTED_EDGE('',*,*,#2808,.T.);
#1435=ORIENTED_EDGE('',*,*,#2823,.F.);
#1436=ORIENTED_EDGE('',*,*,#2824,.F.);
#1437=ORIENTED_EDGE('',*,*,#2821,.T.);
#1438=ORIENTED_EDGE('',*,*,#2807,.T.);
#1439=ORIENTED_EDGE('',*,*,#2825,.F.);
#1440=ORIENTED_EDGE('',*,*,#2826,.F.);
#1441=ORIENTED_EDGE('',*,*,#2823,.T.);
#1442=ORIENTED_EDGE('',*,*,#2806,.T.);
#1443=ORIENTED_EDGE('',*,*,#2827,.F.);
#1444=ORIENTED_EDGE('',*,*,#2828,.F.);
#1445=ORIENTED_EDGE('',*,*,#2825,.T.);
#1446=ORIENTED_EDGE('',*,*,#2805,.T.);
#1447=ORIENTED_EDGE('',*,*,#2829,.F.);
#1448=ORIENTED_EDGE('',*,*,#2830,.F.);
#1449=ORIENTED_EDGE('',*,*,#2827,.T.);
#1450=ORIENTED_EDGE('',*,*,#2804,.T.);
#1451=ORIENTED_EDGE('',*,*,#2831,.F.);
#1452=ORIENTED_EDGE('',*,*,#2832,.F.);
#1453=ORIENTED_EDGE('',*,*,#2829,.T.);
#1454=ORIENTED_EDGE('',*,*,#2803,.T.);
#1455=ORIENTED_EDGE('',*,*,#2833,.F.);
#1456=ORIENTED_EDGE('',*,*,#2834,.F.);
#1457=ORIENTED_EDGE('',*,*,#2831,.T.);
#1458=ORIENTED_EDGE('',*,*,#2802,.T.);
#1459=ORIENTED_EDGE('',*,*,#2835,.F.);
#1460=ORIENTED_EDGE('',*,*,#2836,.F.);
#1461=ORIENTED_EDGE('',*,*,#2833,.T.);
#1462=ORIENTED_EDGE('',*,*,#2801,.T.);
#1463=ORIENTED_EDGE('',*,*,#2837,.F.);
#1464=ORIENTED_EDGE('',*,*,#2838,.F.);
#1465=ORIENTED_EDGE('',*,*,#2835,.T.);
#1466=ORIENTED_EDGE('',*,*,#2800,.T.);
#1467=ORIENTED_EDGE('',*,*,#2839,.F.);
#1468=ORIENTED_EDGE('',*,*,#2840,.F.);
#1469=ORIENTED_EDGE('',*,*,#2837,.T.);
#1470=ORIENTED_EDGE('',*,*,#2799,.T.);
#1471=ORIENTED_EDGE('',*,*,#2841,.F.);
#1472=ORIENTED_EDGE('',*,*,#2842,.F.);
#1473=ORIENTED_EDGE('',*,*,#2839,.T.);
#1474=ORIENTED_EDGE('',*,*,#2798,.T.);
#1475=ORIENTED_EDGE('',*,*,#2843,.F.);
#1476=ORIENTED_EDGE('',*,*,#2844,.F.);
#1477=ORIENTED_EDGE('',*,*,#2841,.T.);
#1478=ORIENTED_EDGE('',*,*,#2797,.T.);
#1479=ORIENTED_EDGE('',*,*,#2845,.F.);
#1480=ORIENTED_EDGE('',*,*,#2846,.F.);
#1481=ORIENTED_EDGE('',*,*,#2843,.T.);
#1482=ORIENTED_EDGE('',*,*,#2796,.T.);
#1483=ORIENTED_EDGE('',*,*,#2847,.F.);
#1484=ORIENTED_EDGE('',*,*,#2848,.F.);
#1485=ORIENTED_EDGE('',*,*,#2845,.T.);
#1486=ORIENTED_EDGE('',*,*,#2795,.T.);
#1487=ORIENTED_EDGE('',*,*,#2849,.F.);
#1488=ORIENTED_EDGE('',*,*,#2850,.F.);
#1489=ORIENTED_EDGE('',*,*,#2847,.T.);
#1490=ORIENTED_EDGE('',*,*,#2794,.T.);
#1491=ORIENTED_EDGE('',*,*,#2851,.F.);
#1492=ORIENTED_EDGE('',*,*,#2852,.F.);
#1493=ORIENTED_EDGE('',*,*,#2849,.T.);
#1494=ORIENTED_EDGE('',*,*,#2793,.T.);
#1495=ORIENTED_EDGE('',*,*,#2853,.F.);
#1496=ORIENTED_EDGE('',*,*,#2854,.F.);
#1497=ORIENTED_EDGE('',*,*,#2851,.T.);
#1498=ORIENTED_EDGE('',*,*,#2792,.T.);
#1499=ORIENTED_EDGE('',*,*,#2855,.F.);
#1500=ORIENTED_EDGE('',*,*,#2856,.F.);
#1501=ORIENTED_EDGE('',*,*,#2853,.T.);
#1502=ORIENTED_EDGE('',*,*,#2791,.T.);
#1503=ORIENTED_EDGE('',*,*,#2857,.F.);
#1504=ORIENTED_EDGE('',*,*,#2858,.F.);
#1505=ORIENTED_EDGE('',*,*,#2855,.T.);
#1506=ORIENTED_EDGE('',*,*,#2790,.T.);
#1507=ORIENTED_EDGE('',*,*,#2859,.F.);
#1508=ORIENTED_EDGE('',*,*,#2860,.F.);
#1509=ORIENTED_EDGE('',*,*,#2857,.T.);
#1510=ORIENTED_EDGE('',*,*,#2789,.T.);
#1511=ORIENTED_EDGE('',*,*,#2861,.F.);
#1512=ORIENTED_EDGE('',*,*,#2862,.F.);
#1513=ORIENTED_EDGE('',*,*,#2859,.T.);
#1514=ORIENTED_EDGE('',*,*,#2788,.T.);
#1515=ORIENTED_EDGE('',*,*,#2863,.F.);
#1516=ORIENTED_EDGE('',*,*,#2864,.F.);
#1517=ORIENTED_EDGE('',*,*,#2861,.T.);
#1518=ORIENTED_EDGE('',*,*,#2787,.T.);
#1519=ORIENTED_EDGE('',*,*,#2865,.F.);
#1520=ORIENTED_EDGE('',*,*,#2866,.F.);
#1521=ORIENTED_EDGE('',*,*,#2863,.T.);
#1522=ORIENTED_EDGE('',*,*,#2786,.T.);
#1523=ORIENTED_EDGE('',*,*,#2867,.F.);
#1524=ORIENTED_EDGE('',*,*,#2868,.F.);
#1525=ORIENTED_EDGE('',*,*,#2865,.T.);
#1526=ORIENTED_EDGE('',*,*,#2785,.T.);
#1527=ORIENTED_EDGE('',*,*,#2869,.F.);
#1528=ORIENTED_EDGE('',*,*,#2870,.F.);
#1529=ORIENTED_EDGE('',*,*,#2867,.T.);
#1530=ORIENTED_EDGE('',*,*,#2784,.T.);
#1531=ORIENTED_EDGE('',*,*,#2871,.F.);
#1532=ORIENTED_EDGE('',*,*,#2872,.F.);
#1533=ORIENTED_EDGE('',*,*,#2869,.T.);
#1534=ORIENTED_EDGE('',*,*,#2783,.T.);
#1535=ORIENTED_EDGE('',*,*,#2873,.F.);
#1536=ORIENTED_EDGE('',*,*,#2874,.F.);
#1537=ORIENTED_EDGE('',*,*,#2871,.T.);
#1538=ORIENTED_EDGE('',*,*,#2782,.T.);
#1539=ORIENTED_EDGE('',*,*,#2875,.F.);
#1540=ORIENTED_EDGE('',*,*,#2876,.F.);
#1541=ORIENTED_EDGE('',*,*,#2873,.T.);
#1542=ORIENTED_EDGE('',*,*,#2781,.T.);
#1543=ORIENTED_EDGE('',*,*,#2877,.F.);
#1544=ORIENTED_EDGE('',*,*,#2878,.F.);
#1545=ORIENTED_EDGE('',*,*,#2875,.T.);
#1546=ORIENTED_EDGE('',*,*,#2780,.T.);
#1547=ORIENTED_EDGE('',*,*,#2879,.F.);
#1548=ORIENTED_EDGE('',*,*,#2880,.F.);
#1549=ORIENTED_EDGE('',*,*,#2877,.T.);
#1550=ORIENTED_EDGE('',*,*,#2779,.T.);
#1551=ORIENTED_EDGE('',*,*,#2881,.F.);
#1552=ORIENTED_EDGE('',*,*,#2882,.F.);
#1553=ORIENTED_EDGE('',*,*,#2879,.T.);
#1554=ORIENTED_EDGE('',*,*,#2778,.T.);
#1555=ORIENTED_EDGE('',*,*,#2883,.F.);
#1556=ORIENTED_EDGE('',*,*,#2884,.F.);
#1557=ORIENTED_EDGE('',*,*,#2881,.T.);
#1558=ORIENTED_EDGE('',*,*,#2777,.T.);
#1559=ORIENTED_EDGE('',*,*,#2885,.F.);
#1560=ORIENTED_EDGE('',*,*,#2886,.F.);
#1561=ORIENTED_EDGE('',*,*,#2883,.T.);
#1562=ORIENTED_EDGE('',*,*,#2776,.T.);
#1563=ORIENTED_EDGE('',*,*,#2887,.F.);
#1564=ORIENTED_EDGE('',*,*,#2888,.F.);
#1565=ORIENTED_EDGE('',*,*,#2885,.T.);
#1566=ORIENTED_EDGE('',*,*,#2775,.T.);
#1567=ORIENTED_EDGE('',*,*,#2889,.F.);
#1568=ORIENTED_EDGE('',*,*,#2890,.F.);
#1569=ORIENTED_EDGE('',*,*,#2887,.T.);
#1570=ORIENTED_EDGE('',*,*,#2774,.T.);
#1571=ORIENTED_EDGE('',*,*,#2891,.F.);
#1572=ORIENTED_EDGE('',*,*,#2892,.F.);
#1573=ORIENTED_EDGE('',*,*,#2889,.T.);
#1574=ORIENTED_EDGE('',*,*,#2773,.T.);
#1575=ORIENTED_EDGE('',*,*,#2893,.F.);
#1576=ORIENTED_EDGE('',*,*,#2894,.F.);
#1577=ORIENTED_EDGE('',*,*,#2891,.T.);
#1578=ORIENTED_EDGE('',*,*,#2772,.T.);
#1579=ORIENTED_EDGE('',*,*,#2895,.F.);
#1580=ORIENTED_EDGE('',*,*,#2896,.F.);
#1581=ORIENTED_EDGE('',*,*,#2893,.T.);
#1582=ORIENTED_EDGE('',*,*,#2771,.T.);
#1583=ORIENTED_EDGE('',*,*,#2897,.F.);
#1584=ORIENTED_EDGE('',*,*,#2898,.F.);
#1585=ORIENTED_EDGE('',*,*,#2895,.T.);
#1586=ORIENTED_EDGE('',*,*,#2770,.T.);
#1587=ORIENTED_EDGE('',*,*,#2899,.F.);
#1588=ORIENTED_EDGE('',*,*,#2900,.F.);
#1589=ORIENTED_EDGE('',*,*,#2897,.T.);
#1590=ORIENTED_EDGE('',*,*,#2769,.T.);
#1591=ORIENTED_EDGE('',*,*,#2901,.F.);
#1592=ORIENTED_EDGE('',*,*,#2902,.F.);
#1593=ORIENTED_EDGE('',*,*,#2899,.T.);
#1594=ORIENTED_EDGE('',*,*,#2768,.T.);
#1595=ORIENTED_EDGE('',*,*,#2903,.F.);
#1596=ORIENTED_EDGE('',*,*,#2904,.F.);
#1597=ORIENTED_EDGE('',*,*,#2901,.T.);
#1598=ORIENTED_EDGE('',*,*,#2767,.T.);
#1599=ORIENTED_EDGE('',*,*,#2905,.F.);
#1600=ORIENTED_EDGE('',*,*,#2906,.F.);
#1601=ORIENTED_EDGE('',*,*,#2903,.T.);
#1602=ORIENTED_EDGE('',*,*,#2766,.T.);
#1603=ORIENTED_EDGE('',*,*,#2907,.F.);
#1604=ORIENTED_EDGE('',*,*,#2908,.F.);
#1605=ORIENTED_EDGE('',*,*,#2905,.T.);
#1606=ORIENTED_EDGE('',*,*,#2765,.T.);
#1607=ORIENTED_EDGE('',*,*,#2909,.F.);
#1608=ORIENTED_EDGE('',*,*,#2910,.F.);
#1609=ORIENTED_EDGE('',*,*,#2907,.T.);
#1610=ORIENTED_EDGE('',*,*,#2764,.T.);
#1611=ORIENTED_EDGE('',*,*,#2911,.F.);
#1612=ORIENTED_EDGE('',*,*,#2912,.F.);
#1613=ORIENTED_EDGE('',*,*,#2909,.T.);
#1614=ORIENTED_EDGE('',*,*,#2763,.T.);
#1615=ORIENTED_EDGE('',*,*,#2913,.F.);
#1616=ORIENTED_EDGE('',*,*,#2914,.F.);
#1617=ORIENTED_EDGE('',*,*,#2911,.T.);
#1618=ORIENTED_EDGE('',*,*,#2762,.T.);
#1619=ORIENTED_EDGE('',*,*,#2915,.F.);
#1620=ORIENTED_EDGE('',*,*,#2916,.F.);
#1621=ORIENTED_EDGE('',*,*,#2913,.T.);
#1622=ORIENTED_EDGE('',*,*,#2761,.T.);
#1623=ORIENTED_EDGE('',*,*,#2917,.F.);
#1624=ORIENTED_EDGE('',*,*,#2918,.F.);
#1625=ORIENTED_EDGE('',*,*,#2915,.T.);
#1626=ORIENTED_EDGE('',*,*,#2760,.T.);
#1627=ORIENTED_EDGE('',*,*,#2919,.F.);
#1628=ORIENTED_EDGE('',*,*,#2920,.F.);
#1629=ORIENTED_EDGE('',*,*,#2917,.T.);
#1630=ORIENTED_EDGE('',*,*,#2759,.T.);
#1631=ORIENTED_EDGE('',*,*,#2921,.F.);
#1632=ORIENTED_EDGE('',*,*,#2922,.F.);
#1633=ORIENTED_EDGE('',*,*,#2919,.T.);
#1634=ORIENTED_EDGE('',*,*,#2758,.T.);
#1635=ORIENTED_EDGE('',*,*,#2923,.F.);
#1636=ORIENTED_EDGE('',*,*,#2924,.F.);
#1637=ORIENTED_EDGE('',*,*,#2921,.T.);
#1638=ORIENTED_EDGE('',*,*,#2757,.T.);
#1639=ORIENTED_EDGE('',*,*,#2925,.F.);
#1640=ORIENTED_EDGE('',*,*,#2926,.F.);
#1641=ORIENTED_EDGE('',*,*,#2923,.T.);
#1642=ORIENTED_EDGE('',*,*,#2756,.T.);
#1643=ORIENTED_EDGE('',*,*,#2927,.F.);
#1644=ORIENTED_EDGE('',*,*,#2928,.F.);
#1645=ORIENTED_EDGE('',*,*,#2925,.T.);
#1646=ORIENTED_EDGE('',*,*,#2755,.T.);
#1647=ORIENTED_EDGE('',*,*,#2929,.F.);
#1648=ORIENTED_EDGE('',*,*,#2930,.F.);
#1649=ORIENTED_EDGE('',*,*,#2927,.T.);
#1650=ORIENTED_EDGE('',*,*,#2754,.T.);
#1651=ORIENTED_EDGE('',*,*,#2931,.F.);
#1652=ORIENTED_EDGE('',*,*,#2932,.F.);
#1653=ORIENTED_EDGE('',*,*,#2929,.T.);
#1654=ORIENTED_EDGE('',*,*,#2753,.T.);
#1655=ORIENTED_EDGE('',*,*,#2933,.F.);
#1656=ORIENTED_EDGE('',*,*,#2934,.F.);
#1657=ORIENTED_EDGE('',*,*,#2931,.T.);
#1658=ORIENTED_EDGE('',*,*,#2752,.T.);
#1659=ORIENTED_EDGE('',*,*,#2935,.F.);
#1660=ORIENTED_EDGE('',*,*,#2936,.F.);
#1661=ORIENTED_EDGE('',*,*,#2933,.T.);
#1662=ORIENTED_EDGE('',*,*,#2751,.T.);
#1663=ORIENTED_EDGE('',*,*,#2937,.F.);
#1664=ORIENTED_EDGE('',*,*,#2938,.F.);
#1665=ORIENTED_EDGE('',*,*,#2935,.T.);
#1666=ORIENTED_EDGE('',*,*,#2750,.T.);
#1667=ORIENTED_EDGE('',*,*,#2939,.F.);
#1668=ORIENTED_EDGE('',*,*,#2940,.F.);
#1669=ORIENTED_EDGE('',*,*,#2937,.T.);
#1670=ORIENTED_EDGE('',*,*,#2749,.T.);
#1671=ORIENTED_EDGE('',*,*,#2941,.F.);
#1672=ORIENTED_EDGE('',*,*,#2942,.F.);
#1673=ORIENTED_EDGE('',*,*,#2939,.T.);
#1674=ORIENTED_EDGE('',*,*,#2748,.T.);
#1675=ORIENTED_EDGE('',*,*,#2943,.F.);
#1676=ORIENTED_EDGE('',*,*,#2944,.F.);
#1677=ORIENTED_EDGE('',*,*,#2941,.T.);
#1678=ORIENTED_EDGE('',*,*,#2747,.T.);
#1679=ORIENTED_EDGE('',*,*,#2945,.F.);
#1680=ORIENTED_EDGE('',*,*,#2946,.F.);
#1681=ORIENTED_EDGE('',*,*,#2943,.T.);
#1682=ORIENTED_EDGE('',*,*,#2746,.T.);
#1683=ORIENTED_EDGE('',*,*,#2947,.F.);
#1684=ORIENTED_EDGE('',*,*,#2948,.F.);
#1685=ORIENTED_EDGE('',*,*,#2945,.T.);
#1686=ORIENTED_EDGE('',*,*,#2745,.T.);
#1687=ORIENTED_EDGE('',*,*,#2949,.F.);
#1688=ORIENTED_EDGE('',*,*,#2950,.F.);
#1689=ORIENTED_EDGE('',*,*,#2947,.T.);
#1690=ORIENTED_EDGE('',*,*,#2744,.T.);
#1691=ORIENTED_EDGE('',*,*,#2951,.F.);
#1692=ORIENTED_EDGE('',*,*,#2952,.F.);
#1693=ORIENTED_EDGE('',*,*,#2949,.T.);
#1694=ORIENTED_EDGE('',*,*,#2743,.T.);
#1695=ORIENTED_EDGE('',*,*,#2953,.F.);
#1696=ORIENTED_EDGE('',*,*,#2954,.F.);
#1697=ORIENTED_EDGE('',*,*,#2951,.T.);
#1698=ORIENTED_EDGE('',*,*,#2742,.T.);
#1699=ORIENTED_EDGE('',*,*,#2955,.F.);
#1700=ORIENTED_EDGE('',*,*,#2956,.F.);
#1701=ORIENTED_EDGE('',*,*,#2953,.T.);
#1702=ORIENTED_EDGE('',*,*,#2741,.T.);
#1703=ORIENTED_EDGE('',*,*,#2957,.F.);
#1704=ORIENTED_EDGE('',*,*,#2958,.F.);
#1705=ORIENTED_EDGE('',*,*,#2955,.T.);
#1706=ORIENTED_EDGE('',*,*,#2740,.T.);
#1707=ORIENTED_EDGE('',*,*,#2959,.F.);
#1708=ORIENTED_EDGE('',*,*,#2960,.F.);
#1709=ORIENTED_EDGE('',*,*,#2957,.T.);
#1710=ORIENTED_EDGE('',*,*,#2739,.T.);
#1711=ORIENTED_EDGE('',*,*,#2961,.F.);
#1712=ORIENTED_EDGE('',*,*,#2962,.F.);
#1713=ORIENTED_EDGE('',*,*,#2959,.T.);
#1714=ORIENTED_EDGE('',*,*,#2738,.T.);
#1715=ORIENTED_EDGE('',*,*,#2963,.F.);
#1716=ORIENTED_EDGE('',*,*,#2964,.F.);
#1717=ORIENTED_EDGE('',*,*,#2961,.T.);
#1718=ORIENTED_EDGE('',*,*,#2737,.T.);
#1719=ORIENTED_EDGE('',*,*,#2965,.F.);
#1720=ORIENTED_EDGE('',*,*,#2966,.F.);
#1721=ORIENTED_EDGE('',*,*,#2963,.T.);
#1722=ORIENTED_EDGE('',*,*,#2736,.T.);
#1723=ORIENTED_EDGE('',*,*,#2967,.F.);
#1724=ORIENTED_EDGE('',*,*,#2968,.F.);
#1725=ORIENTED_EDGE('',*,*,#2965,.T.);
#1726=ORIENTED_EDGE('',*,*,#2735,.T.);
#1727=ORIENTED_EDGE('',*,*,#2969,.F.);
#1728=ORIENTED_EDGE('',*,*,#2970,.F.);
#1729=ORIENTED_EDGE('',*,*,#2967,.T.);
#1730=ORIENTED_EDGE('',*,*,#2734,.T.);
#1731=ORIENTED_EDGE('',*,*,#2971,.F.);
#1732=ORIENTED_EDGE('',*,*,#2972,.F.);
#1733=ORIENTED_EDGE('',*,*,#2969,.T.);
#1734=ORIENTED_EDGE('',*,*,#2733,.T.);
#1735=ORIENTED_EDGE('',*,*,#2973,.F.);
#1736=ORIENTED_EDGE('',*,*,#2974,.F.);
#1737=ORIENTED_EDGE('',*,*,#2971,.T.);
#1738=ORIENTED_EDGE('',*,*,#2732,.T.);
#1739=ORIENTED_EDGE('',*,*,#2975,.F.);
#1740=ORIENTED_EDGE('',*,*,#2976,.F.);
#1741=ORIENTED_EDGE('',*,*,#2973,.T.);
#1742=ORIENTED_EDGE('',*,*,#2731,.T.);
#1743=ORIENTED_EDGE('',*,*,#2977,.F.);
#1744=ORIENTED_EDGE('',*,*,#2978,.F.);
#1745=ORIENTED_EDGE('',*,*,#2975,.T.);
#1746=ORIENTED_EDGE('',*,*,#2730,.T.);
#1747=ORIENTED_EDGE('',*,*,#2979,.F.);
#1748=ORIENTED_EDGE('',*,*,#2980,.F.);
#1749=ORIENTED_EDGE('',*,*,#2977,.T.);
#1750=ORIENTED_EDGE('',*,*,#2729,.T.);
#1751=ORIENTED_EDGE('',*,*,#2981,.F.);
#1752=ORIENTED_EDGE('',*,*,#2982,.F.);
#1753=ORIENTED_EDGE('',*,*,#2979,.T.);
#1754=ORIENTED_EDGE('',*,*,#2728,.T.);
#1755=ORIENTED_EDGE('',*,*,#2983,.F.);
#1756=ORIENTED_EDGE('',*,*,#2984,.F.);
#1757=ORIENTED_EDGE('',*,*,#2981,.T.);
#1758=ORIENTED_EDGE('',*,*,#2727,.T.);
#1759=ORIENTED_EDGE('',*,*,#2985,.F.);
#1760=ORIENTED_EDGE('',*,*,#2986,.F.);
#1761=ORIENTED_EDGE('',*,*,#2983,.T.);
#1762=ORIENTED_EDGE('',*,*,#2726,.T.);
#1763=ORIENTED_EDGE('',*,*,#2987,.F.);
#1764=ORIENTED_EDGE('',*,*,#2988,.F.);
#1765=ORIENTED_EDGE('',*,*,#2985,.T.);
#1766=ORIENTED_EDGE('',*,*,#2725,.T.);
#1767=ORIENTED_EDGE('',*,*,#2989,.F.);
#1768=ORIENTED_EDGE('',*,*,#2990,.F.);
#1769=ORIENTED_EDGE('',*,*,#2987,.T.);
#1770=ORIENTED_EDGE('',*,*,#2724,.T.);
#1771=ORIENTED_EDGE('',*,*,#2991,.F.);
#1772=ORIENTED_EDGE('',*,*,#2992,.F.);
#1773=ORIENTED_EDGE('',*,*,#2989,.T.);
#1774=ORIENTED_EDGE('',*,*,#2723,.T.);
#1775=ORIENTED_EDGE('',*,*,#2993,.F.);
#1776=ORIENTED_EDGE('',*,*,#2994,.F.);
#1777=ORIENTED_EDGE('',*,*,#2991,.T.);
#1778=ORIENTED_EDGE('',*,*,#2722,.T.);
#1779=ORIENTED_EDGE('',*,*,#2995,.F.);
#1780=ORIENTED_EDGE('',*,*,#2996,.F.);
#1781=ORIENTED_EDGE('',*,*,#2993,.T.);
#1782=ORIENTED_EDGE('',*,*,#2721,.T.);
#1783=ORIENTED_EDGE('',*,*,#2997,.F.);
#1784=ORIENTED_EDGE('',*,*,#2998,.F.);
#1785=ORIENTED_EDGE('',*,*,#2995,.T.);
#1786=ORIENTED_EDGE('',*,*,#2720,.T.);
#1787=ORIENTED_EDGE('',*,*,#2999,.F.);
#1788=ORIENTED_EDGE('',*,*,#3000,.F.);
#1789=ORIENTED_EDGE('',*,*,#2997,.T.);
#1790=ORIENTED_EDGE('',*,*,#2719,.T.);
#1791=ORIENTED_EDGE('',*,*,#3001,.F.);
#1792=ORIENTED_EDGE('',*,*,#3002,.F.);
#1793=ORIENTED_EDGE('',*,*,#2999,.T.);
#1794=ORIENTED_EDGE('',*,*,#2718,.T.);
#1795=ORIENTED_EDGE('',*,*,#3003,.F.);
#1796=ORIENTED_EDGE('',*,*,#3004,.F.);
#1797=ORIENTED_EDGE('',*,*,#3001,.T.);
#1798=ORIENTED_EDGE('',*,*,#2717,.T.);
#1799=ORIENTED_EDGE('',*,*,#3005,.F.);
#1800=ORIENTED_EDGE('',*,*,#3006,.F.);
#1801=ORIENTED_EDGE('',*,*,#3003,.T.);
#1802=ORIENTED_EDGE('',*,*,#2716,.T.);
#1803=ORIENTED_EDGE('',*,*,#3007,.F.);
#1804=ORIENTED_EDGE('',*,*,#3008,.F.);
#1805=ORIENTED_EDGE('',*,*,#3005,.T.);
#1806=ORIENTED_EDGE('',*,*,#2715,.T.);
#1807=ORIENTED_EDGE('',*,*,#3009,.F.);
#1808=ORIENTED_EDGE('',*,*,#3010,.F.);
#1809=ORIENTED_EDGE('',*,*,#3007,.T.);
#1810=ORIENTED_EDGE('',*,*,#2714,.T.);
#1811=ORIENTED_EDGE('',*,*,#3011,.F.);
#1812=ORIENTED_EDGE('',*,*,#3012,.F.);
#1813=ORIENTED_EDGE('',*,*,#3009,.T.);
#1814=ORIENTED_EDGE('',*,*,#2713,.T.);
#1815=ORIENTED_EDGE('',*,*,#3013,.F.);
#1816=ORIENTED_EDGE('',*,*,#3014,.F.);
#1817=ORIENTED_EDGE('',*,*,#3011,.T.);
#1818=ORIENTED_EDGE('',*,*,#2712,.T.);
#1819=ORIENTED_EDGE('',*,*,#3015,.F.);
#1820=ORIENTED_EDGE('',*,*,#3016,.F.);
#1821=ORIENTED_EDGE('',*,*,#3013,.T.);
#1822=ORIENTED_EDGE('',*,*,#2711,.T.);
#1823=ORIENTED_EDGE('',*,*,#3017,.F.);
#1824=ORIENTED_EDGE('',*,*,#3018,.F.);
#1825=ORIENTED_EDGE('',*,*,#3015,.T.);
#1826=ORIENTED_EDGE('',*,*,#2710,.T.);
#1827=ORIENTED_EDGE('',*,*,#3019,.F.);
#1828=ORIENTED_EDGE('',*,*,#3020,.F.);
#1829=ORIENTED_EDGE('',*,*,#3017,.T.);
#1830=ORIENTED_EDGE('',*,*,#2709,.T.);
#1831=ORIENTED_EDGE('',*,*,#3021,.F.);
#1832=ORIENTED_EDGE('',*,*,#3022,.F.);
#1833=ORIENTED_EDGE('',*,*,#3019,.T.);
#1834=ORIENTED_EDGE('',*,*,#2708,.T.);
#1835=ORIENTED_EDGE('',*,*,#3023,.F.);
#1836=ORIENTED_EDGE('',*,*,#3024,.F.);
#1837=ORIENTED_EDGE('',*,*,#3021,.T.);
#1838=ORIENTED_EDGE('',*,*,#2707,.T.);
#1839=ORIENTED_EDGE('',*,*,#3025,.F.);
#1840=ORIENTED_EDGE('',*,*,#3026,.F.);
#1841=ORIENTED_EDGE('',*,*,#3023,.T.);
#1842=ORIENTED_EDGE('',*,*,#2706,.T.);
#1843=ORIENTED_EDGE('',*,*,#3027,.F.);
#1844=ORIENTED_EDGE('',*,*,#3028,.F.);
#1845=ORIENTED_EDGE('',*,*,#3025,.T.);
#1846=ORIENTED_EDGE('',*,*,#2705,.T.);
#1847=ORIENTED_EDGE('',*,*,#3029,.F.);
#1848=ORIENTED_EDGE('',*,*,#3030,.F.);
#1849=ORIENTED_EDGE('',*,*,#3027,.T.);
#1850=ORIENTED_EDGE('',*,*,#2704,.T.);
#1851=ORIENTED_EDGE('',*,*,#3031,.F.);
#1852=ORIENTED_EDGE('',*,*,#3032,.F.);
#1853=ORIENTED_EDGE('',*,*,#3029,.T.);
#1854=ORIENTED_EDGE('',*,*,#2703,.T.);
#1855=ORIENTED_EDGE('',*,*,#3033,.F.);
#1856=ORIENTED_EDGE('',*,*,#3034,.F.);
#1857=ORIENTED_EDGE('',*,*,#3031,.T.);
#1858=ORIENTED_EDGE('',*,*,#2702,.T.);
#1859=ORIENTED_EDGE('',*,*,#2820,.F.);
#1860=ORIENTED_EDGE('',*,*,#3035,.F.);
#1861=ORIENTED_EDGE('',*,*,#3033,.T.);
#1862=ORIENTED_EDGE('',*,*,#2819,.T.);
#1863=ORIENTED_EDGE('',*,*,#2822,.T.);
#1864=ORIENTED_EDGE('',*,*,#2824,.T.);
#1865=ORIENTED_EDGE('',*,*,#2826,.T.);
#1866=ORIENTED_EDGE('',*,*,#2828,.T.);
#1867=ORIENTED_EDGE('',*,*,#2830,.T.);
#1868=ORIENTED_EDGE('',*,*,#2832,.T.);
#1869=ORIENTED_EDGE('',*,*,#2834,.T.);
#1870=ORIENTED_EDGE('',*,*,#2836,.T.);
#1871=ORIENTED_EDGE('',*,*,#2838,.T.);
#1872=ORIENTED_EDGE('',*,*,#2840,.T.);
#1873=ORIENTED_EDGE('',*,*,#2842,.T.);
#1874=ORIENTED_EDGE('',*,*,#2844,.T.);
#1875=ORIENTED_EDGE('',*,*,#2846,.T.);
#1876=ORIENTED_EDGE('',*,*,#2848,.T.);
#1877=ORIENTED_EDGE('',*,*,#2850,.T.);
#1878=ORIENTED_EDGE('',*,*,#2852,.T.);
#1879=ORIENTED_EDGE('',*,*,#2854,.T.);
#1880=ORIENTED_EDGE('',*,*,#2856,.T.);
#1881=ORIENTED_EDGE('',*,*,#2858,.T.);
#1882=ORIENTED_EDGE('',*,*,#2860,.T.);
#1883=ORIENTED_EDGE('',*,*,#2862,.T.);
#1884=ORIENTED_EDGE('',*,*,#2864,.T.);
#1885=ORIENTED_EDGE('',*,*,#2866,.T.);
#1886=ORIENTED_EDGE('',*,*,#2868,.T.);
#1887=ORIENTED_EDGE('',*,*,#2870,.T.);
#1888=ORIENTED_EDGE('',*,*,#2872,.T.);
#1889=ORIENTED_EDGE('',*,*,#2874,.T.);
#1890=ORIENTED_EDGE('',*,*,#2876,.T.);
#1891=ORIENTED_EDGE('',*,*,#2878,.T.);
#1892=ORIENTED_EDGE('',*,*,#2880,.T.);
#1893=ORIENTED_EDGE('',*,*,#2882,.T.);
#1894=ORIENTED_EDGE('',*,*,#2884,.T.);
#1895=ORIENTED_EDGE('',*,*,#2886,.T.);
#1896=ORIENTED_EDGE('',*,*,#2888,.T.);
#1897=ORIENTED_EDGE('',*,*,#2890,.T.);
#1898=ORIENTED_EDGE('',*,*,#2892,.T.);
#1899=ORIENTED_EDGE('',*,*,#2894,.T.);
#1900=ORIENTED_EDGE('',*,*,#2896,.T.);
#1901=ORIENTED_EDGE('',*,*,#2898,.T.);
#1902=ORIENTED_EDGE('',*,*,#2900,.T.);
#1903=ORIENTED_EDGE('',*,*,#2902,.T.);
#1904=ORIENTED_EDGE('',*,*,#2904,.T.);
#1905=ORIENTED_EDGE('',*,*,#2906,.T.);
#1906=ORIENTED_EDGE('',*,*,#2908,.T.);
#1907=ORIENTED_EDGE('',*,*,#2910,.T.);
#1908=ORIENTED_EDGE('',*,*,#2912,.T.);
#1909=ORIENTED_EDGE('',*,*,#2914,.T.);
#1910=ORIENTED_EDGE('',*,*,#2916,.T.);
#1911=ORIENTED_EDGE('',*,*,#2918,.T.);
#1912=ORIENTED_EDGE('',*,*,#2920,.T.);
#1913=ORIENTED_EDGE('',*,*,#2922,.T.);
#1914=ORIENTED_EDGE('',*,*,#2924,.T.);
#1915=ORIENTED_EDGE('',*,*,#2926,.T.);
#1916=ORIENTED_EDGE('',*,*,#2928,.T.);
#1917=ORIENTED_EDGE('',*,*,#2930,.T.);
#1918=ORIENTED_EDGE('',*,*,#2932,.T.);
#1919=ORIENTED_EDGE('',*,*,#2934,.T.);
#1920=ORIENTED_EDGE('',*,*,#2936,.T.);
#1921=ORIENTED_EDGE('',*,*,#2938,.T.);
#1922=ORIENTED_EDGE('',*,*,#2940,.T.);
#1923=ORIENTED_EDGE('',*,*,#2942,.T.);
#1924=ORIENTED_EDGE('',*,*,#2944,.T.);
#1925=ORIENTED_EDGE('',*,*,#2946,.T.);
#1926=ORIENTED_EDGE('',*,*,#2948,.T.);
#1927=ORIENTED_EDGE('',*,*,#2950,.T.);
#1928=ORIENTED_EDGE('',*,*,#2952,.T.);
#1929=ORIENTED_EDGE('',*,*,#2954,.T.);
#1930=ORIENTED_EDGE('',*,*,#2956,.T.);
#1931=ORIENTED_EDGE('',*,*,#2958,.T.);
#1932=ORIENTED_EDGE('',*,*,#2960,.T.);
#1933=ORIENTED_EDGE('',*,*,#2962,.T.);
#1934=ORIENTED_EDGE('',*,*,#2964,.T.);
#1935=ORIENTED_EDGE('',*,*,#2966,.T.);
#1936=ORIENTED_EDGE('',*,*,#2968,.T.);
#1937=ORIENTED_EDGE('',*,*,#2970,.T.);
#1938=ORIENTED_EDGE('',*,*,#2972,.T.);
#1939=ORIENTED_EDGE('',*,*,#2974,.T.);
#1940=ORIENTED_EDGE('',*,*,#2976,.T.);
#1941=ORIENTED_EDGE('',*,*,#2978,.T.);
#1942=ORIENTED_EDGE('',*,*,#2980,.T.);
#1943=ORIENTED_EDGE('',*,*,#2982,.T.);
#1944=ORIENTED_EDGE('',*,*,#2984,.T.);
#1945=ORIENTED_EDGE('',*,*,#2986,.T.);
#1946=ORIENTED_EDGE('',*,*,#2988,.T.);
#1947=ORIENTED_EDGE('',*,*,#2990,.T.);
#1948=ORIENTED_EDGE('',*,*,#2992,.T.);
#1949=ORIENTED_EDGE('',*,*,#2994,.T.);
#1950=ORIENTED_EDGE('',*,*,#2996,.T.);
#1951=ORIENTED_EDGE('',*,*,#2998,.T.);
#1952=ORIENTED_EDGE('',*,*,#3000,.T.);
#1953=ORIENTED_EDGE('',*,*,#3002,.T.);
#1954=ORIENTED_EDGE('',*,*,#3004,.T.);
#1955=ORIENTED_EDGE('',*,*,#3006,.T.);
#1956=ORIENTED_EDGE('',*,*,#3008,.T.);
#1957=ORIENTED_EDGE('',*,*,#3010,.T.);
#1958=ORIENTED_EDGE('',*,*,#3012,.T.);
#1959=ORIENTED_EDGE('',*,*,#3014,.T.);
#1960=ORIENTED_EDGE('',*,*,#3016,.T.);
#1961=ORIENTED_EDGE('',*,*,#3018,.T.);
#1962=ORIENTED_EDGE('',*,*,#3020,.T.);
#1963=ORIENTED_EDGE('',*,*,#3022,.T.);
#1964=ORIENTED_EDGE('',*,*,#3024,.T.);
#1965=ORIENTED_EDGE('',*,*,#3026,.T.);
#1966=ORIENTED_EDGE('',*,*,#3028,.T.);
#1967=ORIENTED_EDGE('',*,*,#3030,.T.);
#1968=ORIENTED_EDGE('',*,*,#3032,.T.);
#1969=ORIENTED_EDGE('',*,*,#3034,.T.);
#1970=ORIENTED_EDGE('',*,*,#3035,.T.);
#1971=ORIENTED_EDGE('',*,*,#2670,.T.);
#1972=ORIENTED_EDGE('',*,*,#3036,.F.);
#1973=ORIENTED_EDGE('',*,*,#3037,.F.);
#1974=ORIENTED_EDGE('',*,*,#3038,.T.);
#1975=ORIENTED_EDGE('',*,*,#2700,.T.);
#1976=ORIENTED_EDGE('',*,*,#3039,.F.);
#1977=ORIENTED_EDGE('',*,*,#3040,.F.);
#1978=ORIENTED_EDGE('',*,*,#3036,.T.);
#1979=ORIENTED_EDGE('',*,*,#2699,.T.);
#1980=ORIENTED_EDGE('',*,*,#3041,.F.);
#1981=ORIENTED_EDGE('',*,*,#3042,.F.);
#1982=ORIENTED_EDGE('',*,*,#3039,.T.);
#1983=ORIENTED_EDGE('',*,*,#2698,.T.);
#1984=ORIENTED_EDGE('',*,*,#3043,.F.);
#1985=ORIENTED_EDGE('',*,*,#3044,.F.);
#1986=ORIENTED_EDGE('',*,*,#3041,.T.);
#1987=ORIENTED_EDGE('',*,*,#2697,.T.);
#1988=ORIENTED_EDGE('',*,*,#3045,.F.);
#1989=ORIENTED_EDGE('',*,*,#3046,.F.);
#1990=ORIENTED_EDGE('',*,*,#3043,.T.);
#1991=ORIENTED_EDGE('',*,*,#2696,.T.);
#1992=ORIENTED_EDGE('',*,*,#3047,.F.);
#1993=ORIENTED_EDGE('',*,*,#3048,.F.);
#1994=ORIENTED_EDGE('',*,*,#3045,.T.);
#1995=ORIENTED_EDGE('',*,*,#2695,.T.);
#1996=ORIENTED_EDGE('',*,*,#3049,.F.);
#1997=ORIENTED_EDGE('',*,*,#3050,.F.);
#1998=ORIENTED_EDGE('',*,*,#3047,.T.);
#1999=ORIENTED_EDGE('',*,*,#2694,.T.);
#2000=ORIENTED_EDGE('',*,*,#3051,.F.);
#2001=ORIENTED_EDGE('',*,*,#3052,.F.);
#2002=ORIENTED_EDGE('',*,*,#3049,.T.);
#2003=ORIENTED_EDGE('',*,*,#2693,.T.);
#2004=ORIENTED_EDGE('',*,*,#3053,.F.);
#2005=ORIENTED_EDGE('',*,*,#3054,.F.);
#2006=ORIENTED_EDGE('',*,*,#3051,.T.);
#2007=ORIENTED_EDGE('',*,*,#2692,.T.);
#2008=ORIENTED_EDGE('',*,*,#3055,.F.);
#2009=ORIENTED_EDGE('',*,*,#3056,.F.);
#2010=ORIENTED_EDGE('',*,*,#3053,.T.);
#2011=ORIENTED_EDGE('',*,*,#2691,.T.);
#2012=ORIENTED_EDGE('',*,*,#3057,.F.);
#2013=ORIENTED_EDGE('',*,*,#3058,.F.);
#2014=ORIENTED_EDGE('',*,*,#3055,.T.);
#2015=ORIENTED_EDGE('',*,*,#2690,.T.);
#2016=ORIENTED_EDGE('',*,*,#3059,.F.);
#2017=ORIENTED_EDGE('',*,*,#3060,.F.);
#2018=ORIENTED_EDGE('',*,*,#3057,.T.);
#2019=ORIENTED_EDGE('',*,*,#2689,.T.);
#2020=ORIENTED_EDGE('',*,*,#3061,.F.);
#2021=ORIENTED_EDGE('',*,*,#3062,.F.);
#2022=ORIENTED_EDGE('',*,*,#3059,.T.);
#2023=ORIENTED_EDGE('',*,*,#2688,.T.);
#2024=ORIENTED_EDGE('',*,*,#3063,.F.);
#2025=ORIENTED_EDGE('',*,*,#3064,.F.);
#2026=ORIENTED_EDGE('',*,*,#3061,.T.);
#2027=ORIENTED_EDGE('',*,*,#2687,.T.);
#2028=ORIENTED_EDGE('',*,*,#3065,.F.);
#2029=ORIENTED_EDGE('',*,*,#3066,.F.);
#2030=ORIENTED_EDGE('',*,*,#3063,.T.);
#2031=ORIENTED_EDGE('',*,*,#2686,.T.);
#2032=ORIENTED_EDGE('',*,*,#3067,.F.);
#2033=ORIENTED_EDGE('',*,*,#3068,.F.);
#2034=ORIENTED_EDGE('',*,*,#3065,.T.);
#2035=ORIENTED_EDGE('',*,*,#2685,.T.);
#2036=ORIENTED_EDGE('',*,*,#3069,.F.);
#2037=ORIENTED_EDGE('',*,*,#3070,.F.);
#2038=ORIENTED_EDGE('',*,*,#3067,.T.);
#2039=ORIENTED_EDGE('',*,*,#2684,.T.);
#2040=ORIENTED_EDGE('',*,*,#3071,.F.);
#2041=ORIENTED_EDGE('',*,*,#3072,.F.);
#2042=ORIENTED_EDGE('',*,*,#3069,.T.);
#2043=ORIENTED_EDGE('',*,*,#2683,.T.);
#2044=ORIENTED_EDGE('',*,*,#3073,.F.);
#2045=ORIENTED_EDGE('',*,*,#3074,.F.);
#2046=ORIENTED_EDGE('',*,*,#3071,.T.);
#2047=ORIENTED_EDGE('',*,*,#2682,.T.);
#2048=ORIENTED_EDGE('',*,*,#3075,.F.);
#2049=ORIENTED_EDGE('',*,*,#3076,.F.);
#2050=ORIENTED_EDGE('',*,*,#3073,.T.);
#2051=ORIENTED_EDGE('',*,*,#2681,.T.);
#2052=ORIENTED_EDGE('',*,*,#3077,.F.);
#2053=ORIENTED_EDGE('',*,*,#3078,.F.);
#2054=ORIENTED_EDGE('',*,*,#3075,.T.);
#2055=ORIENTED_EDGE('',*,*,#2680,.T.);
#2056=ORIENTED_EDGE('',*,*,#3079,.F.);
#2057=ORIENTED_EDGE('',*,*,#3080,.F.);
#2058=ORIENTED_EDGE('',*,*,#3077,.T.);
#2059=ORIENTED_EDGE('',*,*,#2679,.T.);
#2060=ORIENTED_EDGE('',*,*,#3081,.F.);
#2061=ORIENTED_EDGE('',*,*,#3082,.F.);
#2062=ORIENTED_EDGE('',*,*,#3079,.T.);
#2063=ORIENTED_EDGE('',*,*,#2678,.T.);
#2064=ORIENTED_EDGE('',*,*,#3083,.F.);
#2065=ORIENTED_EDGE('',*,*,#3084,.F.);
#2066=ORIENTED_EDGE('',*,*,#3081,.T.);
#2067=ORIENTED_EDGE('',*,*,#2677,.T.);
#2068=ORIENTED_EDGE('',*,*,#3085,.F.);
#2069=ORIENTED_EDGE('',*,*,#3086,.F.);
#2070=ORIENTED_EDGE('',*,*,#3083,.T.);
#2071=ORIENTED_EDGE('',*,*,#2676,.T.);
#2072=ORIENTED_EDGE('',*,*,#3087,.F.);
#2073=ORIENTED_EDGE('',*,*,#3088,.F.);
#2074=ORIENTED_EDGE('',*,*,#3085,.T.);
#2075=ORIENTED_EDGE('',*,*,#2675,.T.);
#2076=ORIENTED_EDGE('',*,*,#3089,.F.);
#2077=ORIENTED_EDGE('',*,*,#3090,.F.);
#2078=ORIENTED_EDGE('',*,*,#3087,.T.);
#2079=ORIENTED_EDGE('',*,*,#2674,.T.);
#2080=ORIENTED_EDGE('',*,*,#3091,.F.);
#2081=ORIENTED_EDGE('',*,*,#3092,.F.);
#2082=ORIENTED_EDGE('',*,*,#3089,.T.);
#2083=ORIENTED_EDGE('',*,*,#2673,.T.);
#2084=ORIENTED_EDGE('',*,*,#3093,.F.);
#2085=ORIENTED_EDGE('',*,*,#3094,.F.);
#2086=ORIENTED_EDGE('',*,*,#3091,.T.);
#2087=ORIENTED_EDGE('',*,*,#2672,.T.);
#2088=ORIENTED_EDGE('',*,*,#3095,.F.);
#2089=ORIENTED_EDGE('',*,*,#3096,.F.);
#2090=ORIENTED_EDGE('',*,*,#3093,.T.);
#2091=ORIENTED_EDGE('',*,*,#2671,.T.);
#2092=ORIENTED_EDGE('',*,*,#3038,.F.);
#2093=ORIENTED_EDGE('',*,*,#3097,.F.);
#2094=ORIENTED_EDGE('',*,*,#3095,.T.);
#2095=ORIENTED_EDGE('',*,*,#3037,.T.);
#2096=ORIENTED_EDGE('',*,*,#3040,.T.);
#2097=ORIENTED_EDGE('',*,*,#3042,.T.);
#2098=ORIENTED_EDGE('',*,*,#3044,.T.);
#2099=ORIENTED_EDGE('',*,*,#3046,.T.);
#2100=ORIENTED_EDGE('',*,*,#3048,.T.);
#2101=ORIENTED_EDGE('',*,*,#3050,.T.);
#2102=ORIENTED_EDGE('',*,*,#3052,.T.);
#2103=ORIENTED_EDGE('',*,*,#3054,.T.);
#2104=ORIENTED_EDGE('',*,*,#3056,.T.);
#2105=ORIENTED_EDGE('',*,*,#3058,.T.);
#2106=ORIENTED_EDGE('',*,*,#3060,.T.);
#2107=ORIENTED_EDGE('',*,*,#3062,.T.);
#2108=ORIENTED_EDGE('',*,*,#3064,.T.);
#2109=ORIENTED_EDGE('',*,*,#3066,.T.);
#2110=ORIENTED_EDGE('',*,*,#3068,.T.);
#2111=ORIENTED_EDGE('',*,*,#3070,.T.);
#2112=ORIENTED_EDGE('',*,*,#3072,.T.);
#2113=ORIENTED_EDGE('',*,*,#3074,.T.);
#2114=ORIENTED_EDGE('',*,*,#3076,.T.);
#2115=ORIENTED_EDGE('',*,*,#3078,.T.);
#2116=ORIENTED_EDGE('',*,*,#3080,.T.);
#2117=ORIENTED_EDGE('',*,*,#3082,.T.);
#2118=ORIENTED_EDGE('',*,*,#3084,.T.);
#2119=ORIENTED_EDGE('',*,*,#3086,.T.);
#2120=ORIENTED_EDGE('',*,*,#3088,.T.);
#2121=ORIENTED_EDGE('',*,*,#3090,.T.);
#2122=ORIENTED_EDGE('',*,*,#3092,.T.);
#2123=ORIENTED_EDGE('',*,*,#3094,.T.);
#2124=ORIENTED_EDGE('',*,*,#3096,.T.);
#2125=ORIENTED_EDGE('',*,*,#3097,.T.);
#2126=ORIENTED_EDGE('',*,*,#2816,.T.);
#2127=ORIENTED_EDGE('',*,*,#3098,.T.);
#2128=ORIENTED_EDGE('',*,*,#3099,.F.);
#2129=ORIENTED_EDGE('',*,*,#2666,.T.);
#2130=ORIENTED_EDGE('',*,*,#2814,.T.);
#2131=ORIENTED_EDGE('',*,*,#3100,.T.);
#2132=ORIENTED_EDGE('',*,*,#3101,.F.);
#2133=ORIENTED_EDGE('',*,*,#3102,.T.);
#2134=ORIENTED_EDGE('',*,*,#3103,.T.);
#2135=ORIENTED_EDGE('',*,*,#3104,.T.);
#2136=ORIENTED_EDGE('',*,*,#2812,.F.);
#2137=ORIENTED_EDGE('',*,*,#2668,.F.);
#2138=ORIENTED_EDGE('',*,*,#3101,.T.);
#2139=ORIENTED_EDGE('',*,*,#3105,.T.);
#2140=ORIENTED_EDGE('',*,*,#3103,.F.);
#2141=ORIENTED_EDGE('',*,*,#2667,.F.);
#2142=ORIENTED_EDGE('',*,*,#3099,.T.);
#2143=ORIENTED_EDGE('',*,*,#3106,.T.);
#2144=ORIENTED_EDGE('',*,*,#3105,.F.);
#2145=ORIENTED_EDGE('',*,*,#3100,.F.);
#2146=ORIENTED_EDGE('',*,*,#2813,.F.);
#2147=ORIENTED_EDGE('',*,*,#3104,.F.);
#2148=ORIENTED_EDGE('',*,*,#3106,.F.);
#2149=ORIENTED_EDGE('',*,*,#3098,.F.);
#2150=ORIENTED_EDGE('',*,*,#2815,.F.);
#2151=ORIENTED_EDGE('',*,*,#3102,.F.);
#2152=ORIENTED_EDGE('',*,*,#3107,.F.);
#2153=ORIENTED_EDGE('',*,*,#3108,.F.);
#2154=ORIENTED_EDGE('',*,*,#3109,.T.);
#2155=ORIENTED_EDGE('',*,*,#3110,.T.);
#2156=ORIENTED_EDGE('',*,*,#3111,.F.);
#2157=ORIENTED_EDGE('',*,*,#3110,.F.);
#2158=ORIENTED_EDGE('',*,*,#3112,.T.);
#2159=ORIENTED_EDGE('',*,*,#3113,.T.);
#2160=ORIENTED_EDGE('',*,*,#3114,.F.);
#2161=ORIENTED_EDGE('',*,*,#3113,.F.);
#2162=ORIENTED_EDGE('',*,*,#3115,.T.);
#2163=ORIENTED_EDGE('',*,*,#3116,.T.);
#2164=ORIENTED_EDGE('',*,*,#3117,.F.);
#2165=ORIENTED_EDGE('',*,*,#3116,.F.);
#2166=ORIENTED_EDGE('',*,*,#3118,.T.);
#2167=ORIENTED_EDGE('',*,*,#3119,.T.);
#2168=ORIENTED_EDGE('',*,*,#3120,.F.);
#2169=ORIENTED_EDGE('',*,*,#3119,.F.);
#2170=ORIENTED_EDGE('',*,*,#3121,.T.);
#2171=ORIENTED_EDGE('',*,*,#3122,.T.);
#2172=ORIENTED_EDGE('',*,*,#3123,.F.);
#2173=ORIENTED_EDGE('',*,*,#3122,.F.);
#2174=ORIENTED_EDGE('',*,*,#3124,.T.);
#2175=ORIENTED_EDGE('',*,*,#3125,.T.);
#2176=ORIENTED_EDGE('',*,*,#3126,.F.);
#2177=ORIENTED_EDGE('',*,*,#3125,.F.);
#2178=ORIENTED_EDGE('',*,*,#3127,.T.);
#2179=ORIENTED_EDGE('',*,*,#3128,.T.);
#2180=ORIENTED_EDGE('',*,*,#3129,.F.);
#2181=ORIENTED_EDGE('',*,*,#3128,.F.);
#2182=ORIENTED_EDGE('',*,*,#3130,.T.);
#2183=ORIENTED_EDGE('',*,*,#3131,.T.);
#2184=ORIENTED_EDGE('',*,*,#3132,.F.);
#2185=ORIENTED_EDGE('',*,*,#3131,.F.);
#2186=ORIENTED_EDGE('',*,*,#3133,.T.);
#2187=ORIENTED_EDGE('',*,*,#3134,.T.);
#2188=ORIENTED_EDGE('',*,*,#3135,.F.);
#2189=ORIENTED_EDGE('',*,*,#3134,.F.);
#2190=ORIENTED_EDGE('',*,*,#3136,.T.);
#2191=ORIENTED_EDGE('',*,*,#3137,.T.);
#2192=ORIENTED_EDGE('',*,*,#3138,.F.);
#2193=ORIENTED_EDGE('',*,*,#3137,.F.);
#2194=ORIENTED_EDGE('',*,*,#3139,.T.);
#2195=ORIENTED_EDGE('',*,*,#3140,.T.);
#2196=ORIENTED_EDGE('',*,*,#3141,.F.);
#2197=ORIENTED_EDGE('',*,*,#3140,.F.);
#2198=ORIENTED_EDGE('',*,*,#3142,.T.);
#2199=ORIENTED_EDGE('',*,*,#3143,.T.);
#2200=ORIENTED_EDGE('',*,*,#3144,.F.);
#2201=ORIENTED_EDGE('',*,*,#3143,.F.);
#2202=ORIENTED_EDGE('',*,*,#3145,.T.);
#2203=ORIENTED_EDGE('',*,*,#3146,.T.);
#2204=ORIENTED_EDGE('',*,*,#3147,.F.);
#2205=ORIENTED_EDGE('',*,*,#3146,.F.);
#2206=ORIENTED_EDGE('',*,*,#3148,.T.);
#2207=ORIENTED_EDGE('',*,*,#3149,.T.);
#2208=ORIENTED_EDGE('',*,*,#3150,.F.);
#2209=ORIENTED_EDGE('',*,*,#3149,.F.);
#2210=ORIENTED_EDGE('',*,*,#3151,.T.);
#2211=ORIENTED_EDGE('',*,*,#3152,.T.);
#2212=ORIENTED_EDGE('',*,*,#3153,.F.);
#2213=ORIENTED_EDGE('',*,*,#3152,.F.);
#2214=ORIENTED_EDGE('',*,*,#3154,.T.);
#2215=ORIENTED_EDGE('',*,*,#3155,.T.);
#2216=ORIENTED_EDGE('',*,*,#3156,.F.);
#2217=ORIENTED_EDGE('',*,*,#3155,.F.);
#2218=ORIENTED_EDGE('',*,*,#3157,.T.);
#2219=ORIENTED_EDGE('',*,*,#3158,.T.);
#2220=ORIENTED_EDGE('',*,*,#3159,.F.);
#2221=ORIENTED_EDGE('',*,*,#3158,.F.);
#2222=ORIENTED_EDGE('',*,*,#3160,.T.);
#2223=ORIENTED_EDGE('',*,*,#3161,.T.);
#2224=ORIENTED_EDGE('',*,*,#3162,.F.);
#2225=ORIENTED_EDGE('',*,*,#3161,.F.);
#2226=ORIENTED_EDGE('',*,*,#3163,.T.);
#2227=ORIENTED_EDGE('',*,*,#3164,.T.);
#2228=ORIENTED_EDGE('',*,*,#3165,.F.);
#2229=ORIENTED_EDGE('',*,*,#3164,.F.);
#2230=ORIENTED_EDGE('',*,*,#3166,.T.);
#2231=ORIENTED_EDGE('',*,*,#3167,.T.);
#2232=ORIENTED_EDGE('',*,*,#3168,.F.);
#2233=ORIENTED_EDGE('',*,*,#3167,.F.);
#2234=ORIENTED_EDGE('',*,*,#3169,.T.);
#2235=ORIENTED_EDGE('',*,*,#3170,.T.);
#2236=ORIENTED_EDGE('',*,*,#3171,.F.);
#2237=ORIENTED_EDGE('',*,*,#3170,.F.);
#2238=ORIENTED_EDGE('',*,*,#3172,.T.);
#2239=ORIENTED_EDGE('',*,*,#3173,.T.);
#2240=ORIENTED_EDGE('',*,*,#3174,.F.);
#2241=ORIENTED_EDGE('',*,*,#3173,.F.);
#2242=ORIENTED_EDGE('',*,*,#3175,.T.);
#2243=ORIENTED_EDGE('',*,*,#3176,.T.);
#2244=ORIENTED_EDGE('',*,*,#3177,.F.);
#2245=ORIENTED_EDGE('',*,*,#3176,.F.);
#2246=ORIENTED_EDGE('',*,*,#3178,.T.);
#2247=ORIENTED_EDGE('',*,*,#3179,.T.);
#2248=ORIENTED_EDGE('',*,*,#3180,.F.);
#2249=ORIENTED_EDGE('',*,*,#3179,.F.);
#2250=ORIENTED_EDGE('',*,*,#3181,.T.);
#2251=ORIENTED_EDGE('',*,*,#3182,.T.);
#2252=ORIENTED_EDGE('',*,*,#3183,.F.);
#2253=ORIENTED_EDGE('',*,*,#3182,.F.);
#2254=ORIENTED_EDGE('',*,*,#3184,.T.);
#2255=ORIENTED_EDGE('',*,*,#3185,.T.);
#2256=ORIENTED_EDGE('',*,*,#3186,.F.);
#2257=ORIENTED_EDGE('',*,*,#3185,.F.);
#2258=ORIENTED_EDGE('',*,*,#3187,.T.);
#2259=ORIENTED_EDGE('',*,*,#3188,.T.);
#2260=ORIENTED_EDGE('',*,*,#3189,.F.);
#2261=ORIENTED_EDGE('',*,*,#3188,.F.);
#2262=ORIENTED_EDGE('',*,*,#3190,.T.);
#2263=ORIENTED_EDGE('',*,*,#3191,.T.);
#2264=ORIENTED_EDGE('',*,*,#3192,.F.);
#2265=ORIENTED_EDGE('',*,*,#3191,.F.);
#2266=ORIENTED_EDGE('',*,*,#3193,.T.);
#2267=ORIENTED_EDGE('',*,*,#3194,.T.);
#2268=ORIENTED_EDGE('',*,*,#3195,.F.);
#2269=ORIENTED_EDGE('',*,*,#3194,.F.);
#2270=ORIENTED_EDGE('',*,*,#3196,.T.);
#2271=ORIENTED_EDGE('',*,*,#3197,.T.);
#2272=ORIENTED_EDGE('',*,*,#3198,.F.);
#2273=ORIENTED_EDGE('',*,*,#3197,.F.);
#2274=ORIENTED_EDGE('',*,*,#3199,.T.);
#2275=ORIENTED_EDGE('',*,*,#3108,.T.);
#2276=ORIENTED_EDGE('',*,*,#3109,.F.);
#2277=ORIENTED_EDGE('',*,*,#3199,.F.);
#2278=ORIENTED_EDGE('',*,*,#3196,.F.);
#2279=ORIENTED_EDGE('',*,*,#3193,.F.);
#2280=ORIENTED_EDGE('',*,*,#3190,.F.);
#2281=ORIENTED_EDGE('',*,*,#3187,.F.);
#2282=ORIENTED_EDGE('',*,*,#3184,.F.);
#2283=ORIENTED_EDGE('',*,*,#3181,.F.);
#2284=ORIENTED_EDGE('',*,*,#3178,.F.);
#2285=ORIENTED_EDGE('',*,*,#3175,.F.);
#2286=ORIENTED_EDGE('',*,*,#3172,.F.);
#2287=ORIENTED_EDGE('',*,*,#3169,.F.);
#2288=ORIENTED_EDGE('',*,*,#3166,.F.);
#2289=ORIENTED_EDGE('',*,*,#3163,.F.);
#2290=ORIENTED_EDGE('',*,*,#3160,.F.);
#2291=ORIENTED_EDGE('',*,*,#3157,.F.);
#2292=ORIENTED_EDGE('',*,*,#3154,.F.);
#2293=ORIENTED_EDGE('',*,*,#3151,.F.);
#2294=ORIENTED_EDGE('',*,*,#3148,.F.);
#2295=ORIENTED_EDGE('',*,*,#3145,.F.);
#2296=ORIENTED_EDGE('',*,*,#3142,.F.);
#2297=ORIENTED_EDGE('',*,*,#3139,.F.);
#2298=ORIENTED_EDGE('',*,*,#3136,.F.);
#2299=ORIENTED_EDGE('',*,*,#3133,.F.);
#2300=ORIENTED_EDGE('',*,*,#3130,.F.);
#2301=ORIENTED_EDGE('',*,*,#3127,.F.);
#2302=ORIENTED_EDGE('',*,*,#3124,.F.);
#2303=ORIENTED_EDGE('',*,*,#3121,.F.);
#2304=ORIENTED_EDGE('',*,*,#3118,.F.);
#2305=ORIENTED_EDGE('',*,*,#3115,.F.);
#2306=ORIENTED_EDGE('',*,*,#3112,.F.);
#2307=ORIENTED_EDGE('',*,*,#3107,.T.);
#2308=ORIENTED_EDGE('',*,*,#3111,.T.);
#2309=ORIENTED_EDGE('',*,*,#3114,.T.);
#2310=ORIENTED_EDGE('',*,*,#3117,.T.);
#2311=ORIENTED_EDGE('',*,*,#3120,.T.);
#2312=ORIENTED_EDGE('',*,*,#3123,.T.);
#2313=ORIENTED_EDGE('',*,*,#3126,.T.);
#2314=ORIENTED_EDGE('',*,*,#3129,.T.);
#2315=ORIENTED_EDGE('',*,*,#3132,.T.);
#2316=ORIENTED_EDGE('',*,*,#3135,.T.);
#2317=ORIENTED_EDGE('',*,*,#3138,.T.);
#2318=ORIENTED_EDGE('',*,*,#3141,.T.);
#2319=ORIENTED_EDGE('',*,*,#3144,.T.);
#2320=ORIENTED_EDGE('',*,*,#3147,.T.);
#2321=ORIENTED_EDGE('',*,*,#3150,.T.);
#2322=ORIENTED_EDGE('',*,*,#3153,.T.);
#2323=ORIENTED_EDGE('',*,*,#3156,.T.);
#2324=ORIENTED_EDGE('',*,*,#3159,.T.);
#2325=ORIENTED_EDGE('',*,*,#3162,.T.);
#2326=ORIENTED_EDGE('',*,*,#3165,.T.);
#2327=ORIENTED_EDGE('',*,*,#3168,.T.);
#2328=ORIENTED_EDGE('',*,*,#3171,.T.);
#2329=ORIENTED_EDGE('',*,*,#3174,.T.);
#2330=ORIENTED_EDGE('',*,*,#3177,.T.);
#2331=ORIENTED_EDGE('',*,*,#3180,.T.);
#2332=ORIENTED_EDGE('',*,*,#3183,.T.);
#2333=ORIENTED_EDGE('',*,*,#3186,.T.);
#2334=ORIENTED_EDGE('',*,*,#3189,.T.);
#2335=ORIENTED_EDGE('',*,*,#3192,.T.);
#2336=ORIENTED_EDGE('',*,*,#3195,.T.);
#2337=ORIENTED_EDGE('',*,*,#3198,.T.);
#2338=EDGE_CURVE('',#3200,#3201,#3776,.T.);
#2339=EDGE_CURVE('',#3202,#3200,#30,.T.);
#2340=EDGE_CURVE('',#3202,#3203,#3777,.T.);
#2341=EDGE_CURVE('',#3203,#3201,#31,.T.);
#2342=EDGE_CURVE('',#3201,#3204,#3778,.T.);
#2343=EDGE_CURVE('',#3203,#3205,#3779,.T.);
#2344=EDGE_CURVE('',#3205,#3204,#32,.T.);
#2345=EDGE_CURVE('',#3204,#3206,#3780,.T.);
#2346=EDGE_CURVE('',#3205,#3207,#3781,.T.);
#2347=EDGE_CURVE('',#3207,#3206,#33,.T.);
#2348=EDGE_CURVE('',#3206,#3208,#3782,.T.);
#2349=EDGE_CURVE('',#3207,#3209,#3783,.T.);
#2350=EDGE_CURVE('',#3209,#3208,#34,.T.);
#2351=EDGE_CURVE('',#3208,#3210,#3784,.T.);
#2352=EDGE_CURVE('',#3209,#3211,#3785,.T.);
#2353=EDGE_CURVE('',#3211,#3210,#35,.T.);
#2354=EDGE_CURVE('',#3210,#3212,#3786,.T.);
#2355=EDGE_CURVE('',#3211,#3213,#3787,.T.);
#2356=EDGE_CURVE('',#3213,#3212,#36,.T.);
#2357=EDGE_CURVE('',#3212,#3214,#3788,.T.);
#2358=EDGE_CURVE('',#3213,#3215,#3789,.T.);
#2359=EDGE_CURVE('',#3215,#3214,#37,.T.);
#2360=EDGE_CURVE('',#3214,#3216,#3790,.T.);
#2361=EDGE_CURVE('',#3215,#3217,#3791,.T.);
#2362=EDGE_CURVE('',#3217,#3216,#38,.T.);
#2363=EDGE_CURVE('',#3216,#3218,#3792,.T.);
#2364=EDGE_CURVE('',#3217,#3219,#3793,.T.);
#2365=EDGE_CURVE('',#3219,#3218,#39,.T.);
#2366=EDGE_CURVE('',#3218,#3220,#3794,.T.);
#2367=EDGE_CURVE('',#3219,#3221,#3795,.T.);
#2368=EDGE_CURVE('',#3221,#3220,#40,.T.);
#2369=EDGE_CURVE('',#3220,#3222,#3796,.T.);
#2370=EDGE_CURVE('',#3221,#3223,#3797,.T.);
#2371=EDGE_CURVE('',#3223,#3222,#41,.T.);
#2372=EDGE_CURVE('',#3222,#3224,#3798,.T.);
#2373=EDGE_CURVE('',#3223,#3225,#3799,.T.);
#2374=EDGE_CURVE('',#3225,#3224,#42,.T.);
#2375=EDGE_CURVE('',#3224,#3226,#3800,.T.);
#2376=EDGE_CURVE('',#3225,#3227,#3801,.T.);
#2377=EDGE_CURVE('',#3227,#3226,#43,.T.);
#2378=EDGE_CURVE('',#3226,#3228,#3802,.T.);
#2379=EDGE_CURVE('',#3227,#3229,#3803,.T.);
#2380=EDGE_CURVE('',#3229,#3228,#44,.T.);
#2381=EDGE_CURVE('',#3228,#3230,#3804,.T.);
#2382=EDGE_CURVE('',#3229,#3231,#3805,.T.);
#2383=EDGE_CURVE('',#3231,#3230,#45,.T.);
#2384=EDGE_CURVE('',#3230,#3232,#3806,.T.);
#2385=EDGE_CURVE('',#3231,#3233,#3807,.T.);
#2386=EDGE_CURVE('',#3233,#3232,#46,.T.);
#2387=EDGE_CURVE('',#3232,#3234,#3808,.T.);
#2388=EDGE_CURVE('',#3233,#3235,#3809,.T.);
#2389=EDGE_CURVE('',#3235,#3234,#47,.T.);
#2390=EDGE_CURVE('',#3234,#3236,#3810,.T.);
#2391=EDGE_CURVE('',#3235,#3237,#3811,.T.);
#2392=EDGE_CURVE('',#3237,#3236,#48,.T.);
#2393=EDGE_CURVE('',#3236,#3238,#3812,.T.);
#2394=EDGE_CURVE('',#3237,#3239,#3813,.T.);
#2395=EDGE_CURVE('',#3239,#3238,#49,.T.);
#2396=EDGE_CURVE('',#3238,#3240,#3814,.T.);
#2397=EDGE_CURVE('',#3239,#3241,#3815,.T.);
#2398=EDGE_CURVE('',#3241,#3240,#50,.T.);
#2399=EDGE_CURVE('',#3240,#3242,#3816,.T.);
#2400=EDGE_CURVE('',#3241,#3243,#3817,.T.);
#2401=EDGE_CURVE('',#3243,#3242,#51,.T.);
#2402=EDGE_CURVE('',#3242,#3244,#3818,.T.);
#2403=EDGE_CURVE('',#3243,#3245,#3819,.T.);
#2404=EDGE_CURVE('',#3245,#3244,#52,.T.);
#2405=EDGE_CURVE('',#3244,#3246,#3820,.T.);
#2406=EDGE_CURVE('',#3245,#3247,#3821,.T.);
#2407=EDGE_CURVE('',#3247,#3246,#53,.T.);
#2408=EDGE_CURVE('',#3246,#3248,#3822,.T.);
#2409=EDGE_CURVE('',#3247,#3249,#3823,.T.);
#2410=EDGE_CURVE('',#3249,#3248,#54,.T.);
#2411=EDGE_CURVE('',#3248,#3250,#3824,.T.);
#2412=EDGE_CURVE('',#3249,#3251,#3825,.T.);
#2413=EDGE_CURVE('',#3251,#3250,#55,.T.);
#2414=EDGE_CURVE('',#3250,#3252,#3826,.T.);
#2415=EDGE_CURVE('',#3251,#3253,#3827,.T.);
#2416=EDGE_CURVE('',#3253,#3252,#56,.T.);
#2417=EDGE_CURVE('',#3252,#3254,#3828,.T.);
#2418=EDGE_CURVE('',#3253,#3255,#3829,.T.);
#2419=EDGE_CURVE('',#3255,#3254,#57,.T.);
#2420=EDGE_CURVE('',#3254,#3256,#3830,.T.);
#2421=EDGE_CURVE('',#3255,#3257,#3831,.T.);
#2422=EDGE_CURVE('',#3257,#3256,#58,.T.);
#2423=EDGE_CURVE('',#3256,#3258,#3832,.T.);
#2424=EDGE_CURVE('',#3257,#3259,#3833,.T.);
#2425=EDGE_CURVE('',#3259,#3258,#59,.T.);
#2426=EDGE_CURVE('',#3258,#3260,#3834,.T.);
#2427=EDGE_CURVE('',#3259,#3261,#3835,.T.);
#2428=EDGE_CURVE('',#3261,#3260,#60,.T.);
#2429=EDGE_CURVE('',#3260,#3262,#3836,.T.);
#2430=EDGE_CURVE('',#3261,#3263,#3837,.T.);
#2431=EDGE_CURVE('',#3263,#3262,#61,.T.);
#2432=EDGE_CURVE('',#3262,#3264,#3838,.T.);
#2433=EDGE_CURVE('',#3263,#3265,#3839,.T.);
#2434=EDGE_CURVE('',#3265,#3264,#62,.T.);
#2435=EDGE_CURVE('',#3264,#3266,#3840,.T.);
#2436=EDGE_CURVE('',#3265,#3267,#3841,.T.);
#2437=EDGE_CURVE('',#3267,#3266,#63,.T.);
#2438=EDGE_CURVE('',#3266,#3268,#3842,.T.);
#2439=EDGE_CURVE('',#3267,#3269,#3843,.T.);
#2440=EDGE_CURVE('',#3269,#3268,#64,.T.);
#2441=EDGE_CURVE('',#3268,#3270,#3844,.T.);
#2442=EDGE_CURVE('',#3269,#3271,#3845,.T.);
#2443=EDGE_CURVE('',#3271,#3270,#65,.T.);
#2444=EDGE_CURVE('',#3270,#3272,#3846,.T.);
#2445=EDGE_CURVE('',#3271,#3273,#3847,.T.);
#2446=EDGE_CURVE('',#3273,#3272,#66,.T.);
#2447=EDGE_CURVE('',#3272,#3274,#3848,.T.);
#2448=EDGE_CURVE('',#3273,#3275,#3849,.T.);
#2449=EDGE_CURVE('',#3275,#3274,#67,.T.);
#2450=EDGE_CURVE('',#3274,#3276,#3850,.T.);
#2451=EDGE_CURVE('',#3275,#3277,#3851,.T.);
#2452=EDGE_CURVE('',#3277,#3276,#68,.T.);
#2453=EDGE_CURVE('',#3276,#3278,#3852,.T.);
#2454=EDGE_CURVE('',#3277,#3279,#3853,.T.);
#2455=EDGE_CURVE('',#3279,#3278,#69,.T.);
#2456=EDGE_CURVE('',#3278,#3280,#3854,.T.);
#2457=EDGE_CURVE('',#3279,#3281,#3855,.T.);
#2458=EDGE_CURVE('',#3281,#3280,#70,.T.);
#2459=EDGE_CURVE('',#3280,#3282,#3856,.T.);
#2460=EDGE_CURVE('',#3281,#3283,#3857,.T.);
#2461=EDGE_CURVE('',#3283,#3282,#71,.T.);
#2462=EDGE_CURVE('',#3282,#3284,#3858,.T.);
#2463=EDGE_CURVE('',#3283,#3285,#3859,.T.);
#2464=EDGE_CURVE('',#3285,#3284,#72,.T.);
#2465=EDGE_CURVE('',#3284,#3286,#3860,.T.);
#2466=EDGE_CURVE('',#3285,#3287,#3861,.T.);
#2467=EDGE_CURVE('',#3287,#3286,#73,.T.);
#2468=EDGE_CURVE('',#3286,#3288,#3862,.T.);
#2469=EDGE_CURVE('',#3287,#3289,#3863,.T.);
#2470=EDGE_CURVE('',#3289,#3288,#74,.T.);
#2471=EDGE_CURVE('',#3288,#3290,#3864,.T.);
#2472=EDGE_CURVE('',#3289,#3291,#3865,.T.);
#2473=EDGE_CURVE('',#3291,#3290,#75,.T.);
#2474=EDGE_CURVE('',#3290,#3292,#3866,.T.);
#2475=EDGE_CURVE('',#3291,#3293,#3867,.T.);
#2476=EDGE_CURVE('',#3293,#3292,#76,.T.);
#2477=EDGE_CURVE('',#3292,#3294,#3868,.T.);
#2478=EDGE_CURVE('',#3293,#3295,#3869,.T.);
#2479=EDGE_CURVE('',#3295,#3294,#77,.T.);
#2480=EDGE_CURVE('',#3294,#3296,#3870,.T.);
#2481=EDGE_CURVE('',#3295,#3297,#3871,.T.);
#2482=EDGE_CURVE('',#3297,#3296,#78,.T.);
#2483=EDGE_CURVE('',#3296,#3298,#3872,.T.);
#2484=EDGE_CURVE('',#3297,#3299,#3873,.T.);
#2485=EDGE_CURVE('',#3299,#3298,#79,.T.);
#2486=EDGE_CURVE('',#3298,#3300,#3874,.T.);
#2487=EDGE_CURVE('',#3299,#3301,#3875,.T.);
#2488=EDGE_CURVE('',#3301,#3300,#80,.T.);
#2489=EDGE_CURVE('',#3300,#3302,#3876,.T.);
#2490=EDGE_CURVE('',#3301,#3303,#3877,.T.);
#2491=EDGE_CURVE('',#3303,#3302,#81,.T.);
#2492=EDGE_CURVE('',#3302,#3304,#3878,.T.);
#2493=EDGE_CURVE('',#3303,#3305,#3879,.T.);
#2494=EDGE_CURVE('',#3305,#3304,#82,.T.);
#2495=EDGE_CURVE('',#3304,#3306,#3880,.T.);
#2496=EDGE_CURVE('',#3305,#3307,#3881,.T.);
#2497=EDGE_CURVE('',#3307,#3306,#83,.T.);
#2498=EDGE_CURVE('',#3306,#3308,#3882,.T.);
#2499=EDGE_CURVE('',#3307,#3309,#3883,.T.);
#2500=EDGE_CURVE('',#3309,#3308,#84,.T.);
#2501=EDGE_CURVE('',#3308,#3310,#3884,.T.);
#2502=EDGE_CURVE('',#3309,#3311,#3885,.T.);
#2503=EDGE_CURVE('',#3311,#3310,#85,.T.);
#2504=EDGE_CURVE('',#3310,#3312,#3886,.T.);
#2505=EDGE_CURVE('',#3311,#3313,#3887,.T.);
#2506=EDGE_CURVE('',#3313,#3312,#86,.T.);
#2507=EDGE_CURVE('',#3312,#3314,#3888,.T.);
#2508=EDGE_CURVE('',#3313,#3315,#3889,.T.);
#2509=EDGE_CURVE('',#3315,#3314,#87,.T.);
#2510=EDGE_CURVE('',#3314,#3316,#3890,.T.);
#2511=EDGE_CURVE('',#3315,#3317,#3891,.T.);
#2512=EDGE_CURVE('',#3317,#3316,#88,.T.);
#2513=EDGE_CURVE('',#3316,#3318,#3892,.T.);
#2514=EDGE_CURVE('',#3317,#3319,#3893,.T.);
#2515=EDGE_CURVE('',#3319,#3318,#89,.T.);
#2516=EDGE_CURVE('',#3318,#3320,#3894,.T.);
#2517=EDGE_CURVE('',#3319,#3321,#3895,.T.);
#2518=EDGE_CURVE('',#3321,#3320,#90,.T.);
#2519=EDGE_CURVE('',#3320,#3322,#3896,.T.);
#2520=EDGE_CURVE('',#3321,#3323,#3897,.T.);
#2521=EDGE_CURVE('',#3323,#3322,#91,.T.);
#2522=EDGE_CURVE('',#3322,#3324,#3898,.T.);
#2523=EDGE_CURVE('',#3323,#3325,#3899,.T.);
#2524=EDGE_CURVE('',#3325,#3324,#92,.T.);
#2525=EDGE_CURVE('',#3324,#3326,#3900,.T.);
#2526=EDGE_CURVE('',#3325,#3327,#3901,.T.);
#2527=EDGE_CURVE('',#3327,#3326,#93,.T.);
#2528=EDGE_CURVE('',#3326,#3328,#3902,.T.);
#2529=EDGE_CURVE('',#3327,#3329,#3903,.T.);
#2530=EDGE_CURVE('',#3329,#3328,#94,.T.);
#2531=EDGE_CURVE('',#3328,#3330,#3904,.T.);
#2532=EDGE_CURVE('',#3329,#3331,#3905,.T.);
#2533=EDGE_CURVE('',#3331,#3330,#95,.T.);
#2534=EDGE_CURVE('',#3330,#3332,#3906,.T.);
#2535=EDGE_CURVE('',#3331,#3333,#3907,.T.);
#2536=EDGE_CURVE('',#3333,#3332,#96,.T.);
#2537=EDGE_CURVE('',#3332,#3334,#3908,.T.);
#2538=EDGE_CURVE('',#3333,#3335,#3909,.T.);
#2539=EDGE_CURVE('',#3335,#3334,#97,.T.);
#2540=EDGE_CURVE('',#3334,#3336,#3910,.T.);
#2541=EDGE_CURVE('',#3335,#3337,#3911,.T.);
#2542=EDGE_CURVE('',#3337,#3336,#98,.T.);
#2543=EDGE_CURVE('',#3336,#3338,#3912,.T.);
#2544=EDGE_CURVE('',#3337,#3339,#3913,.T.);
#2545=EDGE_CURVE('',#3339,#3338,#99,.T.);
#2546=EDGE_CURVE('',#3338,#3340,#3914,.T.);
#2547=EDGE_CURVE('',#3339,#3341,#3915,.T.);
#2548=EDGE_CURVE('',#3341,#3340,#100,.T.);
#2549=EDGE_CURVE('',#3340,#3342,#3916,.T.);
#2550=EDGE_CURVE('',#3341,#3343,#3917,.T.);
#2551=EDGE_CURVE('',#3343,#3342,#101,.T.);
#2552=EDGE_CURVE('',#3342,#3344,#3918,.T.);
#2553=EDGE_CURVE('',#3343,#3345,#3919,.T.);
#2554=EDGE_CURVE('',#3345,#3344,#102,.T.);
#2555=EDGE_CURVE('',#3344,#3346,#3920,.T.);
#2556=EDGE_CURVE('',#3345,#3347,#3921,.T.);
#2557=EDGE_CURVE('',#3347,#3346,#103,.T.);
#2558=EDGE_CURVE('',#3346,#3348,#3922,.T.);
#2559=EDGE_CURVE('',#3347,#3349,#3923,.T.);
#2560=EDGE_CURVE('',#3349,#3348,#104,.T.);
#2561=EDGE_CURVE('',#3348,#3350,#3924,.T.);
#2562=EDGE_CURVE('',#3349,#3351,#3925,.T.);
#2563=EDGE_CURVE('',#3351,#3350,#105,.T.);
#2564=EDGE_CURVE('',#3350,#3352,#3926,.T.);
#2565=EDGE_CURVE('',#3351,#3353,#3927,.T.);
#2566=EDGE_CURVE('',#3353,#3352,#106,.T.);
#2567=EDGE_CURVE('',#3352,#3354,#3928,.T.);
#2568=EDGE_CURVE('',#3353,#3355,#3929,.T.);
#2569=EDGE_CURVE('',#3355,#3354,#107,.T.);
#2570=EDGE_CURVE('',#3354,#3356,#3930,.T.);
#2571=EDGE_CURVE('',#3355,#3357,#3931,.T.);
#2572=EDGE_CURVE('',#3357,#3356,#108,.T.);
#2573=EDGE_CURVE('',#3356,#3358,#3932,.T.);
#2574=EDGE_CURVE('',#3357,#3359,#3933,.T.);
#2575=EDGE_CURVE('',#3359,#3358,#109,.T.);
#2576=EDGE_CURVE('',#3358,#3360,#3934,.T.);
#2577=EDGE_CURVE('',#3359,#3361,#3935,.T.);
#2578=EDGE_CURVE('',#3361,#3360,#110,.T.);
#2579=EDGE_CURVE('',#3360,#3362,#3936,.T.);
#2580=EDGE_CURVE('',#3361,#3363,#3937,.T.);
#2581=EDGE_CURVE('',#3363,#3362,#111,.T.);
#2582=EDGE_CURVE('',#3362,#3364,#3938,.T.);
#2583=EDGE_CURVE('',#3363,#3365,#3939,.T.);
#2584=EDGE_CURVE('',#3365,#3364,#112,.T.);
#2585=EDGE_CURVE('',#3364,#3366,#3940,.T.);
#2586=EDGE_CURVE('',#3365,#3367,#3941,.T.);
#2587=EDGE_CURVE('',#3367,#3366,#113,.T.);
#2588=EDGE_CURVE('',#3366,#3368,#3942,.T.);
#2589=EDGE_CURVE('',#3367,#3369,#3943,.T.);
#2590=EDGE_CURVE('',#3369,#3368,#114,.T.);
#2591=EDGE_CURVE('',#3368,#3370,#3944,.T.);
#2592=EDGE_CURVE('',#3369,#3371,#3945,.T.);
#2593=EDGE_CURVE('',#3371,#3370,#115,.T.);
#2594=EDGE_CURVE('',#3370,#3372,#3946,.T.);
#2595=EDGE_CURVE('',#3371,#3373,#3947,.T.);
#2596=EDGE_CURVE('',#3373,#3372,#116,.T.);
#2597=EDGE_CURVE('',#3372,#3374,#3948,.T.);
#2598=EDGE_CURVE('',#3373,#3375,#3949,.T.);
#2599=EDGE_CURVE('',#3375,#3374,#117,.T.);
#2600=EDGE_CURVE('',#3374,#3376,#3950,.T.);
#2601=EDGE_CURVE('',#3375,#3377,#3951,.T.);
#2602=EDGE_CURVE('',#3377,#3376,#118,.T.);
#2603=EDGE_CURVE('',#3376,#3378,#3952,.T.);
#2604=EDGE_CURVE('',#3377,#3379,#3953,.T.);
#2605=EDGE_CURVE('',#3379,#3378,#119,.T.);
#2606=EDGE_CURVE('',#3378,#3380,#3954,.T.);
#2607=EDGE_CURVE('',#3379,#3381,#3955,.T.);
#2608=EDGE_CURVE('',#3381,#3380,#120,.T.);
#2609=EDGE_CURVE('',#3380,#3382,#3956,.T.);
#2610=EDGE_CURVE('',#3381,#3383,#3957,.T.);
#2611=EDGE_CURVE('',#3383,#3382,#121,.T.);
#2612=EDGE_CURVE('',#3382,#3384,#3958,.T.);
#2613=EDGE_CURVE('',#3383,#3385,#3959,.T.);
#2614=EDGE_CURVE('',#3385,#3384,#122,.T.);
#2615=EDGE_CURVE('',#3384,#3386,#3960,.T.);
#2616=EDGE_CURVE('',#3385,#3387,#3961,.T.);
#2617=EDGE_CURVE('',#3387,#3386,#123,.T.);
#2618=EDGE_CURVE('',#3386,#3388,#3962,.T.);
#2619=EDGE_CURVE('',#3387,#3389,#3963,.T.);
#2620=EDGE_CURVE('',#3389,#3388,#124,.T.);
#2621=EDGE_CURVE('',#3388,#3390,#3964,.T.);
#2622=EDGE_CURVE('',#3389,#3391,#3965,.T.);
#2623=EDGE_CURVE('',#3391,#3390,#125,.T.);
#2624=EDGE_CURVE('',#3390,#3392,#3966,.T.);
#2625=EDGE_CURVE('',#3391,#3393,#3967,.T.);
#2626=EDGE_CURVE('',#3393,#3392,#126,.T.);
#2627=EDGE_CURVE('',#3392,#3394,#3968,.T.);
#2628=EDGE_CURVE('',#3393,#3395,#3969,.T.);
#2629=EDGE_CURVE('',#3395,#3394,#127,.T.);
#2630=EDGE_CURVE('',#3394,#3396,#3970,.T.);
#2631=EDGE_CURVE('',#3395,#3397,#3971,.T.);
#2632=EDGE_CURVE('',#3397,#3396,#128,.T.);
#2633=EDGE_CURVE('',#3396,#3398,#3972,.T.);
#2634=EDGE_CURVE('',#3397,#3399,#3973,.T.);
#2635=EDGE_CURVE('',#3399,#3398,#129,.T.);
#2636=EDGE_CURVE('',#3398,#3400,#3974,.T.);
#2637=EDGE_CURVE('',#3399,#3401,#3975,.T.);
#2638=EDGE_CURVE('',#3401,#3400,#130,.T.);
#2639=EDGE_CURVE('',#3400,#3402,#3976,.T.);
#2640=EDGE_CURVE('',#3401,#3403,#3977,.T.);
#2641=EDGE_CURVE('',#3403,#3402,#131,.T.);
#2642=EDGE_CURVE('',#3402,#3404,#3978,.T.);
#2643=EDGE_CURVE('',#3403,#3405,#3979,.T.);
#2644=EDGE_CURVE('',#3405,#3404,#132,.T.);
#2645=EDGE_CURVE('',#3404,#3406,#3980,.T.);
#2646=EDGE_CURVE('',#3405,#3407,#3981,.T.);
#2647=EDGE_CURVE('',#3407,#3406,#133,.T.);
#2648=EDGE_CURVE('',#3406,#3408,#3982,.T.);
#2649=EDGE_CURVE('',#3407,#3409,#3983,.T.);
#2650=EDGE_CURVE('',#3409,#3408,#134,.T.);
#2651=EDGE_CURVE('',#3408,#3410,#3984,.T.);
#2652=EDGE_CURVE('',#3409,#3411,#3985,.T.);
#2653=EDGE_CURVE('',#3411,#3410,#135,.T.);
#2654=EDGE_CURVE('',#3410,#3412,#3986,.T.);
#2655=EDGE_CURVE('',#3411,#3413,#3987,.T.);
#2656=EDGE_CURVE('',#3413,#3412,#136,.T.);
#2657=EDGE_CURVE('',#3412,#3414,#3988,.T.);
#2658=EDGE_CURVE('',#3413,#3415,#3989,.T.);
#2659=EDGE_CURVE('',#3415,#3414,#137,.T.);
#2660=EDGE_CURVE('',#3414,#3416,#3990,.T.);
#2661=EDGE_CURVE('',#3415,#3417,#3991,.T.);
#2662=EDGE_CURVE('',#3417,#3416,#138,.T.);
#2663=EDGE_CURVE('',#3416,#3200,#3992,.T.);
#2664=EDGE_CURVE('',#3417,#3202,#3993,.T.);
#2665=EDGE_CURVE('',#3418,#3418,#3994,.F.);
#2666=EDGE_CURVE('',#3419,#3420,#139,.T.);
#2667=EDGE_CURVE('',#3419,#3421,#3995,.T.);
#2668=EDGE_CURVE('',#3421,#3422,#140,.T.);
#2669=EDGE_CURVE('',#3422,#3420,#3996,.T.);
#2670=EDGE_CURVE('',#3423,#3424,#3997,.T.);
#2671=EDGE_CURVE('',#3425,#3423,#3998,.T.);
#2672=EDGE_CURVE('',#3426,#3425,#3999,.T.);
#2673=EDGE_CURVE('',#3427,#3426,#4000,.T.);
#2674=EDGE_CURVE('',#3428,#3427,#4001,.T.);
#2675=EDGE_CURVE('',#3429,#3428,#4002,.T.);
#2676=EDGE_CURVE('',#3430,#3429,#4003,.T.);
#2677=EDGE_CURVE('',#3431,#3430,#4004,.T.);
#2678=EDGE_CURVE('',#3432,#3431,#4005,.T.);
#2679=EDGE_CURVE('',#3433,#3432,#4006,.T.);
#2680=EDGE_CURVE('',#3434,#3433,#4007,.T.);
#2681=EDGE_CURVE('',#3435,#3434,#4008,.T.);
#2682=EDGE_CURVE('',#3436,#3435,#4009,.T.);
#2683=EDGE_CURVE('',#3437,#3436,#4010,.T.);
#2684=EDGE_CURVE('',#3438,#3437,#4011,.T.);
#2685=EDGE_CURVE('',#3439,#3438,#4012,.T.);
#2686=EDGE_CURVE('',#3440,#3439,#4013,.T.);
#2687=EDGE_CURVE('',#3441,#3440,#4014,.T.);
#2688=EDGE_CURVE('',#3442,#3441,#4015,.T.);
#2689=EDGE_CURVE('',#3443,#3442,#4016,.T.);
#2690=EDGE_CURVE('',#3444,#3443,#4017,.T.);
#2691=EDGE_CURVE('',#3445,#3444,#4018,.T.);
#2692=EDGE_CURVE('',#3446,#3445,#4019,.T.);
#2693=EDGE_CURVE('',#3447,#3446,#4020,.T.);
#2694=EDGE_CURVE('',#3448,#3447,#4021,.T.);
#2695=EDGE_CURVE('',#3449,#3448,#4022,.T.);
#2696=EDGE_CURVE('',#3450,#3449,#4023,.T.);
#2697=EDGE_CURVE('',#3451,#3450,#4024,.T.);
#2698=EDGE_CURVE('',#3452,#3451,#4025,.T.);
#2699=EDGE_CURVE('',#3453,#3452,#4026,.T.);
#2700=EDGE_CURVE('',#3424,#3453,#4027,.T.);
#2701=EDGE_CURVE('',#3454,#3455,#4028,.T.);
#2702=EDGE_CURVE('',#3456,#3454,#4029,.T.);
#2703=EDGE_CURVE('',#3457,#3456,#4030,.T.);
#2704=EDGE_CURVE('',#3458,#3457,#4031,.T.);
#2705=EDGE_CURVE('',#3459,#3458,#4032,.T.);
#2706=EDGE_CURVE('',#3460,#3459,#4033,.T.);
#2707=EDGE_CURVE('',#3461,#3460,#4034,.T.);
#2708=EDGE_CURVE('',#3462,#3461,#4035,.T.);
#2709=EDGE_CURVE('',#3463,#3462,#4036,.T.);
#2710=EDGE_CURVE('',#3464,#3463,#4037,.T.);
#2711=EDGE_CURVE('',#3465,#3464,#4038,.T.);
#2712=EDGE_CURVE('',#3466,#3465,#4039,.T.);
#2713=EDGE_CURVE('',#3467,#3466,#4040,.T.);
#2714=EDGE_CURVE('',#3468,#3467,#4041,.T.);
#2715=EDGE_CURVE('',#3469,#3468,#4042,.T.);
#2716=EDGE_CURVE('',#3470,#3469,#4043,.T.);
#2717=EDGE_CURVE('',#3471,#3470,#4044,.T.);
#2718=EDGE_CURVE('',#3472,#3471,#4045,.T.);
#2719=EDGE_CURVE('',#3473,#3472,#4046,.T.);
#2720=EDGE_CURVE('',#3474,#3473,#4047,.T.);
#2721=EDGE_CURVE('',#3475,#3474,#4048,.T.);
#2722=EDGE_CURVE('',#3476,#3475,#4049,.T.);
#2723=EDGE_CURVE('',#3477,#3476,#4050,.T.);
#2724=EDGE_CURVE('',#3478,#3477,#4051,.T.);
#2725=EDGE_CURVE('',#3479,#3478,#4052,.T.);
#2726=EDGE_CURVE('',#3480,#3479,#4053,.T.);
#2727=EDGE_CURVE('',#3481,#3480,#4054,.T.);
#2728=EDGE_CURVE('',#3482,#3481,#4055,.T.);
#2729=EDGE_CURVE('',#3483,#3482,#4056,.T.);
#2730=EDGE_CURVE('',#3484,#3483,#4057,.T.);
#2731=EDGE_CURVE('',#3485,#3484,#4058,.T.);
#2732=EDGE_CURVE('',#3486,#3485,#4059,.T.);
#2733=EDGE_CURVE('',#3487,#3486,#4060,.T.);
#2734=EDGE_CURVE('',#3488,#3487,#4061,.T.);
#2735=EDGE_CURVE('',#3489,#3488,#4062,.T.);
#2736=EDGE_CURVE('',#3490,#3489,#4063,.T.);
#2737=EDGE_CURVE('',#3491,#3490,#4064,.T.);
#2738=EDGE_CURVE('',#3492,#3491,#4065,.T.);
#2739=EDGE_CURVE('',#3493,#3492,#4066,.T.);
#2740=EDGE_CURVE('',#3494,#3493,#4067,.T.);
#2741=EDGE_CURVE('',#3495,#3494,#4068,.T.);
#2742=EDGE_CURVE('',#3496,#3495,#4069,.T.);
#2743=EDGE_CURVE('',#3497,#3496,#4070,.T.);
#2744=EDGE_CURVE('',#3498,#3497,#4071,.T.);
#2745=EDGE_CURVE('',#3499,#3498,#4072,.T.);
#2746=EDGE_CURVE('',#3500,#3499,#4073,.T.);
#2747=EDGE_CURVE('',#3501,#3500,#4074,.T.);
#2748=EDGE_CURVE('',#3502,#3501,#4075,.T.);
#2749=EDGE_CURVE('',#3503,#3502,#4076,.T.);
#2750=EDGE_CURVE('',#3504,#3503,#4077,.T.);
#2751=EDGE_CURVE('',#3505,#3504,#4078,.T.);
#2752=EDGE_CURVE('',#3506,#3505,#4079,.T.);
#2753=EDGE_CURVE('',#3507,#3506,#4080,.T.);
#2754=EDGE_CURVE('',#3508,#3507,#4081,.T.);
#2755=EDGE_CURVE('',#3509,#3508,#4082,.T.);
#2756=EDGE_CURVE('',#3510,#3509,#4083,.T.);
#2757=EDGE_CURVE('',#3511,#3510,#4084,.T.);
#2758=EDGE_CURVE('',#3512,#3511,#4085,.T.);
#2759=EDGE_CURVE('',#3513,#3512,#4086,.T.);
#2760=EDGE_CURVE('',#3514,#3513,#4087,.T.);
#2761=EDGE_CURVE('',#3515,#3514,#4088,.T.);
#2762=EDGE_CURVE('',#3516,#3515,#4089,.T.);
#2763=EDGE_CURVE('',#3517,#3516,#4090,.T.);
#2764=EDGE_CURVE('',#3518,#3517,#4091,.T.);
#2765=EDGE_CURVE('',#3519,#3518,#4092,.T.);
#2766=EDGE_CURVE('',#3520,#3519,#4093,.T.);
#2767=EDGE_CURVE('',#3521,#3520,#4094,.T.);
#2768=EDGE_CURVE('',#3522,#3521,#4095,.T.);
#2769=EDGE_CURVE('',#3523,#3522,#4096,.T.);
#2770=EDGE_CURVE('',#3524,#3523,#4097,.T.);
#2771=EDGE_CURVE('',#3525,#3524,#4098,.T.);
#2772=EDGE_CURVE('',#3526,#3525,#4099,.T.);
#2773=EDGE_CURVE('',#3527,#3526,#4100,.T.);
#2774=EDGE_CURVE('',#3528,#3527,#4101,.T.);
#2775=EDGE_CURVE('',#3529,#3528,#4102,.T.);
#2776=EDGE_CURVE('',#3530,#3529,#4103,.T.);
#2777=EDGE_CURVE('',#3531,#3530,#4104,.T.);
#2778=EDGE_CURVE('',#3532,#3531,#4105,.T.);
#2779=EDGE_CURVE('',#3533,#3532,#4106,.T.);
#2780=EDGE_CURVE('',#3534,#3533,#4107,.T.);
#2781=EDGE_CURVE('',#3535,#3534,#4108,.T.);
#2782=EDGE_CURVE('',#3536,#3535,#4109,.T.);
#2783=EDGE_CURVE('',#3537,#3536,#4110,.T.);
#2784=EDGE_CURVE('',#3538,#3537,#4111,.T.);
#2785=EDGE_CURVE('',#3539,#3538,#4112,.T.);
#2786=EDGE_CURVE('',#3540,#3539,#4113,.T.);
#2787=EDGE_CURVE('',#3541,#3540,#4114,.T.);
#2788=EDGE_CURVE('',#3542,#3541,#4115,.T.);
#2789=EDGE_CURVE('',#3543,#3542,#4116,.T.);
#2790=EDGE_CURVE('',#3544,#3543,#4117,.T.);
#2791=EDGE_CURVE('',#3545,#3544,#4118,.T.);
#2792=EDGE_CURVE('',#3546,#3545,#4119,.T.);
#2793=EDGE_CURVE('',#3547,#3546,#4120,.T.);
#2794=EDGE_CURVE('',#3548,#3547,#4121,.T.);
#2795=EDGE_CURVE('',#3549,#3548,#4122,.T.);
#2796=EDGE_CURVE('',#3550,#3549,#4123,.T.);
#2797=EDGE_CURVE('',#3551,#3550,#4124,.T.);
#2798=EDGE_CURVE('',#3552,#3551,#4125,.T.);
#2799=EDGE_CURVE('',#3553,#3552,#4126,.T.);
#2800=EDGE_CURVE('',#3554,#3553,#4127,.T.);
#2801=EDGE_CURVE('',#3555,#3554,#4128,.T.);
#2802=EDGE_CURVE('',#3556,#3555,#4129,.T.);
#2803=EDGE_CURVE('',#3557,#3556,#4130,.T.);
#2804=EDGE_CURVE('',#3558,#3557,#4131,.T.);
#2805=EDGE_CURVE('',#3559,#3558,#4132,.T.);
#2806=EDGE_CURVE('',#3560,#3559,#4133,.T.);
#2807=EDGE_CURVE('',#3561,#3560,#4134,.T.);
#2808=EDGE_CURVE('',#3562,#3561,#4135,.T.);
#2809=EDGE_CURVE('',#3455,#3562,#4136,.T.);
#2810=EDGE_CURVE('',#3563,#3563,#4137,.T.);
#2811=EDGE_CURVE('',#3564,#3564,#4138,.T.);
#2812=EDGE_CURVE('',#3422,#3565,#141,.T.);
#2813=EDGE_CURVE('',#3565,#3566,#4139,.F.);
#2814=EDGE_CURVE('',#3567,#3566,#142,.T.);
#2815=EDGE_CURVE('',#3567,#3568,#4140,.F.);
#2816=EDGE_CURVE('',#3420,#3568,#143,.T.);
#2817=EDGE_CURVE('',#3569,#3569,#4141,.T.);
#2818=EDGE_CURVE('',#3570,#3455,#144,.T.);
#2819=EDGE_CURVE('',#3571,#3570,#4142,.T.);
#2820=EDGE_CURVE('',#3571,#3454,#145,.T.);
#2821=EDGE_CURVE('',#3572,#3562,#146,.T.);
#2822=EDGE_CURVE('',#3570,#3572,#4143,.T.);
#2823=EDGE_CURVE('',#3573,#3561,#147,.T.);
#2824=EDGE_CURVE('',#3572,#3573,#4144,.T.);
#2825=EDGE_CURVE('',#3574,#3560,#148,.T.);
#2826=EDGE_CURVE('',#3573,#3574,#4145,.T.);
#2827=EDGE_CURVE('',#3575,#3559,#149,.T.);
#2828=EDGE_CURVE('',#3574,#3575,#4146,.T.);
#2829=EDGE_CURVE('',#3576,#3558,#150,.T.);
#2830=EDGE_CURVE('',#3575,#3576,#4147,.T.);
#2831=EDGE_CURVE('',#3577,#3557,#151,.T.);
#2832=EDGE_CURVE('',#3576,#3577,#4148,.T.);
#2833=EDGE_CURVE('',#3578,#3556,#152,.T.);
#2834=EDGE_CURVE('',#3577,#3578,#4149,.T.);
#2835=EDGE_CURVE('',#3579,#3555,#153,.T.);
#2836=EDGE_CURVE('',#3578,#3579,#4150,.T.);
#2837=EDGE_CURVE('',#3580,#3554,#154,.T.);
#2838=EDGE_CURVE('',#3579,#3580,#4151,.T.);
#2839=EDGE_CURVE('',#3581,#3553,#155,.T.);
#2840=EDGE_CURVE('',#3580,#3581,#4152,.T.);
#2841=EDGE_CURVE('',#3582,#3552,#156,.T.);
#2842=EDGE_CURVE('',#3581,#3582,#4153,.T.);
#2843=EDGE_CURVE('',#3583,#3551,#157,.T.);
#2844=EDGE_CURVE('',#3582,#3583,#4154,.T.);
#2845=EDGE_CURVE('',#3584,#3550,#158,.T.);
#2846=EDGE_CURVE('',#3583,#3584,#4155,.T.);
#2847=EDGE_CURVE('',#3585,#3549,#159,.T.);
#2848=EDGE_CURVE('',#3584,#3585,#4156,.T.);
#2849=EDGE_CURVE('',#3586,#3548,#160,.T.);
#2850=EDGE_CURVE('',#3585,#3586,#4157,.T.);
#2851=EDGE_CURVE('',#3587,#3547,#161,.T.);
#2852=EDGE_CURVE('',#3586,#3587,#4158,.T.);
#2853=EDGE_CURVE('',#3588,#3546,#162,.T.);
#2854=EDGE_CURVE('',#3587,#3588,#4159,.T.);
#2855=EDGE_CURVE('',#3589,#3545,#163,.T.);
#2856=EDGE_CURVE('',#3588,#3589,#4160,.T.);
#2857=EDGE_CURVE('',#3590,#3544,#164,.T.);
#2858=EDGE_CURVE('',#3589,#3590,#4161,.T.);
#2859=EDGE_CURVE('',#3591,#3543,#165,.T.);
#2860=EDGE_CURVE('',#3590,#3591,#4162,.T.);
#2861=EDGE_CURVE('',#3592,#3542,#166,.T.);
#2862=EDGE_CURVE('',#3591,#3592,#4163,.T.);
#2863=EDGE_CURVE('',#3593,#3541,#167,.T.);
#2864=EDGE_CURVE('',#3592,#3593,#4164,.T.);
#2865=EDGE_CURVE('',#3594,#3540,#168,.T.);
#2866=EDGE_CURVE('',#3593,#3594,#4165,.T.);
#2867=EDGE_CURVE('',#3595,#3539,#169,.T.);
#2868=EDGE_CURVE('',#3594,#3595,#4166,.T.);
#2869=EDGE_CURVE('',#3596,#3538,#170,.T.);
#2870=EDGE_CURVE('',#3595,#3596,#4167,.T.);
#2871=EDGE_CURVE('',#3597,#3537,#171,.T.);
#2872=EDGE_CURVE('',#3596,#3597,#4168,.T.);
#2873=EDGE_CURVE('',#3598,#3536,#172,.T.);
#2874=EDGE_CURVE('',#3597,#3598,#4169,.T.);
#2875=EDGE_CURVE('',#3599,#3535,#173,.T.);
#2876=EDGE_CURVE('',#3598,#3599,#4170,.T.);
#2877=EDGE_CURVE('',#3600,#3534,#174,.T.);
#2878=EDGE_CURVE('',#3599,#3600,#4171,.T.);
#2879=EDGE_CURVE('',#3601,#3533,#175,.T.);
#2880=EDGE_CURVE('',#3600,#3601,#4172,.T.);
#2881=EDGE_CURVE('',#3602,#3532,#176,.T.);
#2882=EDGE_CURVE('',#3601,#3602,#4173,.T.);
#2883=EDGE_CURVE('',#3603,#3531,#177,.T.);
#2884=EDGE_CURVE('',#3602,#3603,#4174,.T.);
#2885=EDGE_CURVE('',#3604,#3530,#178,.T.);
#2886=EDGE_CURVE('',#3603,#3604,#4175,.T.);
#2887=EDGE_CURVE('',#3605,#3529,#179,.T.);
#2888=EDGE_CURVE('',#3604,#3605,#4176,.T.);
#2889=EDGE_CURVE('',#3606,#3528,#180,.T.);
#2890=EDGE_CURVE('',#3605,#3606,#4177,.T.);
#2891=EDGE_CURVE('',#3607,#3527,#181,.T.);
#2892=EDGE_CURVE('',#3606,#3607,#4178,.T.);
#2893=EDGE_CURVE('',#3608,#3526,#182,.T.);
#2894=EDGE_CURVE('',#3607,#3608,#4179,.T.);
#2895=EDGE_CURVE('',#3609,#3525,#183,.T.);
#2896=EDGE_CURVE('',#3608,#3609,#4180,.T.);
#2897=EDGE_CURVE('',#3610,#3524,#184,.T.);
#2898=EDGE_CURVE('',#3609,#3610,#4181,.T.);
#2899=EDGE_CURVE('',#3611,#3523,#185,.T.);
#2900=EDGE_CURVE('',#3610,#3611,#4182,.T.);
#2901=EDGE_CURVE('',#3612,#3522,#186,.T.);
#2902=EDGE_CURVE('',#3611,#3612,#4183,.T.);
#2903=EDGE_CURVE('',#3613,#3521,#187,.T.);
#2904=EDGE_CURVE('',#3612,#3613,#4184,.T.);
#2905=EDGE_CURVE('',#3614,#3520,#188,.T.);
#2906=EDGE_CURVE('',#3613,#3614,#4185,.T.);
#2907=EDGE_CURVE('',#3615,#3519,#189,.T.);
#2908=EDGE_CURVE('',#3614,#3615,#4186,.T.);
#2909=EDGE_CURVE('',#3616,#3518,#190,.T.);
#2910=EDGE_CURVE('',#3615,#3616,#4187,.T.);
#2911=EDGE_CURVE('',#3617,#3517,#191,.T.);
#2912=EDGE_CURVE('',#3616,#3617,#4188,.T.);
#2913=EDGE_CURVE('',#3618,#3516,#192,.T.);
#2914=EDGE_CURVE('',#3617,#3618,#4189,.T.);
#2915=EDGE_CURVE('',#3619,#3515,#193,.T.);
#2916=EDGE_CURVE('',#3618,#3619,#4190,.T.);
#2917=EDGE_CURVE('',#3620,#3514,#194,.T.);
#2918=EDGE_CURVE('',#3619,#3620,#4191,.T.);
#2919=EDGE_CURVE('',#3621,#3513,#195,.T.);
#2920=EDGE_CURVE('',#3620,#3621,#4192,.T.);
#2921=EDGE_CURVE('',#3622,#3512,#196,.T.);
#2922=EDGE_CURVE('',#3621,#3622,#4193,.T.);
#2923=EDGE_CURVE('',#3623,#3511,#197,.T.);
#2924=EDGE_CURVE('',#3622,#3623,#4194,.T.);
#2925=EDGE_CURVE('',#3624,#3510,#198,.T.);
#2926=EDGE_CURVE('',#3623,#3624,#4195,.T.);
#2927=EDGE_CURVE('',#3625,#3509,#199,.T.);
#2928=EDGE_CURVE('',#3624,#3625,#4196,.T.);
#2929=EDGE_CURVE('',#3626,#3508,#200,.T.);
#2930=EDGE_CURVE('',#3625,#3626,#4197,.T.);
#2931=EDGE_CURVE('',#3627,#3507,#201,.T.);
#2932=EDGE_CURVE('',#3626,#3627,#4198,.T.);
#2933=EDGE_CURVE('',#3628,#3506,#202,.T.);
#2934=EDGE_CURVE('',#3627,#3628,#4199,.T.);
#2935=EDGE_CURVE('',#3629,#3505,#203,.T.);
#2936=EDGE_CURVE('',#3628,#3629,#4200,.T.);
#2937=EDGE_CURVE('',#3630,#3504,#204,.T.);
#2938=EDGE_CURVE('',#3629,#3630,#4201,.T.);
#2939=EDGE_CURVE('',#3631,#3503,#205,.T.);
#2940=EDGE_CURVE('',#3630,#3631,#4202,.T.);
#2941=EDGE_CURVE('',#3632,#3502,#206,.T.);
#2942=EDGE_CURVE('',#3631,#3632,#4203,.T.);
#2943=EDGE_CURVE('',#3633,#3501,#207,.T.);
#2944=EDGE_CURVE('',#3632,#3633,#4204,.T.);
#2945=EDGE_CURVE('',#3634,#3500,#208,.T.);
#2946=EDGE_CURVE('',#3633,#3634,#4205,.T.);
#2947=EDGE_CURVE('',#3635,#3499,#209,.T.);
#2948=EDGE_CURVE('',#3634,#3635,#4206,.T.);
#2949=EDGE_CURVE('',#3636,#3498,#210,.T.);
#2950=EDGE_CURVE('',#3635,#3636,#4207,.T.);
#2951=EDGE_CURVE('',#3637,#3497,#211,.T.);
#2952=EDGE_CURVE('',#3636,#3637,#4208,.T.);
#2953=EDGE_CURVE('',#3638,#3496,#212,.T.);
#2954=EDGE_CURVE('',#3637,#3638,#4209,.T.);
#2955=EDGE_CURVE('',#3639,#3495,#213,.T.);
#2956=EDGE_CURVE('',#3638,#3639,#4210,.T.);
#2957=EDGE_CURVE('',#3640,#3494,#214,.T.);
#2958=EDGE_CURVE('',#3639,#3640,#4211,.T.);
#2959=EDGE_CURVE('',#3641,#3493,#215,.T.);
#2960=EDGE_CURVE('',#3640,#3641,#4212,.T.);
#2961=EDGE_CURVE('',#3642,#3492,#216,.T.);
#2962=EDGE_CURVE('',#3641,#3642,#4213,.T.);
#2963=EDGE_CURVE('',#3643,#3491,#217,.T.);
#2964=EDGE_CURVE('',#3642,#3643,#4214,.T.);
#2965=EDGE_CURVE('',#3644,#3490,#218,.T.);
#2966=EDGE_CURVE('',#3643,#3644,#4215,.T.);
#2967=EDGE_CURVE('',#3645,#3489,#219,.T.);
#2968=EDGE_CURVE('',#3644,#3645,#4216,.T.);
#2969=EDGE_CURVE('',#3646,#3488,#220,.T.);
#2970=EDGE_CURVE('',#3645,#3646,#4217,.T.);
#2971=EDGE_CURVE('',#3647,#3487,#221,.T.);
#2972=EDGE_CURVE('',#3646,#3647,#4218,.T.);
#2973=EDGE_CURVE('',#3648,#3486,#222,.T.);
#2974=EDGE_CURVE('',#3647,#3648,#4219,.T.);
#2975=EDGE_CURVE('',#3649,#3485,#223,.T.);
#2976=EDGE_CURVE('',#3648,#3649,#4220,.T.);
#2977=EDGE_CURVE('',#3650,#3484,#224,.T.);
#2978=EDGE_CURVE('',#3649,#3650,#4221,.T.);
#2979=EDGE_CURVE('',#3651,#3483,#225,.T.);
#2980=EDGE_CURVE('',#3650,#3651,#4222,.T.);
#2981=EDGE_CURVE('',#3652,#3482,#226,.T.);
#2982=EDGE_CURVE('',#3651,#3652,#4223,.T.);
#2983=EDGE_CURVE('',#3653,#3481,#227,.T.);
#2984=EDGE_CURVE('',#3652,#3653,#4224,.T.);
#2985=EDGE_CURVE('',#3654,#3480,#228,.T.);
#2986=EDGE_CURVE('',#3653,#3654,#4225,.T.);
#2987=EDGE_CURVE('',#3655,#3479,#229,.T.);
#2988=EDGE_CURVE('',#3654,#3655,#4226,.T.);
#2989=EDGE_CURVE('',#3656,#3478,#230,.T.);
#2990=EDGE_CURVE('',#3655,#3656,#4227,.T.);
#2991=EDGE_CURVE('',#3657,#3477,#231,.T.);
#2992=EDGE_CURVE('',#3656,#3657,#4228,.T.);
#2993=EDGE_CURVE('',#3658,#3476,#232,.T.);
#2994=EDGE_CURVE('',#3657,#3658,#4229,.T.);
#2995=EDGE_CURVE('',#3659,#3475,#233,.T.);
#2996=EDGE_CURVE('',#3658,#3659,#4230,.T.);
#2997=EDGE_CURVE('',#3660,#3474,#234,.T.);
#2998=EDGE_CURVE('',#3659,#3660,#4231,.T.);
#2999=EDGE_CURVE('',#3661,#3473,#235,.T.);
#3000=EDGE_CURVE('',#3660,#3661,#4232,.T.);
#3001=EDGE_CURVE('',#3662,#3472,#236,.T.);
#3002=EDGE_CURVE('',#3661,#3662,#4233,.T.);
#3003=EDGE_CURVE('',#3663,#3471,#237,.T.);
#3004=EDGE_CURVE('',#3662,#3663,#4234,.T.);
#3005=EDGE_CURVE('',#3664,#3470,#238,.T.);
#3006=EDGE_CURVE('',#3663,#3664,#4235,.T.);
#3007=EDGE_CURVE('',#3665,#3469,#239,.T.);
#3008=EDGE_CURVE('',#3664,#3665,#4236,.T.);
#3009=EDGE_CURVE('',#3666,#3468,#240,.T.);
#3010=EDGE_CURVE('',#3665,#3666,#4237,.T.);
#3011=EDGE_CURVE('',#3667,#3467,#241,.T.);
#3012=EDGE_CURVE('',#3666,#3667,#4238,.T.);
#3013=EDGE_CURVE('',#3668,#3466,#242,.T.);
#3014=EDGE_CURVE('',#3667,#3668,#4239,.T.);
#3015=EDGE_CURVE('',#3669,#3465,#243,.T.);
#3016=EDGE_CURVE('',#3668,#3669,#4240,.T.);
#3017=EDGE_CURVE('',#3670,#3464,#244,.T.);
#3018=EDGE_CURVE('',#3669,#3670,#4241,.T.);
#3019=EDGE_CURVE('',#3671,#3463,#245,.T.);
#3020=EDGE_CURVE('',#3670,#3671,#4242,.T.);
#3021=EDGE_CURVE('',#3672,#3462,#246,.T.);
#3022=EDGE_CURVE('',#3671,#3672,#4243,.T.);
#3023=EDGE_CURVE('',#3673,#3461,#247,.T.);
#3024=EDGE_CURVE('',#3672,#3673,#4244,.T.);
#3025=EDGE_CURVE('',#3674,#3460,#248,.T.);
#3026=EDGE_CURVE('',#3673,#3674,#4245,.T.);
#3027=EDGE_CURVE('',#3675,#3459,#249,.T.);
#3028=EDGE_CURVE('',#3674,#3675,#4246,.T.);
#3029=EDGE_CURVE('',#3676,#3458,#250,.T.);
#3030=EDGE_CURVE('',#3675,#3676,#4247,.T.);
#3031=EDGE_CURVE('',#3677,#3457,#251,.T.);
#3032=EDGE_CURVE('',#3676,#3677,#4248,.T.);
#3033=EDGE_CURVE('',#3678,#3456,#252,.T.);
#3034=EDGE_CURVE('',#3677,#3678,#4249,.T.);
#3035=EDGE_CURVE('',#3678,#3571,#4250,.T.);
#3036=EDGE_CURVE('',#3679,#3424,#253,.T.);
#3037=EDGE_CURVE('',#3680,#3679,#4251,.T.);
#3038=EDGE_CURVE('',#3680,#3423,#254,.T.);
#3039=EDGE_CURVE('',#3681,#3453,#255,.T.);
#3040=EDGE_CURVE('',#3679,#3681,#4252,.T.);
#3041=EDGE_CURVE('',#3682,#3452,#256,.T.);
#3042=EDGE_CURVE('',#3681,#3682,#4253,.T.);
#3043=EDGE_CURVE('',#3683,#3451,#257,.T.);
#3044=EDGE_CURVE('',#3682,#3683,#4254,.T.);
#3045=EDGE_CURVE('',#3684,#3450,#258,.T.);
#3046=EDGE_CURVE('',#3683,#3684,#4255,.T.);
#3047=EDGE_CURVE('',#3685,#3449,#259,.T.);
#3048=EDGE_CURVE('',#3684,#3685,#4256,.T.);
#3049=EDGE_CURVE('',#3686,#3448,#260,.T.);
#3050=EDGE_CURVE('',#3685,#3686,#4257,.T.);
#3051=EDGE_CURVE('',#3687,#3447,#261,.T.);
#3052=EDGE_CURVE('',#3686,#3687,#4258,.T.);
#3053=EDGE_CURVE('',#3688,#3446,#262,.T.);
#3054=EDGE_CURVE('',#3687,#3688,#4259,.T.);
#3055=EDGE_CURVE('',#3689,#3445,#263,.T.);
#3056=EDGE_CURVE('',#3688,#3689,#4260,.T.);
#3057=EDGE_CURVE('',#3690,#3444,#264,.T.);
#3058=EDGE_CURVE('',#3689,#3690,#4261,.T.);
#3059=EDGE_CURVE('',#3691,#3443,#265,.T.);
#3060=EDGE_CURVE('',#3690,#3691,#4262,.T.);
#3061=EDGE_CURVE('',#3692,#3442,#266,.T.);
#3062=EDGE_CURVE('',#3691,#3692,#4263,.T.);
#3063=EDGE_CURVE('',#3693,#3441,#267,.T.);
#3064=EDGE_CURVE('',#3692,#3693,#4264,.T.);
#3065=EDGE_CURVE('',#3694,#3440,#268,.T.);
#3066=EDGE_CURVE('',#3693,#3694,#4265,.T.);
#3067=EDGE_CURVE('',#3695,#3439,#269,.T.);
#3068=EDGE_CURVE('',#3694,#3695,#4266,.T.);
#3069=EDGE_CURVE('',#3696,#3438,#270,.T.);
#3070=EDGE_CURVE('',#3695,#3696,#4267,.T.);
#3071=EDGE_CURVE('',#3697,#3437,#271,.T.);
#3072=EDGE_CURVE('',#3696,#3697,#4268,.T.);
#3073=EDGE_CURVE('',#3698,#3436,#272,.T.);
#3074=EDGE_CURVE('',#3697,#3698,#4269,.T.);
#3075=EDGE_CURVE('',#3699,#3435,#273,.T.);
#3076=EDGE_CURVE('',#3698,#3699,#4270,.T.);
#3077=EDGE_CURVE('',#3700,#3434,#274,.T.);
#3078=EDGE_CURVE('',#3699,#3700,#4271,.T.);
#3079=EDGE_CURVE('',#3701,#3433,#275,.T.);
#3080=EDGE_CURVE('',#3700,#3701,#4272,.T.);
#3081=EDGE_CURVE('',#3702,#3432,#276,.T.);
#3082=EDGE_CURVE('',#3701,#3702,#4273,.T.);
#3083=EDGE_CURVE('',#3703,#3431,#277,.T.);
#3084=EDGE_CURVE('',#3702,#3703,#4274,.T.);
#3085=EDGE_CURVE('',#3704,#3430,#278,.T.);
#3086=EDGE_CURVE('',#3703,#3704,#4275,.T.);
#3087=EDGE_CURVE('',#3705,#3429,#279,.T.);
#3088=EDGE_CURVE('',#3704,#3705,#4276,.T.);
#3089=EDGE_CURVE('',#3706,#3428,#280,.T.);
#3090=EDGE_CURVE('',#3705,#3706,#4277,.T.);
#3091=EDGE_CURVE('',#3707,#3427,#281,.T.);
#3092=EDGE_CURVE('',#3706,#3707,#4278,.T.);
#3093=EDGE_CURVE('',#3708,#3426,#282,.T.);
#3094=EDGE_CURVE('',#3707,#3708,#4279,.T.);
#3095=EDGE_CURVE('',#3709,#3425,#283,.T.);
#3096=EDGE_CURVE('',#3708,#3709,#4280,.T.);
#3097=EDGE_CURVE('',#3709,#3680,#4281,.T.);
#3098=EDGE_CURVE('',#3568,#3710,#284,.F.);
#3099=EDGE_CURVE('',#3419,#3710,#285,.T.);
#3100=EDGE_CURVE('',#3566,#3711,#286,.F.);
#3101=EDGE_CURVE('',#3712,#3711,#287,.T.);
#3102=EDGE_CURVE('',#3712,#3567,#288,.T.);
#3103=EDGE_CURVE('',#3421,#3713,#289,.T.);
#3104=EDGE_CURVE('',#3713,#3565,#290,.T.);
#3105=EDGE_CURVE('',#3711,#3713,#4282,.T.);
#3106=EDGE_CURVE('',#3710,#3712,#4283,.T.);
#3107=EDGE_CURVE('',#3714,#3715,#4284,.T.);
#3108=EDGE_CURVE('',#3716,#3714,#291,.T.);
#3109=EDGE_CURVE('',#3716,#3717,#4285,.T.);
#3110=EDGE_CURVE('',#3717,#3715,#292,.T.);
#3111=EDGE_CURVE('',#3715,#3718,#4286,.T.);
#3112=EDGE_CURVE('',#3717,#3719,#4287,.T.);
#3113=EDGE_CURVE('',#3719,#3718,#293,.T.);
#3114=EDGE_CURVE('',#3718,#3720,#4288,.T.);
#3115=EDGE_CURVE('',#3719,#3721,#4289,.T.);
#3116=EDGE_CURVE('',#3721,#3720,#294,.T.);
#3117=EDGE_CURVE('',#3720,#3722,#4290,.T.);
#3118=EDGE_CURVE('',#3721,#3723,#4291,.T.);
#3119=EDGE_CURVE('',#3723,#3722,#295,.T.);
#3120=EDGE_CURVE('',#3722,#3724,#4292,.T.);
#3121=EDGE_CURVE('',#3723,#3725,#4293,.T.);
#3122=EDGE_CURVE('',#3725,#3724,#296,.T.);
#3123=EDGE_CURVE('',#3724,#3726,#4294,.T.);
#3124=EDGE_CURVE('',#3725,#3727,#4295,.T.);
#3125=EDGE_CURVE('',#3727,#3726,#297,.T.);
#3126=EDGE_CURVE('',#3726,#3728,#4296,.T.);
#3127=EDGE_CURVE('',#3727,#3729,#4297,.T.);
#3128=EDGE_CURVE('',#3729,#3728,#298,.T.);
#3129=EDGE_CURVE('',#3728,#3730,#4298,.T.);
#3130=EDGE_CURVE('',#3729,#3731,#4299,.T.);
#3131=EDGE_CURVE('',#3731,#3730,#299,.T.);
#3132=EDGE_CURVE('',#3730,#3732,#4300,.T.);
#3133=EDGE_CURVE('',#3731,#3733,#4301,.T.);
#3134=EDGE_CURVE('',#3733,#3732,#300,.T.);
#3135=EDGE_CURVE('',#3732,#3734,#4302,.T.);
#3136=EDGE_CURVE('',#3733,#3735,#4303,.T.);
#3137=EDGE_CURVE('',#3735,#3734,#301,.T.);
#3138=EDGE_CURVE('',#3734,#3736,#4304,.T.);
#3139=EDGE_CURVE('',#3735,#3737,#4305,.T.);
#3140=EDGE_CURVE('',#3737,#3736,#302,.T.);
#3141=EDGE_CURVE('',#3736,#3738,#4306,.T.);
#3142=EDGE_CURVE('',#3737,#3739,#4307,.T.);
#3143=EDGE_CURVE('',#3739,#3738,#303,.T.);
#3144=EDGE_CURVE('',#3738,#3740,#4308,.T.);
#3145=EDGE_CURVE('',#3739,#3741,#4309,.T.);
#3146=EDGE_CURVE('',#3741,#3740,#304,.T.);
#3147=EDGE_CURVE('',#3740,#3742,#4310,.T.);
#3148=EDGE_CURVE('',#3741,#3743,#4311,.T.);
#3149=EDGE_CURVE('',#3743,#3742,#305,.T.);
#3150=EDGE_CURVE('',#3742,#3744,#4312,.T.);
#3151=EDGE_CURVE('',#3743,#3745,#4313,.T.);
#3152=EDGE_CURVE('',#3745,#3744,#306,.T.);
#3153=EDGE_CURVE('',#3744,#3746,#4314,.T.);
#3154=EDGE_CURVE('',#3745,#3747,#4315,.T.);
#3155=EDGE_CURVE('',#3747,#3746,#307,.T.);
#3156=EDGE_CURVE('',#3746,#3748,#4316,.T.);
#3157=EDGE_CURVE('',#3747,#3749,#4317,.T.);
#3158=EDGE_CURVE('',#3749,#3748,#308,.T.);
#3159=EDGE_CURVE('',#3748,#3750,#4318,.T.);
#3160=EDGE_CURVE('',#3749,#3751,#4319,.T.);
#3161=EDGE_CURVE('',#3751,#3750,#309,.T.);
#3162=EDGE_CURVE('',#3750,#3752,#4320,.T.);
#3163=EDGE_CURVE('',#3751,#3753,#4321,.T.);
#3164=EDGE_CURVE('',#3753,#3752,#310,.T.);
#3165=EDGE_CURVE('',#3752,#3754,#4322,.T.);
#3166=EDGE_CURVE('',#3753,#3755,#4323,.T.);
#3167=EDGE_CURVE('',#3755,#3754,#311,.T.);
#3168=EDGE_CURVE('',#3754,#3756,#4324,.T.);
#3169=EDGE_CURVE('',#3755,#3757,#4325,.T.);
#3170=EDGE_CURVE('',#3757,#3756,#312,.T.);
#3171=EDGE_CURVE('',#3756,#3758,#4326,.T.);
#3172=EDGE_CURVE('',#3757,#3759,#4327,.T.);
#3173=EDGE_CURVE('',#3759,#3758,#313,.T.);
#3174=EDGE_CURVE('',#3758,#3760,#4328,.T.);
#3175=EDGE_CURVE('',#3759,#3761,#4329,.T.);
#3176=EDGE_CURVE('',#3761,#3760,#314,.T.);
#3177=EDGE_CURVE('',#3760,#3762,#4330,.T.);
#3178=EDGE_CURVE('',#3761,#3763,#4331,.T.);
#3179=EDGE_CURVE('',#3763,#3762,#315,.T.);
#3180=EDGE_CURVE('',#3762,#3764,#4332,.T.);
#3181=EDGE_CURVE('',#3763,#3765,#4333,.T.);
#3182=EDGE_CURVE('',#3765,#3764,#316,.T.);
#3183=EDGE_CURVE('',#3764,#3766,#4334,.T.);
#3184=EDGE_CURVE('',#3765,#3767,#4335,.T.);
#3185=EDGE_CURVE('',#3767,#3766,#317,.T.);
#3186=EDGE_CURVE('',#3766,#3768,#4336,.T.);
#3187=EDGE_CURVE('',#3767,#3769,#4337,.T.);
#3188=EDGE_CURVE('',#3769,#3768,#318,.T.);
#3189=EDGE_CURVE('',#3768,#3770,#4338,.T.);
#3190=EDGE_CURVE('',#3769,#3771,#4339,.T.);
#3191=EDGE_CURVE('',#3771,#3770,#319,.T.);
#3192=EDGE_CURVE('',#3770,#3772,#4340,.T.);
#3193=EDGE_CURVE('',#3771,#3773,#4341,.T.);
#3194=EDGE_CURVE('',#3773,#3772,#320,.T.);
#3195=EDGE_CURVE('',#3772,#3774,#4342,.T.);
#3196=EDGE_CURVE('',#3773,#3775,#4343,.T.);
#3197=EDGE_CURVE('',#3775,#3774,#321,.T.);
#3198=EDGE_CURVE('',#3774,#3714,#4344,.T.);
#3199=EDGE_CURVE('',#3775,#3716,#4345,.T.);
#3200=VERTEX_POINT('',#8479);
#3201=VERTEX_POINT('',#8480);
#3202=VERTEX_POINT('',#8482);
#3203=VERTEX_POINT('',#8484);
#3204=VERTEX_POINT('',#8488);
#3205=VERTEX_POINT('',#8490);
#3206=VERTEX_POINT('',#8494);
#3207=VERTEX_POINT('',#8496);
#3208=VERTEX_POINT('',#8500);
#3209=VERTEX_POINT('',#8502);
#3210=VERTEX_POINT('',#8506);
#3211=VERTEX_POINT('',#8508);
#3212=VERTEX_POINT('',#8512);
#3213=VERTEX_POINT('',#8514);
#3214=VERTEX_POINT('',#8518);
#3215=VERTEX_POINT('',#8520);
#3216=VERTEX_POINT('',#8524);
#3217=VERTEX_POINT('',#8526);
#3218=VERTEX_POINT('',#8530);
#3219=VERTEX_POINT('',#8532);
#3220=VERTEX_POINT('',#8536);
#3221=VERTEX_POINT('',#8538);
#3222=VERTEX_POINT('',#8542);
#3223=VERTEX_POINT('',#8544);
#3224=VERTEX_POINT('',#8548);
#3225=VERTEX_POINT('',#8550);
#3226=VERTEX_POINT('',#8554);
#3227=VERTEX_POINT('',#8556);
#3228=VERTEX_POINT('',#8560);
#3229=VERTEX_POINT('',#8562);
#3230=VERTEX_POINT('',#8566);
#3231=VERTEX_POINT('',#8568);
#3232=VERTEX_POINT('',#8572);
#3233=VERTEX_POINT('',#8574);
#3234=VERTEX_POINT('',#8578);
#3235=VERTEX_POINT('',#8580);
#3236=VERTEX_POINT('',#8584);
#3237=VERTEX_POINT('',#8586);
#3238=VERTEX_POINT('',#8590);
#3239=VERTEX_POINT('',#8592);
#3240=VERTEX_POINT('',#8596);
#3241=VERTEX_POINT('',#8598);
#3242=VERTEX_POINT('',#8602);
#3243=VERTEX_POINT('',#8604);
#3244=VERTEX_POINT('',#8608);
#3245=VERTEX_POINT('',#8610);
#3246=VERTEX_POINT('',#8614);
#3247=VERTEX_POINT('',#8616);
#3248=VERTEX_POINT('',#8620);
#3249=VERTEX_POINT('',#8622);
#3250=VERTEX_POINT('',#8626);
#3251=VERTEX_POINT('',#8628);
#3252=VERTEX_POINT('',#8632);
#3253=VERTEX_POINT('',#8634);
#3254=VERTEX_POINT('',#8638);
#3255=VERTEX_POINT('',#8640);
#3256=VERTEX_POINT('',#8644);
#3257=VERTEX_POINT('',#8646);
#3258=VERTEX_POINT('',#8650);
#3259=VERTEX_POINT('',#8652);
#3260=VERTEX_POINT('',#8656);
#3261=VERTEX_POINT('',#8658);
#3262=VERTEX_POINT('',#8662);
#3263=VERTEX_POINT('',#8664);
#3264=VERTEX_POINT('',#8668);
#3265=VERTEX_POINT('',#8670);
#3266=VERTEX_POINT('',#8674);
#3267=VERTEX_POINT('',#8676);
#3268=VERTEX_POINT('',#8680);
#3269=VERTEX_POINT('',#8682);
#3270=VERTEX_POINT('',#8686);
#3271=VERTEX_POINT('',#8688);
#3272=VERTEX_POINT('',#8692);
#3273=VERTEX_POINT('',#8694);
#3274=VERTEX_POINT('',#8698);
#3275=VERTEX_POINT('',#8700);
#3276=VERTEX_POINT('',#8704);
#3277=VERTEX_POINT('',#8706);
#3278=VERTEX_POINT('',#8710);
#3279=VERTEX_POINT('',#8712);
#3280=VERTEX_POINT('',#8716);
#3281=VERTEX_POINT('',#8718);
#3282=VERTEX_POINT('',#8722);
#3283=VERTEX_POINT('',#8724);
#3284=VERTEX_POINT('',#8728);
#3285=VERTEX_POINT('',#8730);
#3286=VERTEX_POINT('',#8734);
#3287=VERTEX_POINT('',#8736);
#3288=VERTEX_POINT('',#8740);
#3289=VERTEX_POINT('',#8742);
#3290=VERTEX_POINT('',#8746);
#3291=VERTEX_POINT('',#8748);
#3292=VERTEX_POINT('',#8752);
#3293=VERTEX_POINT('',#8754);
#3294=VERTEX_POINT('',#8758);
#3295=VERTEX_POINT('',#8760);
#3296=VERTEX_POINT('',#8764);
#3297=VERTEX_POINT('',#8766);
#3298=VERTEX_POINT('',#8770);
#3299=VERTEX_POINT('',#8772);
#3300=VERTEX_POINT('',#8776);
#3301=VERTEX_POINT('',#8778);
#3302=VERTEX_POINT('',#8782);
#3303=VERTEX_POINT('',#8784);
#3304=VERTEX_POINT('',#8788);
#3305=VERTEX_POINT('',#8790);
#3306=VERTEX_POINT('',#8794);
#3307=VERTEX_POINT('',#8796);
#3308=VERTEX_POINT('',#8800);
#3309=VERTEX_POINT('',#8802);
#3310=VERTEX_POINT('',#8806);
#3311=VERTEX_POINT('',#8808);
#3312=VERTEX_POINT('',#8812);
#3313=VERTEX_POINT('',#8814);
#3314=VERTEX_POINT('',#8818);
#3315=VERTEX_POINT('',#8820);
#3316=VERTEX_POINT('',#8824);
#3317=VERTEX_POINT('',#8826);
#3318=VERTEX_POINT('',#8830);
#3319=VERTEX_POINT('',#8832);
#3320=VERTEX_POINT('',#8836);
#3321=VERTEX_POINT('',#8838);
#3322=VERTEX_POINT('',#8842);
#3323=VERTEX_POINT('',#8844);
#3324=VERTEX_POINT('',#8848);
#3325=VERTEX_POINT('',#8850);
#3326=VERTEX_POINT('',#8854);
#3327=VERTEX_POINT('',#8856);
#3328=VERTEX_POINT('',#8860);
#3329=VERTEX_POINT('',#8862);
#3330=VERTEX_POINT('',#8866);
#3331=VERTEX_POINT('',#8868);
#3332=VERTEX_POINT('',#8872);
#3333=VERTEX_POINT('',#8874);
#3334=VERTEX_POINT('',#8878);
#3335=VERTEX_POINT('',#8880);
#3336=VERTEX_POINT('',#8884);
#3337=VERTEX_POINT('',#8886);
#3338=VERTEX_POINT('',#8890);
#3339=VERTEX_POINT('',#8892);
#3340=VERTEX_POINT('',#8896);
#3341=VERTEX_POINT('',#8898);
#3342=VERTEX_POINT('',#8902);
#3343=VERTEX_POINT('',#8904);
#3344=VERTEX_POINT('',#8908);
#3345=VERTEX_POINT('',#8910);
#3346=VERTEX_POINT('',#8914);
#3347=VERTEX_POINT('',#8916);
#3348=VERTEX_POINT('',#8920);
#3349=VERTEX_POINT('',#8922);
#3350=VERTEX_POINT('',#8926);
#3351=VERTEX_POINT('',#8928);
#3352=VERTEX_POINT('',#8932);
#3353=VERTEX_POINT('',#8934);
#3354=VERTEX_POINT('',#8938);
#3355=VERTEX_POINT('',#8940);
#3356=VERTEX_POINT('',#8944);
#3357=VERTEX_POINT('',#8946);
#3358=VERTEX_POINT('',#8950);
#3359=VERTEX_POINT('',#8952);
#3360=VERTEX_POINT('',#8956);
#3361=VERTEX_POINT('',#8958);
#3362=VERTEX_POINT('',#8962);
#3363=VERTEX_POINT('',#8964);
#3364=VERTEX_POINT('',#8968);
#3365=VERTEX_POINT('',#8970);
#3366=VERTEX_POINT('',#8974);
#3367=VERTEX_POINT('',#8976);
#3368=VERTEX_POINT('',#8980);
#3369=VERTEX_POINT('',#8982);
#3370=VERTEX_POINT('',#8986);
#3371=VERTEX_POINT('',#8988);
#3372=VERTEX_POINT('',#8992);
#3373=VERTEX_POINT('',#8994);
#3374=VERTEX_POINT('',#8998);
#3375=VERTEX_POINT('',#9000);
#3376=VERTEX_POINT('',#9004);
#3377=VERTEX_POINT('',#9006);
#3378=VERTEX_POINT('',#9010);
#3379=VERTEX_POINT('',#9012);
#3380=VERTEX_POINT('',#9016);
#3381=VERTEX_POINT('',#9018);
#3382=VERTEX_POINT('',#9022);
#3383=VERTEX_POINT('',#9024);
#3384=VERTEX_POINT('',#9028);
#3385=VERTEX_POINT('',#9030);
#3386=VERTEX_POINT('',#9034);
#3387=VERTEX_POINT('',#9036);
#3388=VERTEX_POINT('',#9040);
#3389=VERTEX_POINT('',#9042);
#3390=VERTEX_POINT('',#9046);
#3391=VERTEX_POINT('',#9048);
#3392=VERTEX_POINT('',#9052);
#3393=VERTEX_POINT('',#9054);
#3394=VERTEX_POINT('',#9058);
#3395=VERTEX_POINT('',#9060);
#3396=VERTEX_POINT('',#9064);
#3397=VERTEX_POINT('',#9066);
#3398=VERTEX_POINT('',#9070);
#3399=VERTEX_POINT('',#9072);
#3400=VERTEX_POINT('',#9076);
#3401=VERTEX_POINT('',#9078);
#3402=VERTEX_POINT('',#9082);
#3403=VERTEX_POINT('',#9084);
#3404=VERTEX_POINT('',#9088);
#3405=VERTEX_POINT('',#9090);
#3406=VERTEX_POINT('',#9094);
#3407=VERTEX_POINT('',#9096);
#3408=VERTEX_POINT('',#9100);
#3409=VERTEX_POINT('',#9102);
#3410=VERTEX_POINT('',#9106);
#3411=VERTEX_POINT('',#9108);
#3412=VERTEX_POINT('',#9112);
#3413=VERTEX_POINT('',#9114);
#3414=VERTEX_POINT('',#9118);
#3415=VERTEX_POINT('',#9120);
#3416=VERTEX_POINT('',#9124);
#3417=VERTEX_POINT('',#9126);
#3418=VERTEX_POINT('',#9136);
#3419=VERTEX_POINT('',#9138);
#3420=VERTEX_POINT('',#9139);
#3421=VERTEX_POINT('',#9141);
#3422=VERTEX_POINT('',#9143);
#3423=VERTEX_POINT('',#9147);
#3424=VERTEX_POINT('',#9148);
#3425=VERTEX_POINT('',#9150);
#3426=VERTEX_POINT('',#9152);
#3427=VERTEX_POINT('',#9154);
#3428=VERTEX_POINT('',#9156);
#3429=VERTEX_POINT('',#9158);
#3430=VERTEX_POINT('',#9160);
#3431=VERTEX_POINT('',#9162);
#3432=VERTEX_POINT('',#9164);
#3433=VERTEX_POINT('',#9166);
#3434=VERTEX_POINT('',#9168);
#3435=VERTEX_POINT('',#9170);
#3436=VERTEX_POINT('',#9172);
#3437=VERTEX_POINT('',#9174);
#3438=VERTEX_POINT('',#9176);
#3439=VERTEX_POINT('',#9178);
#3440=VERTEX_POINT('',#9180);
#3441=VERTEX_POINT('',#9182);
#3442=VERTEX_POINT('',#9184);
#3443=VERTEX_POINT('',#9186);
#3444=VERTEX_POINT('',#9188);
#3445=VERTEX_POINT('',#9190);
#3446=VERTEX_POINT('',#9192);
#3447=VERTEX_POINT('',#9194);
#3448=VERTEX_POINT('',#9196);
#3449=VERTEX_POINT('',#9198);
#3450=VERTEX_POINT('',#9200);
#3451=VERTEX_POINT('',#9202);
#3452=VERTEX_POINT('',#9204);
#3453=VERTEX_POINT('',#9206);
#3454=VERTEX_POINT('',#9209);
#3455=VERTEX_POINT('',#9210);
#3456=VERTEX_POINT('',#9212);
#3457=VERTEX_POINT('',#9214);
#3458=VERTEX_POINT('',#9216);
#3459=VERTEX_POINT('',#9218);
#3460=VERTEX_POINT('',#9220);
#3461=VERTEX_POINT('',#9222);
#3462=VERTEX_POINT('',#9224);
#3463=VERTEX_POINT('',#9226);
#3464=VERTEX_POINT('',#9228);
#3465=VERTEX_POINT('',#9230);
#3466=VERTEX_POINT('',#9232);
#3467=VERTEX_POINT('',#9234);
#3468=VERTEX_POINT('',#9236);
#3469=VERTEX_POINT('',#9238);
#3470=VERTEX_POINT('',#9240);
#3471=VERTEX_POINT('',#9242);
#3472=VERTEX_POINT('',#9244);
#3473=VERTEX_POINT('',#9246);
#3474=VERTEX_POINT('',#9248);
#3475=VERTEX_POINT('',#9250);
#3476=VERTEX_POINT('',#9252);
#3477=VERTEX_POINT('',#9254);
#3478=VERTEX_POINT('',#9256);
#3479=VERTEX_POINT('',#9258);
#3480=VERTEX_POINT('',#9260);
#3481=VERTEX_POINT('',#9262);
#3482=VERTEX_POINT('',#9264);
#3483=VERTEX_POINT('',#9266);
#3484=VERTEX_POINT('',#9268);
#3485=VERTEX_POINT('',#9270);
#3486=VERTEX_POINT('',#9272);
#3487=VERTEX_POINT('',#9274);
#3488=VERTEX_POINT('',#9276);
#3489=VERTEX_POINT('',#9278);
#3490=VERTEX_POINT('',#9280);
#3491=VERTEX_POINT('',#9282);
#3492=VERTEX_POINT('',#9284);
#3493=VERTEX_POINT('',#9286);
#3494=VERTEX_POINT('',#9288);
#3495=VERTEX_POINT('',#9290);
#3496=VERTEX_POINT('',#9292);
#3497=VERTEX_POINT('',#9294);
#3498=VERTEX_POINT('',#9296);
#3499=VERTEX_POINT('',#9298);
#3500=VERTEX_POINT('',#9300);
#3501=VERTEX_POINT('',#9302);
#3502=VERTEX_POINT('',#9304);
#3503=VERTEX_POINT('',#9306);
#3504=VERTEX_POINT('',#9308);
#3505=VERTEX_POINT('',#9310);
#3506=VERTEX_POINT('',#9312);
#3507=VERTEX_POINT('',#9314);
#3508=VERTEX_POINT('',#9316);
#3509=VERTEX_POINT('',#9318);
#3510=VERTEX_POINT('',#9320);
#3511=VERTEX_POINT('',#9322);
#3512=VERTEX_POINT('',#9324);
#3513=VERTEX_POINT('',#9326);
#3514=VERTEX_POINT('',#9328);
#3515=VERTEX_POINT('',#9330);
#3516=VERTEX_POINT('',#9332);
#3517=VERTEX_POINT('',#9334);
#3518=VERTEX_POINT('',#9336);
#3519=VERTEX_POINT('',#9338);
#3520=VERTEX_POINT('',#9340);
#3521=VERTEX_POINT('',#9342);
#3522=VERTEX_POINT('',#9344);
#3523=VERTEX_POINT('',#9346);
#3524=VERTEX_POINT('',#9348);
#3525=VERTEX_POINT('',#9350);
#3526=VERTEX_POINT('',#9352);
#3527=VERTEX_POINT('',#9354);
#3528=VERTEX_POINT('',#9356);
#3529=VERTEX_POINT('',#9358);
#3530=VERTEX_POINT('',#9360);
#3531=VERTEX_POINT('',#9362);
#3532=VERTEX_POINT('',#9364);
#3533=VERTEX_POINT('',#9366);
#3534=VERTEX_POINT('',#9368);
#3535=VERTEX_POINT('',#9370);
#3536=VERTEX_POINT('',#9372);
#3537=VERTEX_POINT('',#9374);
#3538=VERTEX_POINT('',#9376);
#3539=VERTEX_POINT('',#9378);
#3540=VERTEX_POINT('',#9380);
#3541=VERTEX_POINT('',#9382);
#3542=VERTEX_POINT('',#9384);
#3543=VERTEX_POINT('',#9386);
#3544=VERTEX_POINT('',#9388);
#3545=VERTEX_POINT('',#9390);
#3546=VERTEX_POINT('',#9392);
#3547=VERTEX_POINT('',#9394);
#3548=VERTEX_POINT('',#9396);
#3549=VERTEX_POINT('',#9398);
#3550=VERTEX_POINT('',#9400);
#3551=VERTEX_POINT('',#9402);
#3552=VERTEX_POINT('',#9404);
#3553=VERTEX_POINT('',#9406);
#3554=VERTEX_POINT('',#9408);
#3555=VERTEX_POINT('',#9410);
#3556=VERTEX_POINT('',#9412);
#3557=VERTEX_POINT('',#9414);
#3558=VERTEX_POINT('',#9416);
#3559=VERTEX_POINT('',#9418);
#3560=VERTEX_POINT('',#9420);
#3561=VERTEX_POINT('',#9422);
#3562=VERTEX_POINT('',#9424);
#3563=VERTEX_POINT('',#9427);
#3564=VERTEX_POINT('',#9430);
#3565=VERTEX_POINT('',#9432);
#3566=VERTEX_POINT('',#9434);
#3567=VERTEX_POINT('',#9436);
#3568=VERTEX_POINT('',#9438);
#3569=VERTEX_POINT('',#9442);
#3570=VERTEX_POINT('',#9447);
#3571=VERTEX_POINT('',#9449);
#3572=VERTEX_POINT('',#9453);
#3573=VERTEX_POINT('',#9457);
#3574=VERTEX_POINT('',#9461);
#3575=VERTEX_POINT('',#9465);
#3576=VERTEX_POINT('',#9469);
#3577=VERTEX_POINT('',#9473);
#3578=VERTEX_POINT('',#9477);
#3579=VERTEX_POINT('',#9481);
#3580=VERTEX_POINT('',#9485);
#3581=VERTEX_POINT('',#9489);
#3582=VERTEX_POINT('',#9493);
#3583=VERTEX_POINT('',#9497);
#3584=VERTEX_POINT('',#9501);
#3585=VERTEX_POINT('',#9505);
#3586=VERTEX_POINT('',#9509);
#3587=VERTEX_POINT('',#9513);
#3588=VERTEX_POINT('',#9517);
#3589=VERTEX_POINT('',#9521);
#3590=VERTEX_POINT('',#9525);
#3591=VERTEX_POINT('',#9529);
#3592=VERTEX_POINT('',#9533);
#3593=VERTEX_POINT('',#9537);
#3594=VERTEX_POINT('',#9541);
#3595=VERTEX_POINT('',#9545);
#3596=VERTEX_POINT('',#9549);
#3597=VERTEX_POINT('',#9553);
#3598=VERTEX_POINT('',#9557);
#3599=VERTEX_POINT('',#9561);
#3600=VERTEX_POINT('',#9565);
#3601=VERTEX_POINT('',#9569);
#3602=VERTEX_POINT('',#9573);
#3603=VERTEX_POINT('',#9577);
#3604=VERTEX_POINT('',#9581);
#3605=VERTEX_POINT('',#9585);
#3606=VERTEX_POINT('',#9589);
#3607=VERTEX_POINT('',#9593);
#3608=VERTEX_POINT('',#9597);
#3609=VERTEX_POINT('',#9601);
#3610=VERTEX_POINT('',#9605);
#3611=VERTEX_POINT('',#9609);
#3612=VERTEX_POINT('',#9613);
#3613=VERTEX_POINT('',#9617);
#3614=VERTEX_POINT('',#9621);
#3615=VERTEX_POINT('',#9625);
#3616=VERTEX_POINT('',#9629);
#3617=VERTEX_POINT('',#9633);
#3618=VERTEX_POINT('',#9637);
#3619=VERTEX_POINT('',#9641);
#3620=VERTEX_POINT('',#9645);
#3621=VERTEX_POINT('',#9649);
#3622=VERTEX_POINT('',#9653);
#3623=VERTEX_POINT('',#9657);
#3624=VERTEX_POINT('',#9661);
#3625=VERTEX_POINT('',#9665);
#3626=VERTEX_POINT('',#9669);
#3627=VERTEX_POINT('',#9673);
#3628=VERTEX_POINT('',#9677);
#3629=VERTEX_POINT('',#9681);
#3630=VERTEX_POINT('',#9685);
#3631=VERTEX_POINT('',#9689);
#3632=VERTEX_POINT('',#9693);
#3633=VERTEX_POINT('',#9697);
#3634=VERTEX_POINT('',#9701);
#3635=VERTEX_POINT('',#9705);
#3636=VERTEX_POINT('',#9709);
#3637=VERTEX_POINT('',#9713);
#3638=VERTEX_POINT('',#9717);
#3639=VERTEX_POINT('',#9721);
#3640=VERTEX_POINT('',#9725);
#3641=VERTEX_POINT('',#9729);
#3642=VERTEX_POINT('',#9733);
#3643=VERTEX_POINT('',#9737);
#3644=VERTEX_POINT('',#9741);
#3645=VERTEX_POINT('',#9745);
#3646=VERTEX_POINT('',#9749);
#3647=VERTEX_POINT('',#9753);
#3648=VERTEX_POINT('',#9757);
#3649=VERTEX_POINT('',#9761);
#3650=VERTEX_POINT('',#9765);
#3651=VERTEX_POINT('',#9769);
#3652=VERTEX_POINT('',#9773);
#3653=VERTEX_POINT('',#9777);
#3654=VERTEX_POINT('',#9781);
#3655=VERTEX_POINT('',#9785);
#3656=VERTEX_POINT('',#9789);
#3657=VERTEX_POINT('',#9793);
#3658=VERTEX_POINT('',#9797);
#3659=VERTEX_POINT('',#9801);
#3660=VERTEX_POINT('',#9805);
#3661=VERTEX_POINT('',#9809);
#3662=VERTEX_POINT('',#9813);
#3663=VERTEX_POINT('',#9817);
#3664=VERTEX_POINT('',#9821);
#3665=VERTEX_POINT('',#9825);
#3666=VERTEX_POINT('',#9829);
#3667=VERTEX_POINT('',#9833);
#3668=VERTEX_POINT('',#9837);
#3669=VERTEX_POINT('',#9841);
#3670=VERTEX_POINT('',#9845);
#3671=VERTEX_POINT('',#9849);
#3672=VERTEX_POINT('',#9853);
#3673=VERTEX_POINT('',#9857);
#3674=VERTEX_POINT('',#9861);
#3675=VERTEX_POINT('',#9865);
#3676=VERTEX_POINT('',#9869);
#3677=VERTEX_POINT('',#9873);
#3678=VERTEX_POINT('',#9877);
#3679=VERTEX_POINT('',#9884);
#3680=VERTEX_POINT('',#9886);
#3681=VERTEX_POINT('',#9890);
#3682=VERTEX_POINT('',#9894);
#3683=VERTEX_POINT('',#9898);
#3684=VERTEX_POINT('',#9902);
#3685=VERTEX_POINT('',#9906);
#3686=VERTEX_POINT('',#9910);
#3687=VERTEX_POINT('',#9914);
#3688=VERTEX_POINT('',#9918);
#3689=VERTEX_POINT('',#9922);
#3690=VERTEX_POINT('',#9926);
#3691=VERTEX_POINT('',#9930);
#3692=VERTEX_POINT('',#9934);
#3693=VERTEX_POINT('',#9938);
#3694=VERTEX_POINT('',#9942);
#3695=VERTEX_POINT('',#9946);
#3696=VERTEX_POINT('',#9950);
#3697=VERTEX_POINT('',#9954);
#3698=VERTEX_POINT('',#9958);
#3699=VERTEX_POINT('',#9962);
#3700=VERTEX_POINT('',#9966);
#3701=VERTEX_POINT('',#9970);
#3702=VERTEX_POINT('',#9974);
#3703=VERTEX_POINT('',#9978);
#3704=VERTEX_POINT('',#9982);
#3705=VERTEX_POINT('',#9986);
#3706=VERTEX_POINT('',#9990);
#3707=VERTEX_POINT('',#9994);
#3708=VERTEX_POINT('',#9998);
#3709=VERTEX_POINT('',#10002);
#3710=VERTEX_POINT('',#10009);
#3711=VERTEX_POINT('',#10013);
#3712=VERTEX_POINT('',#10015);
#3713=VERTEX_POINT('',#10019);
#3714=VERTEX_POINT('',#10029);
#3715=VERTEX_POINT('',#10030);
#3716=VERTEX_POINT('',#10032);
#3717=VERTEX_POINT('',#10034);
#3718=VERTEX_POINT('',#10038);
#3719=VERTEX_POINT('',#10040);
#3720=VERTEX_POINT('',#10044);
#3721=VERTEX_POINT('',#10046);
#3722=VERTEX_POINT('',#10050);
#3723=VERTEX_POINT('',#10052);
#3724=VERTEX_POINT('',#10056);
#3725=VERTEX_POINT('',#10058);
#3726=VERTEX_POINT('',#10062);
#3727=VERTEX_POINT('',#10064);
#3728=VERTEX_POINT('',#10068);
#3729=VERTEX_POINT('',#10070);
#3730=VERTEX_POINT('',#10074);
#3731=VERTEX_POINT('',#10076);
#3732=VERTEX_POINT('',#10080);
#3733=VERTEX_POINT('',#10082);
#3734=VERTEX_POINT('',#10086);
#3735=VERTEX_POINT('',#10088);
#3736=VERTEX_POINT('',#10092);
#3737=VERTEX_POINT('',#10094);
#3738=VERTEX_POINT('',#10098);
#3739=VERTEX_POINT('',#10100);
#3740=VERTEX_POINT('',#10104);
#3741=VERTEX_POINT('',#10106);
#3742=VERTEX_POINT('',#10110);
#3743=VERTEX_POINT('',#10112);
#3744=VERTEX_POINT('',#10116);
#3745=VERTEX_POINT('',#10118);
#3746=VERTEX_POINT('',#10122);
#3747=VERTEX_POINT('',#10124);
#3748=VERTEX_POINT('',#10128);
#3749=VERTEX_POINT('',#10130);
#3750=VERTEX_POINT('',#10134);
#3751=VERTEX_POINT('',#10136);
#3752=VERTEX_POINT('',#10140);
#3753=VERTEX_POINT('',#10142);
#3754=VERTEX_POINT('',#10146);
#3755=VERTEX_POINT('',#10148);
#3756=VERTEX_POINT('',#10152);
#3757=VERTEX_POINT('',#10154);
#3758=VERTEX_POINT('',#10158);
#3759=VERTEX_POINT('',#10160);
#3760=VERTEX_POINT('',#10164);
#3761=VERTEX_POINT('',#10166);
#3762=VERTEX_POINT('',#10170);
#3763=VERTEX_POINT('',#10172);
#3764=VERTEX_POINT('',#10176);
#3765=VERTEX_POINT('',#10178);
#3766=VERTEX_POINT('',#10182);
#3767=VERTEX_POINT('',#10184);
#3768=VERTEX_POINT('',#10188);
#3769=VERTEX_POINT('',#10190);
#3770=VERTEX_POINT('',#10194);
#3771=VERTEX_POINT('',#10196);
#3772=VERTEX_POINT('',#10200);
#3773=VERTEX_POINT('',#10202);
#3774=VERTEX_POINT('',#10206);
#3775=VERTEX_POINT('',#10208);
#3776=CIRCLE('',#5573,0.000342125461991413);
#3777=CIRCLE('',#5574,0.000342125461991413);
#3778=CIRCLE('',#5576,0.000968288605936502);
#3779=CIRCLE('',#5577,0.000968288605936502);
#3780=CIRCLE('',#5579,0.00304490904130091);
#3781=CIRCLE('',#5580,0.00304490904130091);
#3782=CIRCLE('',#5582,0.00311986075558244);
#3783=CIRCLE('',#5583,0.00311986075558244);
#3784=CIRCLE('',#5585,0.00149782160488049);
#3785=CIRCLE('',#5586,0.00149782160488049);
#3786=CIRCLE('',#5588,0.00208666226271814);
#3787=CIRCLE('',#5589,0.00208666226271814);
#3788=CIRCLE('',#5591,0.00197363850898305);
#3789=CIRCLE('',#5592,0.00197363850898305);
#3790=CIRCLE('',#5594,0.00199983129447639);
#3791=CIRCLE('',#5595,0.00199983129447639);
#3792=CIRCLE('',#5597,0.00220801233239794);
#3793=CIRCLE('',#5598,0.00220801233239794);
#3794=CIRCLE('',#5600,0.000862510960101332);
#3795=CIRCLE('',#5601,0.000862510960101332);
#3796=CIRCLE('',#5603,0.00560416317566235);
#3797=CIRCLE('',#5604,0.00560416317566235);
#3798=CIRCLE('',#5606,0.00560161441775573);
#3799=CIRCLE('',#5607,0.00560161441775573);
#3800=CIRCLE('',#5609,0.000866082266038076);
#3801=CIRCLE('',#5610,0.000866082266038076);
#3802=CIRCLE('',#5612,0.00226408743525567);
#3803=CIRCLE('',#5613,0.00226408743525567);
#3804=CIRCLE('',#5615,0.00204728170304103);
#3805=CIRCLE('',#5616,0.00204728170304103);
#3806=CIRCLE('',#5618,0.00201090127521143);
#3807=CIRCLE('',#5619,0.00201090127521143);
#3808=CIRCLE('',#5621,0.00208472169556795);
#3809=CIRCLE('',#5622,0.00208472169556795);
#3810=CIRCLE('',#5624,0.00103295907110161);
#3811=CIRCLE('',#5625,0.00103295907110161);
#3812=CIRCLE('',#5627,0.004655952673788);
#3813=CIRCLE('',#5628,0.004655952673788);
#3814=CIRCLE('',#5630,0.00103295907110156);
#3815=CIRCLE('',#5631,0.00103295907110156);
#3816=CIRCLE('',#5633,0.00208472169556793);
#3817=CIRCLE('',#5634,0.00208472169556793);
#3818=CIRCLE('',#5636,0.00201090127521135);
#3819=CIRCLE('',#5637,0.00201090127521135);
#3820=CIRCLE('',#5639,0.00204728170304103);
#3821=CIRCLE('',#5640,0.00204728170304103);
#3822=CIRCLE('',#5642,0.00226408743525572);
#3823=CIRCLE('',#5643,0.00226408743525572);
#3824=CIRCLE('',#5645,0.000865089575541127);
#3825=CIRCLE('',#5646,0.000865089575541127);
#3826=CIRCLE('',#5648,0.00561797508042012);
#3827=CIRCLE('',#5649,0.00561797508042012);
#3828=CIRCLE('',#5651,0.00561797508042015);
#3829=CIRCLE('',#5652,0.00561797508042015);
#3830=CIRCLE('',#5654,0.000865089575541125);
#3831=CIRCLE('',#5655,0.000865089575541125);
#3832=CIRCLE('',#5657,0.00226408743525573);
#3833=CIRCLE('',#5658,0.00226408743525573);
#3834=CIRCLE('',#5660,0.00204728170304103);
#3835=CIRCLE('',#5661,0.00204728170304103);
#3836=CIRCLE('',#5663,0.00201090127521135);
#3837=CIRCLE('',#5664,0.00201090127521135);
#3838=CIRCLE('',#5666,0.0020847216955679);
#3839=CIRCLE('',#5667,0.0020847216955679);
#3840=CIRCLE('',#5669,0.00103295907110156);
#3841=CIRCLE('',#5670,0.00103295907110156);
#3842=CIRCLE('',#5672,0.00465595267378853);
#3843=CIRCLE('',#5673,0.00465595267378853);
#3844=CIRCLE('',#5675,0.00103295907110153);
#3845=CIRCLE('',#5676,0.00103295907110153);
#3846=CIRCLE('',#5678,0.00208472169556792);
#3847=CIRCLE('',#5679,0.00208472169556792);
#3848=CIRCLE('',#5681,0.00201090127521136);
#3849=CIRCLE('',#5682,0.00201090127521136);
#3850=CIRCLE('',#5684,0.00204728170304103);
#3851=CIRCLE('',#5685,0.00204728170304103);
#3852=CIRCLE('',#5687,0.00226408743525579);
#3853=CIRCLE('',#5688,0.00226408743525579);
#3854=CIRCLE('',#5690,0.00120432980181039);
#3855=CIRCLE('',#5691,0.00120432980181039);
#3856=CIRCLE('',#5693,0.00300994879305338);
#3857=CIRCLE('',#5694,0.00300994879305338);
#3858=CIRCLE('',#5696,0.00306871750756793);
#3859=CIRCLE('',#5697,0.00306871750756793);
#3860=CIRCLE('',#5699,0.00152426155017524);
#3861=CIRCLE('',#5700,0.00152426155017524);
#3862=CIRCLE('',#5702,0.00197320814424599);
#3863=CIRCLE('',#5703,0.00197320814424599);
#3864=CIRCLE('',#5705,0.0020395834309707);
#3865=CIRCLE('',#5706,0.0020395834309707);
#3866=CIRCLE('',#5708,0.00204795202659113);
#3867=CIRCLE('',#5709,0.00204795202659113);
#3868=CIRCLE('',#5711,0.00200933162576172);
#3869=CIRCLE('',#5712,0.00200933162576172);
#3870=CIRCLE('',#5714,0.00303084218120748);
#3871=CIRCLE('',#5715,0.00303084218120748);
#3872=CIRCLE('',#5717,0.000451104689694316);
#3873=CIRCLE('',#5718,0.000451104689694316);
#3874=CIRCLE('',#5720,0.000172365308954084);
#3875=CIRCLE('',#5721,0.000172365308954084);
#3876=CIRCLE('',#5723,9.78752485500989E-5);
#3877=CIRCLE('',#5724,9.78752485500989E-5);
#3878=CIRCLE('',#5726,0.000212958500853482);
#3879=CIRCLE('',#5727,0.000212958500853482);
#3880=CIRCLE('',#5729,7.76724055721606E-5);
#3881=CIRCLE('',#5730,7.76724055721606E-5);
#3882=CIRCLE('',#5732,0.000263795785714536);
#3883=CIRCLE('',#5733,0.000263795785714536);
#3884=CIRCLE('',#5735,0.00911976261226249);
#3885=CIRCLE('',#5736,0.00911976261226249);
#3886=CIRCLE('',#5738,0.0108955055575058);
#3887=CIRCLE('',#5739,0.0108955055575058);
#3888=CIRCLE('',#5741,0.00131469335565702);
#3889=CIRCLE('',#5742,0.00131469335565702);
#3890=CIRCLE('',#5744,0.000510471753461396);
#3891=CIRCLE('',#5745,0.000510471753461396);
#3892=CIRCLE('',#5747,0.000230460997767677);
#3893=CIRCLE('',#5748,0.000230460997767677);
#3894=CIRCLE('',#5750,0.000407853043887947);
#3895=CIRCLE('',#5751,0.000407853043887947);
#3896=CIRCLE('',#5753,0.00034383975578579);
#3897=CIRCLE('',#5754,0.00034383975578579);
#3898=CIRCLE('',#5756,0.000412870526165453);
#3899=CIRCLE('',#5757,0.000412870526165453);
#3900=CIRCLE('',#5759,0.000825689997503815);
#3901=CIRCLE('',#5760,0.000825689997503815);
#3902=CIRCLE('',#5762,0.000874456902221947);
#3903=CIRCLE('',#5763,0.000874456902221947);
#3904=CIRCLE('',#5765,0.00230329702279526);
#3905=CIRCLE('',#5766,0.00230329702279526);
#3906=CIRCLE('',#5768,0.00230008472534681);
#3907=CIRCLE('',#5769,0.00230008472534681);
#3908=CIRCLE('',#5771,0.000851578516045856);
#3909=CIRCLE('',#5772,0.000851578516045856);
#3910=CIRCLE('',#5774,0.00140644172372487);
#3911=CIRCLE('',#5775,0.00140644172372487);
#3912=CIRCLE('',#5777,0.00134717711320412);
#3913=CIRCLE('',#5778,0.00134717711320412);
#3914=CIRCLE('',#5780,0.00137961094261657);
#3915=CIRCLE('',#5781,0.00137961094261657);
#3916=CIRCLE('',#5783,0.00157128195595267);
#3917=CIRCLE('',#5784,0.00157128195595267);
#3918=CIRCLE('',#5786,0.000800624061573571);
#3919=CIRCLE('',#5787,0.000800624061573571);
#3920=CIRCLE('',#5789,0.00206256457657267);
#3921=CIRCLE('',#5790,0.00206256457657267);
#3922=CIRCLE('',#5792,0.000800624061573567);
#3923=CIRCLE('',#5793,0.000800624061573567);
#3924=CIRCLE('',#5795,0.00145557975341277);
#3925=CIRCLE('',#5796,0.00145557975341277);
#3926=CIRCLE('',#5798,0.00131957520578846);
#3927=CIRCLE('',#5799,0.00131957520578846);
#3928=CIRCLE('',#5801,0.00145557975341277);
#3929=CIRCLE('',#5802,0.00145557975341277);
#3930=CIRCLE('',#5804,0.000800624061573575);
#3931=CIRCLE('',#5805,0.000800624061573575);
#3932=CIRCLE('',#5807,0.00206256457657279);
#3933=CIRCLE('',#5808,0.00206256457657279);
#3934=CIRCLE('',#5810,0.000800624061573571);
#3935=CIRCLE('',#5811,0.000800624061573571);
#3936=CIRCLE('',#5813,0.00145557975341277);
#3937=CIRCLE('',#5814,0.00145557975341277);
#3938=CIRCLE('',#5816,0.00131957520578845);
#3939=CIRCLE('',#5817,0.00131957520578845);
#3940=CIRCLE('',#5819,0.00145557975341277);
#3941=CIRCLE('',#5820,0.00145557975341277);
#3942=CIRCLE('',#5822,0.000800624061573569);
#3943=CIRCLE('',#5823,0.000800624061573569);
#3944=CIRCLE('',#5825,0.00206256457657267);
#3945=CIRCLE('',#5826,0.00206256457657267);
#3946=CIRCLE('',#5828,0.000800624061573571);
#3947=CIRCLE('',#5829,0.000800624061573571);
#3948=CIRCLE('',#5831,0.00157128195595267);
#3949=CIRCLE('',#5832,0.00157128195595267);
#3950=CIRCLE('',#5834,0.00137961094261662);
#3951=CIRCLE('',#5835,0.00137961094261662);
#3952=CIRCLE('',#5837,0.00134717711320418);
#3953=CIRCLE('',#5838,0.00134717711320418);
#3954=CIRCLE('',#5840,0.00140644172372487);
#3955=CIRCLE('',#5841,0.00140644172372487);
#3956=CIRCLE('',#5843,0.000851578516045832);
#3957=CIRCLE('',#5844,0.000851578516045832);
#3958=CIRCLE('',#5846,0.00230008472534664);
#3959=CIRCLE('',#5847,0.00230008472534664);
#3960=CIRCLE('',#5849,0.00230329702279523);
#3961=CIRCLE('',#5850,0.00230329702279523);
#3962=CIRCLE('',#5852,0.000874456902221943);
#3963=CIRCLE('',#5853,0.000874456902221943);
#3964=CIRCLE('',#5855,0.000825689997503824);
#3965=CIRCLE('',#5856,0.000825689997503824);
#3966=CIRCLE('',#5858,0.000412870526165436);
#3967=CIRCLE('',#5859,0.000412870526165436);
#3968=CIRCLE('',#5861,0.000343839755785797);
#3969=CIRCLE('',#5862,0.000343839755785797);
#3970=CIRCLE('',#5864,0.00040785304388796);
#3971=CIRCLE('',#5865,0.00040785304388796);
#3972=CIRCLE('',#5867,0.000230460997767704);
#3973=CIRCLE('',#5868,0.000230460997767704);
#3974=CIRCLE('',#5870,0.000510471753461396);
#3975=CIRCLE('',#5871,0.000510471753461396);
#3976=CIRCLE('',#5873,0.00131469335565674);
#3977=CIRCLE('',#5874,0.00131469335565674);
#3978=CIRCLE('',#5876,0.0108955055575058);
#3979=CIRCLE('',#5877,0.0108955055575058);
#3980=CIRCLE('',#5879,0.0183199311029633);
#3981=CIRCLE('',#5880,0.0183199311029633);
#3982=CIRCLE('',#5882,0.000744136368485795);
#3983=CIRCLE('',#5883,0.000744136368485795);
#3984=CIRCLE('',#5885,0.000169704931911568);
#3985=CIRCLE('',#5886,0.000169704931911568);
#3986=CIRCLE('',#5888,6.32080386960952E-5);
#3987=CIRCLE('',#5889,6.32080386960952E-5);
#3988=CIRCLE('',#5891,0.00018503048508303);
#3989=CIRCLE('',#5892,0.00018503048508303);
#3990=CIRCLE('',#5894,0.000110952484153404);
#3991=CIRCLE('',#5895,0.000110952484153404);
#3992=CIRCLE('',#5897,0.000135570874988702);
#3993=CIRCLE('',#5898,0.000135570874988702);
#3994=CIRCLE('',#5903,0.003675);
#3995=CIRCLE('',#5904,0.003675);
#3996=CIRCLE('',#5905,0.003675);
#3997=CIRCLE('',#5907,0.000338239120243181);
#3998=CIRCLE('',#5908,0.000347917000941702);
#3999=CIRCLE('',#5909,0.000344130733408472);
#4000=CIRCLE('',#5910,0.000325776975196466);
#4001=CIRCLE('',#5911,0.00023700465901822);
#4002=CIRCLE('',#5912,0.00170802048361771);
#4003=CIRCLE('',#5913,0.00788052756816294);
#4004=CIRCLE('',#5914,0.273065315666023);
#4005=CIRCLE('',#5915,0.273065315666087);
#4006=CIRCLE('',#5916,0.00788052756816295);
#4007=CIRCLE('',#5917,0.00170802048361778);
#4008=CIRCLE('',#5918,0.000237004659018225);
#4009=CIRCLE('',#5919,0.000316831892051665);
#4010=CIRCLE('',#5920,0.000355884075619147);
#4011=CIRCLE('',#5921,0.000357041718859685);
#4012=CIRCLE('',#5922,0.000321067545040852);
#4013=CIRCLE('',#5923,0.000357041718859685);
#4014=CIRCLE('',#5924,0.00035588407561915);
#4015=CIRCLE('',#5925,0.000316831892051667);
#4016=CIRCLE('',#5926,0.000237004659018228);
#4017=CIRCLE('',#5927,0.0017080204836179);
#4018=CIRCLE('',#5928,0.00788052756816218);
#4019=CIRCLE('',#5929,0.273065315666211);
#4020=CIRCLE('',#5930,0.273065315666211);
#4021=CIRCLE('',#5931,0.0078805275681622);
#4022=CIRCLE('',#5932,0.00170802048361788);
#4023=CIRCLE('',#5933,0.000237004659018233);
#4024=CIRCLE('',#5934,0.000305456318872667);
#4025=CIRCLE('',#5935,0.000370444205440804);
#4026=CIRCLE('',#5936,0.00036902446562994);
#4027=CIRCLE('',#5937,0.000299833930866311);
#4028=CIRCLE('',#5938,0.000342125461991413);
#4029=CIRCLE('',#5939,0.000135570874988702);
#4030=CIRCLE('',#5940,0.000110952484153404);
#4031=CIRCLE('',#5941,0.00018503048508303);
#4032=CIRCLE('',#5942,6.32080386960952E-5);
#4033=CIRCLE('',#5943,0.000169704931911568);
#4034=CIRCLE('',#5944,0.000744136368485795);
#4035=CIRCLE('',#5945,0.0183199311029633);
#4036=CIRCLE('',#5946,0.0108955055575058);
#4037=CIRCLE('',#5947,0.00131469335565674);
#4038=CIRCLE('',#5948,0.000510471753461396);
#4039=CIRCLE('',#5949,0.000230460997767704);
#4040=CIRCLE('',#5950,0.00040785304388796);
#4041=CIRCLE('',#5951,0.000343839755785797);
#4042=CIRCLE('',#5952,0.000412870526165436);
#4043=CIRCLE('',#5953,0.000825689997503824);
#4044=CIRCLE('',#5954,0.000874456902221943);
#4045=CIRCLE('',#5955,0.00230329702279523);
#4046=CIRCLE('',#5956,0.00230008472534664);
#4047=CIRCLE('',#5957,0.000851578516045832);
#4048=CIRCLE('',#5958,0.00140644172372487);
#4049=CIRCLE('',#5959,0.00134717711320418);
#4050=CIRCLE('',#5960,0.00137961094261662);
#4051=CIRCLE('',#5961,0.00157128195595267);
#4052=CIRCLE('',#5962,0.000800624061573571);
#4053=CIRCLE('',#5963,0.00206256457657267);
#4054=CIRCLE('',#5964,0.000800624061573569);
#4055=CIRCLE('',#5965,0.00145557975341277);
#4056=CIRCLE('',#5966,0.00131957520578845);
#4057=CIRCLE('',#5967,0.00145557975341277);
#4058=CIRCLE('',#5968,0.000800624061573571);
#4059=CIRCLE('',#5969,0.00206256457657279);
#4060=CIRCLE('',#5970,0.000800624061573575);
#4061=CIRCLE('',#5971,0.00145557975341277);
#4062=CIRCLE('',#5972,0.00131957520578846);
#4063=CIRCLE('',#5973,0.00145557975341277);
#4064=CIRCLE('',#5974,0.000800624061573567);
#4065=CIRCLE('',#5975,0.00206256457657267);
#4066=CIRCLE('',#5976,0.000800624061573571);
#4067=CIRCLE('',#5977,0.00157128195595267);
#4068=CIRCLE('',#5978,0.00137961094261657);
#4069=CIRCLE('',#5979,0.00134717711320412);
#4070=CIRCLE('',#5980,0.00140644172372487);
#4071=CIRCLE('',#5981,0.000851578516045856);
#4072=CIRCLE('',#5982,0.00230008472534681);
#4073=CIRCLE('',#5983,0.00230329702279526);
#4074=CIRCLE('',#5984,0.000874456902221947);
#4075=CIRCLE('',#5985,0.000825689997503815);
#4076=CIRCLE('',#5986,0.000412870526165453);
#4077=CIRCLE('',#5987,0.00034383975578579);
#4078=CIRCLE('',#5988,0.000407853043887947);
#4079=CIRCLE('',#5989,0.000230460997767677);
#4080=CIRCLE('',#5990,0.000510471753461396);
#4081=CIRCLE('',#5991,0.00131469335565702);
#4082=CIRCLE('',#5992,0.0108955055575058);
#4083=CIRCLE('',#5993,0.00911976261226249);
#4084=CIRCLE('',#5994,0.000263795785714536);
#4085=CIRCLE('',#5995,7.76724055721606E-5);
#4086=CIRCLE('',#5996,0.000212958500853482);
#4087=CIRCLE('',#5997,9.78752485500989E-5);
#4088=CIRCLE('',#5998,0.000172365308954084);
#4089=CIRCLE('',#5999,0.000451104689694316);
#4090=CIRCLE('',#6000,0.00303084218120748);
#4091=CIRCLE('',#6001,0.00200933162576172);
#4092=CIRCLE('',#6002,0.00204795202659113);
#4093=CIRCLE('',#6003,0.0020395834309707);
#4094=CIRCLE('',#6004,0.00197320814424599);
#4095=CIRCLE('',#6005,0.00152426155017524);
#4096=CIRCLE('',#6006,0.00306871750756793);
#4097=CIRCLE('',#6007,0.00300994879305338);
#4098=CIRCLE('',#6008,0.00120432980181039);
#4099=CIRCLE('',#6009,0.00226408743525579);
#4100=CIRCLE('',#6010,0.00204728170304103);
#4101=CIRCLE('',#6011,0.00201090127521136);
#4102=CIRCLE('',#6012,0.00208472169556792);
#4103=CIRCLE('',#6013,0.00103295907110153);
#4104=CIRCLE('',#6014,0.00465595267378853);
#4105=CIRCLE('',#6015,0.00103295907110156);
#4106=CIRCLE('',#6016,0.0020847216955679);
#4107=CIRCLE('',#6017,0.00201090127521135);
#4108=CIRCLE('',#6018,0.00204728170304103);
#4109=CIRCLE('',#6019,0.00226408743525573);
#4110=CIRCLE('',#6020,0.000865089575541125);
#4111=CIRCLE('',#6021,0.00561797508042015);
#4112=CIRCLE('',#6022,0.00561797508042012);
#4113=CIRCLE('',#6023,0.000865089575541127);
#4114=CIRCLE('',#6024,0.00226408743525572);
#4115=CIRCLE('',#6025,0.00204728170304103);
#4116=CIRCLE('',#6026,0.00201090127521135);
#4117=CIRCLE('',#6027,0.00208472169556793);
#4118=CIRCLE('',#6028,0.00103295907110156);
#4119=CIRCLE('',#6029,0.004655952673788);
#4120=CIRCLE('',#6030,0.00103295907110161);
#4121=CIRCLE('',#6031,0.00208472169556795);
#4122=CIRCLE('',#6032,0.00201090127521143);
#4123=CIRCLE('',#6033,0.00204728170304103);
#4124=CIRCLE('',#6034,0.00226408743525567);
#4125=CIRCLE('',#6035,0.000866082266038076);
#4126=CIRCLE('',#6036,0.00560161441775573);
#4127=CIRCLE('',#6037,0.00560416317566235);
#4128=CIRCLE('',#6038,0.000862510960101332);
#4129=CIRCLE('',#6039,0.00220801233239794);
#4130=CIRCLE('',#6040,0.00199983129447639);
#4131=CIRCLE('',#6041,0.00197363850898305);
#4132=CIRCLE('',#6042,0.00208666226271814);
#4133=CIRCLE('',#6043,0.00149782160488049);
#4134=CIRCLE('',#6044,0.00311986075558244);
#4135=CIRCLE('',#6045,0.00304490904130091);
#4136=CIRCLE('',#6046,0.000968288605936502);
#4137=CIRCLE('',#6047,0.002925);
#4138=CIRCLE('',#6049,0.0017);
#4139=CIRCLE('',#6050,0.00075);
#4140=CIRCLE('',#6051,0.00075);
#4141=CIRCLE('',#6053,0.0017);
#4142=CIRCLE('',#6057,0.000342125461991413);
#4143=CIRCLE('',#6059,0.000968288605936502);
#4144=CIRCLE('',#6061,0.00304490904130091);
#4145=CIRCLE('',#6063,0.00311986075558244);
#4146=CIRCLE('',#6065,0.00149782160488049);
#4147=CIRCLE('',#6067,0.00208666226271814);
#4148=CIRCLE('',#6069,0.00197363850898305);
#4149=CIRCLE('',#6071,0.00199983129447639);
#4150=CIRCLE('',#6073,0.00220801233239794);
#4151=CIRCLE('',#6075,0.000862510960101332);
#4152=CIRCLE('',#6077,0.00560416317566235);
#4153=CIRCLE('',#6079,0.00560161441775573);
#4154=CIRCLE('',#6081,0.000866082266038076);
#4155=CIRCLE('',#6083,0.00226408743525567);
#4156=CIRCLE('',#6085,0.00204728170304103);
#4157=CIRCLE('',#6087,0.00201090127521143);
#4158=CIRCLE('',#6089,0.00208472169556795);
#4159=CIRCLE('',#6091,0.00103295907110161);
#4160=CIRCLE('',#6093,0.004655952673788);
#4161=CIRCLE('',#6095,0.00103295907110156);
#4162=CIRCLE('',#6097,0.00208472169556793);
#4163=CIRCLE('',#6099,0.00201090127521135);
#4164=CIRCLE('',#6101,0.00204728170304103);
#4165=CIRCLE('',#6103,0.00226408743525572);
#4166=CIRCLE('',#6105,0.000865089575541127);
#4167=CIRCLE('',#6107,0.00561797508042012);
#4168=CIRCLE('',#6109,0.00561797508042015);
#4169=CIRCLE('',#6111,0.000865089575541125);
#4170=CIRCLE('',#6113,0.00226408743525573);
#4171=CIRCLE('',#6115,0.00204728170304103);
#4172=CIRCLE('',#6117,0.00201090127521135);
#4173=CIRCLE('',#6119,0.0020847216955679);
#4174=CIRCLE('',#6121,0.00103295907110156);
#4175=CIRCLE('',#6123,0.00465595267378853);
#4176=CIRCLE('',#6125,0.00103295907110153);
#4177=CIRCLE('',#6127,0.00208472169556792);
#4178=CIRCLE('',#6129,0.00201090127521136);
#4179=CIRCLE('',#6131,0.00204728170304103);
#4180=CIRCLE('',#6133,0.00226408743525579);
#4181=CIRCLE('',#6135,0.00120432980181039);
#4182=CIRCLE('',#6137,0.00300994879305338);
#4183=CIRCLE('',#6139,0.00306871750756793);
#4184=CIRCLE('',#6141,0.00152426155017524);
#4185=CIRCLE('',#6143,0.00197320814424599);
#4186=CIRCLE('',#6145,0.0020395834309707);
#4187=CIRCLE('',#6147,0.00204795202659113);
#4188=CIRCLE('',#6149,0.00200933162576172);
#4189=CIRCLE('',#6151,0.00303084218120748);
#4190=CIRCLE('',#6153,0.000451104689694316);
#4191=CIRCLE('',#6155,0.000172365308954084);
#4192=CIRCLE('',#6157,9.78752485500989E-5);
#4193=CIRCLE('',#6159,0.000212958500853482);
#4194=CIRCLE('',#6161,7.76724055721606E-5);
#4195=CIRCLE('',#6163,0.000263795785714536);
#4196=CIRCLE('',#6165,0.00911976261226249);
#4197=CIRCLE('',#6167,0.0108955055575058);
#4198=CIRCLE('',#6169,0.00131469335565702);
#4199=CIRCLE('',#6171,0.000510471753461396);
#4200=CIRCLE('',#6173,0.000230460997767677);
#4201=CIRCLE('',#6175,0.000407853043887947);
#4202=CIRCLE('',#6177,0.00034383975578579);
#4203=CIRCLE('',#6179,0.000412870526165453);
#4204=CIRCLE('',#6181,0.000825689997503815);
#4205=CIRCLE('',#6183,0.000874456902221947);
#4206=CIRCLE('',#6185,0.00230329702279526);
#4207=CIRCLE('',#6187,0.00230008472534681);
#4208=CIRCLE('',#6189,0.000851578516045856);
#4209=CIRCLE('',#6191,0.00140644172372487);
#4210=CIRCLE('',#6193,0.00134717711320412);
#4211=CIRCLE('',#6195,0.00137961094261657);
#4212=CIRCLE('',#6197,0.00157128195595267);
#4213=CIRCLE('',#6199,0.000800624061573571);
#4214=CIRCLE('',#6201,0.00206256457657267);
#4215=CIRCLE('',#6203,0.000800624061573567);
#4216=CIRCLE('',#6205,0.00145557975341277);
#4217=CIRCLE('',#6207,0.00131957520578846);
#4218=CIRCLE('',#6209,0.00145557975341277);
#4219=CIRCLE('',#6211,0.000800624061573575);
#4220=CIRCLE('',#6213,0.00206256457657279);
#4221=CIRCLE('',#6215,0.000800624061573571);
#4222=CIRCLE('',#6217,0.00145557975341277);
#4223=CIRCLE('',#6219,0.00131957520578845);
#4224=CIRCLE('',#6221,0.00145557975341277);
#4225=CIRCLE('',#6223,0.000800624061573569);
#4226=CIRCLE('',#6225,0.00206256457657267);
#4227=CIRCLE('',#6227,0.000800624061573571);
#4228=CIRCLE('',#6229,0.00157128195595267);
#4229=CIRCLE('',#6231,0.00137961094261662);
#4230=CIRCLE('',#6233,0.00134717711320418);
#4231=CIRCLE('',#6235,0.00140644172372487);
#4232=CIRCLE('',#6237,0.000851578516045832);
#4233=CIRCLE('',#6239,0.00230008472534664);
#4234=CIRCLE('',#6241,0.00230329702279523);
#4235=CIRCLE('',#6243,0.000874456902221943);
#4236=CIRCLE('',#6245,0.000825689997503824);
#4237=CIRCLE('',#6247,0.000412870526165436);
#4238=CIRCLE('',#6249,0.000343839755785797);
#4239=CIRCLE('',#6251,0.00040785304388796);
#4240=CIRCLE('',#6253,0.000230460997767704);
#4241=CIRCLE('',#6255,0.000510471753461396);
#4242=CIRCLE('',#6257,0.00131469335565674);
#4243=CIRCLE('',#6259,0.0108955055575058);
#4244=CIRCLE('',#6261,0.0183199311029633);
#4245=CIRCLE('',#6263,0.000744136368485795);
#4246=CIRCLE('',#6265,0.000169704931911568);
#4247=CIRCLE('',#6267,6.32080386960952E-5);
#4248=CIRCLE('',#6269,0.00018503048508303);
#4249=CIRCLE('',#6271,0.000110952484153404);
#4250=CIRCLE('',#6273,0.000135570874988702);
#4251=CIRCLE('',#6276,0.000338239120243181);
#4252=CIRCLE('',#6278,0.000299833930866311);
#4253=CIRCLE('',#6280,0.00036902446562994);
#4254=CIRCLE('',#6282,0.000370444205440804);
#4255=CIRCLE('',#6284,0.000305456318872667);
#4256=CIRCLE('',#6286,0.000237004659018233);
#4257=CIRCLE('',#6288,0.00170802048361788);
#4258=CIRCLE('',#6290,0.0078805275681622);
#4259=CIRCLE('',#6292,0.273065315666211);
#4260=CIRCLE('',#6294,0.273065315666211);
#4261=CIRCLE('',#6296,0.00788052756816218);
#4262=CIRCLE('',#6298,0.0017080204836179);
#4263=CIRCLE('',#6300,0.000237004659018228);
#4264=CIRCLE('',#6302,0.000316831892051667);
#4265=CIRCLE('',#6304,0.00035588407561915);
#4266=CIRCLE('',#6306,0.000357041718859685);
#4267=CIRCLE('',#6308,0.000321067545040852);
#4268=CIRCLE('',#6310,0.000357041718859685);
#4269=CIRCLE('',#6312,0.000355884075619147);
#4270=CIRCLE('',#6314,0.000316831892051665);
#4271=CIRCLE('',#6316,0.000237004659018225);
#4272=CIRCLE('',#6318,0.00170802048361778);
#4273=CIRCLE('',#6320,0.00788052756816295);
#4274=CIRCLE('',#6322,0.273065315666087);
#4275=CIRCLE('',#6324,0.273065315666023);
#4276=CIRCLE('',#6326,0.00788052756816294);
#4277=CIRCLE('',#6328,0.00170802048361771);
#4278=CIRCLE('',#6330,0.00023700465901822);
#4279=CIRCLE('',#6332,0.000325776975196466);
#4280=CIRCLE('',#6334,0.000344130733408472);
#4281=CIRCLE('',#6336,0.000347917000941702);
#4282=CIRCLE('',#6342,0.00075);
#4283=CIRCLE('',#6343,0.00075);
#4284=CIRCLE('',#6348,0.000338239120243181);
#4285=CIRCLE('',#6349,0.000338239120243181);
#4286=CIRCLE('',#6351,0.000299833930866311);
#4287=CIRCLE('',#6352,0.000299833930866311);
#4288=CIRCLE('',#6354,0.00036902446562994);
#4289=CIRCLE('',#6355,0.00036902446562994);
#4290=CIRCLE('',#6357,0.000370444205440804);
#4291=CIRCLE('',#6358,0.000370444205440804);
#4292=CIRCLE('',#6360,0.000305456318872667);
#4293=CIRCLE('',#6361,0.000305456318872667);
#4294=CIRCLE('',#6363,0.000237004659018233);
#4295=CIRCLE('',#6364,0.000237004659018233);
#4296=CIRCLE('',#6366,0.00170802048361788);
#4297=CIRCLE('',#6367,0.00170802048361788);
#4298=CIRCLE('',#6369,0.0078805275681622);
#4299=CIRCLE('',#6370,0.0078805275681622);
#4300=CIRCLE('',#6372,0.273065315666211);
#4301=CIRCLE('',#6373,0.273065315666211);
#4302=CIRCLE('',#6375,0.273065315666211);
#4303=CIRCLE('',#6376,0.273065315666211);
#4304=CIRCLE('',#6378,0.00788052756816218);
#4305=CIRCLE('',#6379,0.00788052756816218);
#4306=CIRCLE('',#6381,0.0017080204836179);
#4307=CIRCLE('',#6382,0.0017080204836179);
#4308=CIRCLE('',#6384,0.000237004659018228);
#4309=CIRCLE('',#6385,0.000237004659018228);
#4310=CIRCLE('',#6387,0.000316831892051667);
#4311=CIRCLE('',#6388,0.000316831892051667);
#4312=CIRCLE('',#6390,0.00035588407561915);
#4313=CIRCLE('',#6391,0.00035588407561915);
#4314=CIRCLE('',#6393,0.000357041718859685);
#4315=CIRCLE('',#6394,0.000357041718859685);
#4316=CIRCLE('',#6396,0.000321067545040852);
#4317=CIRCLE('',#6397,0.000321067545040852);
#4318=CIRCLE('',#6399,0.000357041718859685);
#4319=CIRCLE('',#6400,0.000357041718859685);
#4320=CIRCLE('',#6402,0.000355884075619147);
#4321=CIRCLE('',#6403,0.000355884075619147);
#4322=CIRCLE('',#6405,0.000316831892051665);
#4323=CIRCLE('',#6406,0.000316831892051665);
#4324=CIRCLE('',#6408,0.000237004659018225);
#4325=CIRCLE('',#6409,0.000237004659018225);
#4326=CIRCLE('',#6411,0.00170802048361778);
#4327=CIRCLE('',#6412,0.00170802048361778);
#4328=CIRCLE('',#6414,0.00788052756816295);
#4329=CIRCLE('',#6415,0.00788052756816295);
#4330=CIRCLE('',#6417,0.273065315666087);
#4331=CIRCLE('',#6418,0.273065315666087);
#4332=CIRCLE('',#6420,0.273065315666023);
#4333=CIRCLE('',#6421,0.273065315666023);
#4334=CIRCLE('',#6423,0.00788052756816294);
#4335=CIRCLE('',#6424,0.00788052756816294);
#4336=CIRCLE('',#6426,0.00170802048361771);
#4337=CIRCLE('',#6427,0.00170802048361771);
#4338=CIRCLE('',#6429,0.00023700465901822);
#4339=CIRCLE('',#6430,0.00023700465901822);
#4340=CIRCLE('',#6432,0.000325776975196466);
#4341=CIRCLE('',#6433,0.000325776975196466);
#4342=CIRCLE('',#6435,0.000344130733408472);
#4343=CIRCLE('',#6436,0.000344130733408472);
#4344=CIRCLE('',#6438,0.000347917000941702);
#4345=CIRCLE('',#6439,0.000347917000941702);
#4346=EDGE_LOOP('',(#614,#615,#616,#617));
#4347=EDGE_LOOP('',(#618,#619,#620,#621));
#4348=EDGE_LOOP('',(#622,#623,#624,#625));
#4349=EDGE_LOOP('',(#626,#627,#628,#629));
#4350=EDGE_LOOP('',(#630,#631,#632,#633));
#4351=EDGE_LOOP('',(#634,#635,#636,#637));
#4352=EDGE_LOOP('',(#638,#639,#640,#641));
#4353=EDGE_LOOP('',(#642,#643,#644,#645));
#4354=EDGE_LOOP('',(#646,#647,#648,#649));
#4355=EDGE_LOOP('',(#650,#651,#652,#653));
#4356=EDGE_LOOP('',(#654,#655,#656,#657));
#4357=EDGE_LOOP('',(#658,#659,#660,#661));
#4358=EDGE_LOOP('',(#662,#663,#664,#665));
#4359=EDGE_LOOP('',(#666,#667,#668,#669));
#4360=EDGE_LOOP('',(#670,#671,#672,#673));
#4361=EDGE_LOOP('',(#674,#675,#676,#677));
#4362=EDGE_LOOP('',(#678,#679,#680,#681));
#4363=EDGE_LOOP('',(#682,#683,#684,#685));
#4364=EDGE_LOOP('',(#686,#687,#688,#689));
#4365=EDGE_LOOP('',(#690,#691,#692,#693));
#4366=EDGE_LOOP('',(#694,#695,#696,#697));
#4367=EDGE_LOOP('',(#698,#699,#700,#701));
#4368=EDGE_LOOP('',(#702,#703,#704,#705));
#4369=EDGE_LOOP('',(#706,#707,#708,#709));
#4370=EDGE_LOOP('',(#710,#711,#712,#713));
#4371=EDGE_LOOP('',(#714,#715,#716,#717));
#4372=EDGE_LOOP('',(#718,#719,#720,#721));
#4373=EDGE_LOOP('',(#722,#723,#724,#725));
#4374=EDGE_LOOP('',(#726,#727,#728,#729));
#4375=EDGE_LOOP('',(#730,#731,#732,#733));
#4376=EDGE_LOOP('',(#734,#735,#736,#737));
#4377=EDGE_LOOP('',(#738,#739,#740,#741));
#4378=EDGE_LOOP('',(#742,#743,#744,#745));
#4379=EDGE_LOOP('',(#746,#747,#748,#749));
#4380=EDGE_LOOP('',(#750,#751,#752,#753));
#4381=EDGE_LOOP('',(#754,#755,#756,#757));
#4382=EDGE_LOOP('',(#758,#759,#760,#761));
#4383=EDGE_LOOP('',(#762,#763,#764,#765));
#4384=EDGE_LOOP('',(#766,#767,#768,#769));
#4385=EDGE_LOOP('',(#770,#771,#772,#773));
#4386=EDGE_LOOP('',(#774,#775,#776,#777));
#4387=EDGE_LOOP('',(#778,#779,#780,#781));
#4388=EDGE_LOOP('',(#782,#783,#784,#785));
#4389=EDGE_LOOP('',(#786,#787,#788,#789));
#4390=EDGE_LOOP('',(#790,#791,#792,#793));
#4391=EDGE_LOOP('',(#794,#795,#796,#797));
#4392=EDGE_LOOP('',(#798,#799,#800,#801));
#4393=EDGE_LOOP('',(#802,#803,#804,#805));
#4394=EDGE_LOOP('',(#806,#807,#808,#809));
#4395=EDGE_LOOP('',(#810,#811,#812,#813));
#4396=EDGE_LOOP('',(#814,#815,#816,#817));
#4397=EDGE_LOOP('',(#818,#819,#820,#821));
#4398=EDGE_LOOP('',(#822,#823,#824,#825));
#4399=EDGE_LOOP('',(#826,#827,#828,#829));
#4400=EDGE_LOOP('',(#830,#831,#832,#833));
#4401=EDGE_LOOP('',(#834,#835,#836,#837));
#4402=EDGE_LOOP('',(#838,#839,#840,#841));
#4403=EDGE_LOOP('',(#842,#843,#844,#845));
#4404=EDGE_LOOP('',(#846,#847,#848,#849));
#4405=EDGE_LOOP('',(#850,#851,#852,#853));
#4406=EDGE_LOOP('',(#854,#855,#856,#857));
#4407=EDGE_LOOP('',(#858,#859,#860,#861));
#4408=EDGE_LOOP('',(#862,#863,#864,#865));
#4409=EDGE_LOOP('',(#866,#867,#868,#869));
#4410=EDGE_LOOP('',(#870,#871,#872,#873));
#4411=EDGE_LOOP('',(#874,#875,#876,#877));
#4412=EDGE_LOOP('',(#878,#879,#880,#881));
#4413=EDGE_LOOP('',(#882,#883,#884,#885));
#4414=EDGE_LOOP('',(#886,#887,#888,#889));
#4415=EDGE_LOOP('',(#890,#891,#892,#893));
#4416=EDGE_LOOP('',(#894,#895,#896,#897));
#4417=EDGE_LOOP('',(#898,#899,#900,#901));
#4418=EDGE_LOOP('',(#902,#903,#904,#905));
#4419=EDGE_LOOP('',(#906,#907,#908,#909));
#4420=EDGE_LOOP('',(#910,#911,#912,#913));
#4421=EDGE_LOOP('',(#914,#915,#916,#917));
#4422=EDGE_LOOP('',(#918,#919,#920,#921));
#4423=EDGE_LOOP('',(#922,#923,#924,#925));
#4424=EDGE_LOOP('',(#926,#927,#928,#929));
#4425=EDGE_LOOP('',(#930,#931,#932,#933));
#4426=EDGE_LOOP('',(#934,#935,#936,#937));
#4427=EDGE_LOOP('',(#938,#939,#940,#941));
#4428=EDGE_LOOP('',(#942,#943,#944,#945));
#4429=EDGE_LOOP('',(#946,#947,#948,#949));
#4430=EDGE_LOOP('',(#950,#951,#952,#953));
#4431=EDGE_LOOP('',(#954,#955,#956,#957));
#4432=EDGE_LOOP('',(#958,#959,#960,#961));
#4433=EDGE_LOOP('',(#962,#963,#964,#965));
#4434=EDGE_LOOP('',(#966,#967,#968,#969));
#4435=EDGE_LOOP('',(#970,#971,#972,#973));
#4436=EDGE_LOOP('',(#974,#975,#976,#977));
#4437=EDGE_LOOP('',(#978,#979,#980,#981));
#4438=EDGE_LOOP('',(#982,#983,#984,#985));
#4439=EDGE_LOOP('',(#986,#987,#988,#989));
#4440=EDGE_LOOP('',(#990,#991,#992,#993));
#4441=EDGE_LOOP('',(#994,#995,#996,#997));
#4442=EDGE_LOOP('',(#998,#999,#1000,#1001));
#4443=EDGE_LOOP('',(#1002,#1003,#1004,#1005));
#4444=EDGE_LOOP('',(#1006,#1007,#1008,#1009));
#4445=EDGE_LOOP('',(#1010,#1011,#1012,#1013));
#4446=EDGE_LOOP('',(#1014,#1015,#1016,#1017));
#4447=EDGE_LOOP('',(#1018,#1019,#1020,#1021));
#4448=EDGE_LOOP('',(#1022,#1023,#1024,#1025));
#4449=EDGE_LOOP('',(#1026,#1027,#1028,#1029));
#4450=EDGE_LOOP('',(#1030,#1031,#1032,#1033));
#4451=EDGE_LOOP('',(#1034,#1035,#1036,#1037));
#4452=EDGE_LOOP('',(#1038,#1039,#1040,#1041));
#4453=EDGE_LOOP('',(#1042,#1043,#1044,#1045));
#4454=EDGE_LOOP('',(#1046,#1047,#1048,#1049));
#4455=EDGE_LOOP('',(#1050,#1051,#1052,#1053,#1054,#1055,#1056,#1057,#1058,
#1059,#1060,#1061,#1062,#1063,#1064,#1065,#1066,#1067,#1068,#1069,#1070,
#1071,#1072,#1073,#1074,#1075,#1076,#1077,#1078,#1079,#1080,#1081,#1082,
#1083,#1084,#1085,#1086,#1087,#1088,#1089,#1090,#1091,#1092,#1093,#1094,
#1095,#1096,#1097,#1098,#1099,#1100,#1101,#1102,#1103,#1104,#1105,#1106,
#1107,#1108,#1109,#1110,#1111,#1112,#1113,#1114,#1115,#1116,#1117,#1118,
#1119,#1120,#1121,#1122,#1123,#1124,#1125,#1126,#1127,#1128,#1129,#1130,
#1131,#1132,#1133,#1134,#1135,#1136,#1137,#1138,#1139,#1140,#1141,#1142,
#1143,#1144,#1145,#1146,#1147,#1148,#1149,#1150,#1151,#1152,#1153,#1154,
#1155,#1156,#1157,#1158));
#4456=EDGE_LOOP('',(#1159,#1160,#1161,#1162,#1163,#1164,#1165,#1166,#1167,
#1168,#1169,#1170,#1171,#1172,#1173,#1174,#1175,#1176,#1177,#1178,#1179,
#1180,#1181,#1182,#1183,#1184,#1185,#1186,#1187,#1188,#1189,#1190,#1191,
#1192,#1193,#1194,#1195,#1196,#1197,#1198,#1199,#1200,#1201,#1202,#1203,
#1204,#1205,#1206,#1207,#1208,#1209,#1210,#1211,#1212,#1213,#1214,#1215,
#1216,#1217,#1218,#1219,#1220,#1221,#1222,#1223,#1224,#1225,#1226,#1227,
#1228,#1229,#1230,#1231,#1232,#1233,#1234,#1235,#1236,#1237,#1238,#1239,
#1240,#1241,#1242,#1243,#1244,#1245,#1246,#1247,#1248,#1249,#1250,#1251,
#1252,#1253,#1254,#1255,#1256,#1257,#1258,#1259,#1260,#1261,#1262,#1263,
#1264,#1265,#1266,#1267));
#4457=EDGE_LOOP('',(#1268));
#4458=EDGE_LOOP('',(#1269,#1270,#1271,#1272));
#4459=EDGE_LOOP('',(#1273,#1274,#1275,#1276,#1277,#1278,#1279,#1280,#1281,
#1282,#1283,#1284,#1285,#1286,#1287,#1288,#1289,#1290,#1291,#1292,#1293,
#1294,#1295,#1296,#1297,#1298,#1299,#1300,#1301,#1302,#1303));
#4460=EDGE_LOOP('',(#1304,#1305,#1306,#1307,#1308,#1309,#1310,#1311,#1312,
#1313,#1314,#1315,#1316,#1317,#1318,#1319,#1320,#1321,#1322,#1323,#1324,
#1325,#1326,#1327,#1328,#1329,#1330,#1331,#1332,#1333,#1334,#1335,#1336,
#1337,#1338,#1339,#1340,#1341,#1342,#1343,#1344,#1345,#1346,#1347,#1348,
#1349,#1350,#1351,#1352,#1353,#1354,#1355,#1356,#1357,#1358,#1359,#1360,
#1361,#1362,#1363,#1364,#1365,#1366,#1367,#1368,#1369,#1370,#1371,#1372,
#1373,#1374,#1375,#1376,#1377,#1378,#1379,#1380,#1381,#1382,#1383,#1384,
#1385,#1386,#1387,#1388,#1389,#1390,#1391,#1392,#1393,#1394,#1395,#1396,
#1397,#1398,#1399,#1400,#1401,#1402,#1403,#1404,#1405,#1406,#1407,#1408,
#1409,#1410,#1411,#1412));
#4461=EDGE_LOOP('',(#1413));
#4462=EDGE_LOOP('',(#1414));
#4463=EDGE_LOOP('',(#1415,#1416,#1417,#1418,#1419,#1420));
#4464=EDGE_LOOP('',(#1421));
#4465=EDGE_LOOP('',(#1422));
#4466=EDGE_LOOP('',(#1423));
#4467=EDGE_LOOP('',(#1424));
#4468=EDGE_LOOP('',(#1425));
#4469=EDGE_LOOP('',(#1426,#1427,#1428,#1429));
#4470=EDGE_LOOP('',(#1430,#1431,#1432,#1433));
#4471=EDGE_LOOP('',(#1434,#1435,#1436,#1437));
#4472=EDGE_LOOP('',(#1438,#1439,#1440,#1441));
#4473=EDGE_LOOP('',(#1442,#1443,#1444,#1445));
#4474=EDGE_LOOP('',(#1446,#1447,#1448,#1449));
#4475=EDGE_LOOP('',(#1450,#1451,#1452,#1453));
#4476=EDGE_LOOP('',(#1454,#1455,#1456,#1457));
#4477=EDGE_LOOP('',(#1458,#1459,#1460,#1461));
#4478=EDGE_LOOP('',(#1462,#1463,#1464,#1465));
#4479=EDGE_LOOP('',(#1466,#1467,#1468,#1469));
#4480=EDGE_LOOP('',(#1470,#1471,#1472,#1473));
#4481=EDGE_LOOP('',(#1474,#1475,#1476,#1477));
#4482=EDGE_LOOP('',(#1478,#1479,#1480,#1481));
#4483=EDGE_LOOP('',(#1482,#1483,#1484,#1485));
#4484=EDGE_LOOP('',(#1486,#1487,#1488,#1489));
#4485=EDGE_LOOP('',(#1490,#1491,#1492,#1493));
#4486=EDGE_LOOP('',(#1494,#1495,#1496,#1497));
#4487=EDGE_LOOP('',(#1498,#1499,#1500,#1501));
#4488=EDGE_LOOP('',(#1502,#1503,#1504,#1505));
#4489=EDGE_LOOP('',(#1506,#1507,#1508,#1509));
#4490=EDGE_LOOP('',(#1510,#1511,#1512,#1513));
#4491=EDGE_LOOP('',(#1514,#1515,#1516,#1517));
#4492=EDGE_LOOP('',(#1518,#1519,#1520,#1521));
#4493=EDGE_LOOP('',(#1522,#1523,#1524,#1525));
#4494=EDGE_LOOP('',(#1526,#1527,#1528,#1529));
#4495=EDGE_LOOP('',(#1530,#1531,#1532,#1533));
#4496=EDGE_LOOP('',(#1534,#1535,#1536,#1537));
#4497=EDGE_LOOP('',(#1538,#1539,#1540,#1541));
#4498=EDGE_LOOP('',(#1542,#1543,#1544,#1545));
#4499=EDGE_LOOP('',(#1546,#1547,#1548,#1549));
#4500=EDGE_LOOP('',(#1550,#1551,#1552,#1553));
#4501=EDGE_LOOP('',(#1554,#1555,#1556,#1557));
#4502=EDGE_LOOP('',(#1558,#1559,#1560,#1561));
#4503=EDGE_LOOP('',(#1562,#1563,#1564,#1565));
#4504=EDGE_LOOP('',(#1566,#1567,#1568,#1569));
#4505=EDGE_LOOP('',(#1570,#1571,#1572,#1573));
#4506=EDGE_LOOP('',(#1574,#1575,#1576,#1577));
#4507=EDGE_LOOP('',(#1578,#1579,#1580,#1581));
#4508=EDGE_LOOP('',(#1582,#1583,#1584,#1585));
#4509=EDGE_LOOP('',(#1586,#1587,#1588,#1589));
#4510=EDGE_LOOP('',(#1590,#1591,#1592,#1593));
#4511=EDGE_LOOP('',(#1594,#1595,#1596,#1597));
#4512=EDGE_LOOP('',(#1598,#1599,#1600,#1601));
#4513=EDGE_LOOP('',(#1602,#1603,#1604,#1605));
#4514=EDGE_LOOP('',(#1606,#1607,#1608,#1609));
#4515=EDGE_LOOP('',(#1610,#1611,#1612,#1613));
#4516=EDGE_LOOP('',(#1614,#1615,#1616,#1617));
#4517=EDGE_LOOP('',(#1618,#1619,#1620,#1621));
#4518=EDGE_LOOP('',(#1622,#1623,#1624,#1625));
#4519=EDGE_LOOP('',(#1626,#1627,#1628,#1629));
#4520=EDGE_LOOP('',(#1630,#1631,#1632,#1633));
#4521=EDGE_LOOP('',(#1634,#1635,#1636,#1637));
#4522=EDGE_LOOP('',(#1638,#1639,#1640,#1641));
#4523=EDGE_LOOP('',(#1642,#1643,#1644,#1645));
#4524=EDGE_LOOP('',(#1646,#1647,#1648,#1649));
#4525=EDGE_LOOP('',(#1650,#1651,#1652,#1653));
#4526=EDGE_LOOP('',(#1654,#1655,#1656,#1657));
#4527=EDGE_LOOP('',(#1658,#1659,#1660,#1661));
#4528=EDGE_LOOP('',(#1662,#1663,#1664,#1665));
#4529=EDGE_LOOP('',(#1666,#1667,#1668,#1669));
#4530=EDGE_LOOP('',(#1670,#1671,#1672,#1673));
#4531=EDGE_LOOP('',(#1674,#1675,#1676,#1677));
#4532=EDGE_LOOP('',(#1678,#1679,#1680,#1681));
#4533=EDGE_LOOP('',(#1682,#1683,#1684,#1685));
#4534=EDGE_LOOP('',(#1686,#1687,#1688,#1689));
#4535=EDGE_LOOP('',(#1690,#1691,#1692,#1693));
#4536=EDGE_LOOP('',(#1694,#1695,#1696,#1697));
#4537=EDGE_LOOP('',(#1698,#1699,#1700,#1701));
#4538=EDGE_LOOP('',(#1702,#1703,#1704,#1705));
#4539=EDGE_LOOP('',(#1706,#1707,#1708,#1709));
#4540=EDGE_LOOP('',(#1710,#1711,#1712,#1713));
#4541=EDGE_LOOP('',(#1714,#1715,#1716,#1717));
#4542=EDGE_LOOP('',(#1718,#1719,#1720,#1721));
#4543=EDGE_LOOP('',(#1722,#1723,#1724,#1725));
#4544=EDGE_LOOP('',(#1726,#1727,#1728,#1729));
#4545=EDGE_LOOP('',(#1730,#1731,#1732,#1733));
#4546=EDGE_LOOP('',(#1734,#1735,#1736,#1737));
#4547=EDGE_LOOP('',(#1738,#1739,#1740,#1741));
#4548=EDGE_LOOP('',(#1742,#1743,#1744,#1745));
#4549=EDGE_LOOP('',(#1746,#1747,#1748,#1749));
#4550=EDGE_LOOP('',(#1750,#1751,#1752,#1753));
#4551=EDGE_LOOP('',(#1754,#1755,#1756,#1757));
#4552=EDGE_LOOP('',(#1758,#1759,#1760,#1761));
#4553=EDGE_LOOP('',(#1762,#1763,#1764,#1765));
#4554=EDGE_LOOP('',(#1766,#1767,#1768,#1769));
#4555=EDGE_LOOP('',(#1770,#1771,#1772,#1773));
#4556=EDGE_LOOP('',(#1774,#1775,#1776,#1777));
#4557=EDGE_LOOP('',(#1778,#1779,#1780,#1781));
#4558=EDGE_LOOP('',(#1782,#1783,#1784,#1785));
#4559=EDGE_LOOP('',(#1786,#1787,#1788,#1789));
#4560=EDGE_LOOP('',(#1790,#1791,#1792,#1793));
#4561=EDGE_LOOP('',(#1794,#1795,#1796,#1797));
#4562=EDGE_LOOP('',(#1798,#1799,#1800,#1801));
#4563=EDGE_LOOP('',(#1802,#1803,#1804,#1805));
#4564=EDGE_LOOP('',(#1806,#1807,#1808,#1809));
#4565=EDGE_LOOP('',(#1810,#1811,#1812,#1813));
#4566=EDGE_LOOP('',(#1814,#1815,#1816,#1817));
#4567=EDGE_LOOP('',(#1818,#1819,#1820,#1821));
#4568=EDGE_LOOP('',(#1822,#1823,#1824,#1825));
#4569=EDGE_LOOP('',(#1826,#1827,#1828,#1829));
#4570=EDGE_LOOP('',(#1830,#1831,#1832,#1833));
#4571=EDGE_LOOP('',(#1834,#1835,#1836,#1837));
#4572=EDGE_LOOP('',(#1838,#1839,#1840,#1841));
#4573=EDGE_LOOP('',(#1842,#1843,#1844,#1845));
#4574=EDGE_LOOP('',(#1846,#1847,#1848,#1849));
#4575=EDGE_LOOP('',(#1850,#1851,#1852,#1853));
#4576=EDGE_LOOP('',(#1854,#1855,#1856,#1857));
#4577=EDGE_LOOP('',(#1858,#1859,#1860,#1861));
#4578=EDGE_LOOP('',(#1862,#1863,#1864,#1865,#1866,#1867,#1868,#1869,#1870,
#1871,#1872,#1873,#1874,#1875,#1876,#1877,#1878,#1879,#1880,#1881,#1882,
#1883,#1884,#1885,#1886,#1887,#1888,#1889,#1890,#1891,#1892,#1893,#1894,
#1895,#1896,#1897,#1898,#1899,#1900,#1901,#1902,#1903,#1904,#1905,#1906,
#1907,#1908,#1909,#1910,#1911,#1912,#1913,#1914,#1915,#1916,#1917,#1918,
#1919,#1920,#1921,#1922,#1923,#1924,#1925,#1926,#1927,#1928,#1929,#1930,
#1931,#1932,#1933,#1934,#1935,#1936,#1937,#1938,#1939,#1940,#1941,#1942,
#1943,#1944,#1945,#1946,#1947,#1948,#1949,#1950,#1951,#1952,#1953,#1954,
#1955,#1956,#1957,#1958,#1959,#1960,#1961,#1962,#1963,#1964,#1965,#1966,
#1967,#1968,#1969,#1970));
#4579=EDGE_LOOP('',(#1971,#1972,#1973,#1974));
#4580=EDGE_LOOP('',(#1975,#1976,#1977,#1978));
#4581=EDGE_LOOP('',(#1979,#1980,#1981,#1982));
#4582=EDGE_LOOP('',(#1983,#1984,#1985,#1986));
#4583=EDGE_LOOP('',(#1987,#1988,#1989,#1990));
#4584=EDGE_LOOP('',(#1991,#1992,#1993,#1994));
#4585=EDGE_LOOP('',(#1995,#1996,#1997,#1998));
#4586=EDGE_LOOP('',(#1999,#2000,#2001,#2002));
#4587=EDGE_LOOP('',(#2003,#2004,#2005,#2006));
#4588=EDGE_LOOP('',(#2007,#2008,#2009,#2010));
#4589=EDGE_LOOP('',(#2011,#2012,#2013,#2014));
#4590=EDGE_LOOP('',(#2015,#2016,#2017,#2018));
#4591=EDGE_LOOP('',(#2019,#2020,#2021,#2022));
#4592=EDGE_LOOP('',(#2023,#2024,#2025,#2026));
#4593=EDGE_LOOP('',(#2027,#2028,#2029,#2030));
#4594=EDGE_LOOP('',(#2031,#2032,#2033,#2034));
#4595=EDGE_LOOP('',(#2035,#2036,#2037,#2038));
#4596=EDGE_LOOP('',(#2039,#2040,#2041,#2042));
#4597=EDGE_LOOP('',(#2043,#2044,#2045,#2046));
#4598=EDGE_LOOP('',(#2047,#2048,#2049,#2050));
#4599=EDGE_LOOP('',(#2051,#2052,#2053,#2054));
#4600=EDGE_LOOP('',(#2055,#2056,#2057,#2058));
#4601=EDGE_LOOP('',(#2059,#2060,#2061,#2062));
#4602=EDGE_LOOP('',(#2063,#2064,#2065,#2066));
#4603=EDGE_LOOP('',(#2067,#2068,#2069,#2070));
#4604=EDGE_LOOP('',(#2071,#2072,#2073,#2074));
#4605=EDGE_LOOP('',(#2075,#2076,#2077,#2078));
#4606=EDGE_LOOP('',(#2079,#2080,#2081,#2082));
#4607=EDGE_LOOP('',(#2083,#2084,#2085,#2086));
#4608=EDGE_LOOP('',(#2087,#2088,#2089,#2090));
#4609=EDGE_LOOP('',(#2091,#2092,#2093,#2094));
#4610=EDGE_LOOP('',(#2095,#2096,#2097,#2098,#2099,#2100,#2101,#2102,#2103,
#2104,#2105,#2106,#2107,#2108,#2109,#2110,#2111,#2112,#2113,#2114,#2115,
#2116,#2117,#2118,#2119,#2120,#2121,#2122,#2123,#2124,#2125));
#4611=EDGE_LOOP('',(#2126,#2127,#2128,#2129));
#4612=EDGE_LOOP('',(#2130,#2131,#2132,#2133));
#4613=EDGE_LOOP('',(#2134,#2135,#2136,#2137));
#4614=EDGE_LOOP('',(#2138,#2139,#2140,#2141,#2142,#2143));
#4615=EDGE_LOOP('',(#2144,#2145,#2146,#2147));
#4616=EDGE_LOOP('',(#2148,#2149,#2150,#2151));
#4617=EDGE_LOOP('',(#2152,#2153,#2154,#2155));
#4618=EDGE_LOOP('',(#2156,#2157,#2158,#2159));
#4619=EDGE_LOOP('',(#2160,#2161,#2162,#2163));
#4620=EDGE_LOOP('',(#2164,#2165,#2166,#2167));
#4621=EDGE_LOOP('',(#2168,#2169,#2170,#2171));
#4622=EDGE_LOOP('',(#2172,#2173,#2174,#2175));
#4623=EDGE_LOOP('',(#2176,#2177,#2178,#2179));
#4624=EDGE_LOOP('',(#2180,#2181,#2182,#2183));
#4625=EDGE_LOOP('',(#2184,#2185,#2186,#2187));
#4626=EDGE_LOOP('',(#2188,#2189,#2190,#2191));
#4627=EDGE_LOOP('',(#2192,#2193,#2194,#2195));
#4628=EDGE_LOOP('',(#2196,#2197,#2198,#2199));
#4629=EDGE_LOOP('',(#2200,#2201,#2202,#2203));
#4630=EDGE_LOOP('',(#2204,#2205,#2206,#2207));
#4631=EDGE_LOOP('',(#2208,#2209,#2210,#2211));
#4632=EDGE_LOOP('',(#2212,#2213,#2214,#2215));
#4633=EDGE_LOOP('',(#2216,#2217,#2218,#2219));
#4634=EDGE_LOOP('',(#2220,#2221,#2222,#2223));
#4635=EDGE_LOOP('',(#2224,#2225,#2226,#2227));
#4636=EDGE_LOOP('',(#2228,#2229,#2230,#2231));
#4637=EDGE_LOOP('',(#2232,#2233,#2234,#2235));
#4638=EDGE_LOOP('',(#2236,#2237,#2238,#2239));
#4639=EDGE_LOOP('',(#2240,#2241,#2242,#2243));
#4640=EDGE_LOOP('',(#2244,#2245,#2246,#2247));
#4641=EDGE_LOOP('',(#2248,#2249,#2250,#2251));
#4642=EDGE_LOOP('',(#2252,#2253,#2254,#2255));
#4643=EDGE_LOOP('',(#2256,#2257,#2258,#2259));
#4644=EDGE_LOOP('',(#2260,#2261,#2262,#2263));
#4645=EDGE_LOOP('',(#2264,#2265,#2266,#2267));
#4646=EDGE_LOOP('',(#2268,#2269,#2270,#2271));
#4647=EDGE_LOOP('',(#2272,#2273,#2274,#2275));
#4648=EDGE_LOOP('',(#2276,#2277,#2278,#2279,#2280,#2281,#2282,#2283,#2284,
#2285,#2286,#2287,#2288,#2289,#2290,#2291,#2292,#2293,#2294,#2295,#2296,
#2297,#2298,#2299,#2300,#2301,#2302,#2303,#2304,#2305,#2306));
#4649=EDGE_LOOP('',(#2307,#2308,#2309,#2310,#2311,#2312,#2313,#2314,#2315,
#2316,#2317,#2318,#2319,#2320,#2321,#2322,#2323,#2324,#2325,#2326,#2327,
#2328,#2329,#2330,#2331,#2332,#2333,#2334,#2335,#2336,#2337));
#4650=FACE_BOUND('',#4346,.T.);
#4651=FACE_BOUND('',#4347,.T.);
#4652=FACE_BOUND('',#4348,.T.);
#4653=FACE_BOUND('',#4349,.T.);
#4654=FACE_BOUND('',#4350,.T.);
#4655=FACE_BOUND('',#4351,.T.);
#4656=FACE_BOUND('',#4352,.T.);
#4657=FACE_BOUND('',#4353,.T.);
#4658=FACE_BOUND('',#4354,.T.);
#4659=FACE_BOUND('',#4355,.T.);
#4660=FACE_BOUND('',#4356,.T.);
#4661=FACE_BOUND('',#4357,.T.);
#4662=FACE_BOUND('',#4358,.T.);
#4663=FACE_BOUND('',#4359,.T.);
#4664=FACE_BOUND('',#4360,.T.);
#4665=FACE_BOUND('',#4361,.T.);
#4666=FACE_BOUND('',#4362,.T.);
#4667=FACE_BOUND('',#4363,.T.);
#4668=FACE_BOUND('',#4364,.T.);
#4669=FACE_BOUND('',#4365,.T.);
#4670=FACE_BOUND('',#4366,.T.);
#4671=FACE_BOUND('',#4367,.T.);
#4672=FACE_BOUND('',#4368,.T.);
#4673=FACE_BOUND('',#4369,.T.);
#4674=FACE_BOUND('',#4370,.T.);
#4675=FACE_BOUND('',#4371,.T.);
#4676=FACE_BOUND('',#4372,.T.);
#4677=FACE_BOUND('',#4373,.T.);
#4678=FACE_BOUND('',#4374,.T.);
#4679=FACE_BOUND('',#4375,.T.);
#4680=FACE_BOUND('',#4376,.T.);
#4681=FACE_BOUND('',#4377,.T.);
#4682=FACE_BOUND('',#4378,.T.);
#4683=FACE_BOUND('',#4379,.T.);
#4684=FACE_BOUND('',#4380,.T.);
#4685=FACE_BOUND('',#4381,.T.);
#4686=FACE_BOUND('',#4382,.T.);
#4687=FACE_BOUND('',#4383,.T.);
#4688=FACE_BOUND('',#4384,.T.);
#4689=FACE_BOUND('',#4385,.T.);
#4690=FACE_BOUND('',#4386,.T.);
#4691=FACE_BOUND('',#4387,.T.);
#4692=FACE_BOUND('',#4388,.T.);
#4693=FACE_BOUND('',#4389,.T.);
#4694=FACE_BOUND('',#4390,.T.);
#4695=FACE_BOUND('',#4391,.T.);
#4696=FACE_BOUND('',#4392,.T.);
#4697=FACE_BOUND('',#4393,.T.);
#4698=FACE_BOUND('',#4394,.T.);
#4699=FACE_BOUND('',#4395,.T.);
#4700=FACE_BOUND('',#4396,.T.);
#4701=FACE_BOUND('',#4397,.T.);
#4702=FACE_BOUND('',#4398,.T.);
#4703=FACE_BOUND('',#4399,.T.);
#4704=FACE_BOUND('',#4400,.T.);
#4705=FACE_BOUND('',#4401,.T.);
#4706=FACE_BOUND('',#4402,.T.);
#4707=FACE_BOUND('',#4403,.T.);
#4708=FACE_BOUND('',#4404,.T.);
#4709=FACE_BOUND('',#4405,.T.);
#4710=FACE_BOUND('',#4406,.T.);
#4711=FACE_BOUND('',#4407,.T.);
#4712=FACE_BOUND('',#4408,.T.);
#4713=FACE_BOUND('',#4409,.T.);
#4714=FACE_BOUND('',#4410,.T.);
#4715=FACE_BOUND('',#4411,.T.);
#4716=FACE_BOUND('',#4412,.T.);
#4717=FACE_BOUND('',#4413,.T.);
#4718=FACE_BOUND('',#4414,.T.);
#4719=FACE_BOUND('',#4415,.T.);
#4720=FACE_BOUND('',#4416,.T.);
#4721=FACE_BOUND('',#4417,.T.);
#4722=FACE_BOUND('',#4418,.T.);
#4723=FACE_BOUND('',#4419,.T.);
#4724=FACE_BOUND('',#4420,.T.);
#4725=FACE_BOUND('',#4421,.T.);
#4726=FACE_BOUND('',#4422,.T.);
#4727=FACE_BOUND('',#4423,.T.);
#4728=FACE_BOUND('',#4424,.T.);
#4729=FACE_BOUND('',#4425,.T.);
#4730=FACE_BOUND('',#4426,.T.);
#4731=FACE_BOUND('',#4427,.T.);
#4732=FACE_BOUND('',#4428,.T.);
#4733=FACE_BOUND('',#4429,.T.);
#4734=FACE_BOUND('',#4430,.T.);
#4735=FACE_BOUND('',#4431,.T.);
#4736=FACE_BOUND('',#4432,.T.);
#4737=FACE_BOUND('',#4433,.T.);
#4738=FACE_BOUND('',#4434,.T.);
#4739=FACE_BOUND('',#4435,.T.);
#4740=FACE_BOUND('',#4436,.T.);
#4741=FACE_BOUND('',#4437,.T.);
#4742=FACE_BOUND('',#4438,.T.);
#4743=FACE_BOUND('',#4439,.T.);
#4744=FACE_BOUND('',#4440,.T.);
#4745=FACE_BOUND('',#4441,.T.);
#4746=FACE_BOUND('',#4442,.T.);
#4747=FACE_BOUND('',#4443,.T.);
#4748=FACE_BOUND('',#4444,.T.);
#4749=FACE_BOUND('',#4445,.T.);
#4750=FACE_BOUND('',#4446,.T.);
#4751=FACE_BOUND('',#4447,.T.);
#4752=FACE_BOUND('',#4448,.T.);
#4753=FACE_BOUND('',#4449,.T.);
#4754=FACE_BOUND('',#4450,.T.);
#4755=FACE_BOUND('',#4451,.T.);
#4756=FACE_BOUND('',#4452,.T.);
#4757=FACE_BOUND('',#4453,.T.);
#4758=FACE_BOUND('',#4454,.T.);
#4759=FACE_BOUND('',#4455,.T.);
#4760=FACE_BOUND('',#4456,.T.);
#4761=FACE_BOUND('',#4457,.T.);
#4762=FACE_BOUND('',#4458,.T.);
#4763=FACE_BOUND('',#4459,.T.);
#4764=FACE_BOUND('',#4460,.T.);
#4765=FACE_BOUND('',#4461,.T.);
#4766=FACE_BOUND('',#4462,.T.);
#4767=FACE_BOUND('',#4463,.T.);
#4768=FACE_BOUND('',#4464,.T.);
#4769=FACE_BOUND('',#4465,.T.);
#4770=FACE_BOUND('',#4466,.T.);
#4771=FACE_BOUND('',#4467,.T.);
#4772=FACE_BOUND('',#4468,.T.);
#4773=FACE_BOUND('',#4469,.T.);
#4774=FACE_BOUND('',#4470,.T.);
#4775=FACE_BOUND('',#4471,.T.);
#4776=FACE_BOUND('',#4472,.T.);
#4777=FACE_BOUND('',#4473,.T.);
#4778=FACE_BOUND('',#4474,.T.);
#4779=FACE_BOUND('',#4475,.T.);
#4780=FACE_BOUND('',#4476,.T.);
#4781=FACE_BOUND('',#4477,.T.);
#4782=FACE_BOUND('',#4478,.T.);
#4783=FACE_BOUND('',#4479,.T.);
#4784=FACE_BOUND('',#4480,.T.);
#4785=FACE_BOUND('',#4481,.T.);
#4786=FACE_BOUND('',#4482,.T.);
#4787=FACE_BOUND('',#4483,.T.);
#4788=FACE_BOUND('',#4484,.T.);
#4789=FACE_BOUND('',#4485,.T.);
#4790=FACE_BOUND('',#4486,.T.);
#4791=FACE_BOUND('',#4487,.T.);
#4792=FACE_BOUND('',#4488,.T.);
#4793=FACE_BOUND('',#4489,.T.);
#4794=FACE_BOUND('',#4490,.T.);
#4795=FACE_BOUND('',#4491,.T.);
#4796=FACE_BOUND('',#4492,.T.);
#4797=FACE_BOUND('',#4493,.T.);
#4798=FACE_BOUND('',#4494,.T.);
#4799=FACE_BOUND('',#4495,.T.);
#4800=FACE_BOUND('',#4496,.T.);
#4801=FACE_BOUND('',#4497,.T.);
#4802=FACE_BOUND('',#4498,.T.);
#4803=FACE_BOUND('',#4499,.T.);
#4804=FACE_BOUND('',#4500,.T.);
#4805=FACE_BOUND('',#4501,.T.);
#4806=FACE_BOUND('',#4502,.T.);
#4807=FACE_BOUND('',#4503,.T.);
#4808=FACE_BOUND('',#4504,.T.);
#4809=FACE_BOUND('',#4505,.T.);
#4810=FACE_BOUND('',#4506,.T.);
#4811=FACE_BOUND('',#4507,.T.);
#4812=FACE_BOUND('',#4508,.T.);
#4813=FACE_BOUND('',#4509,.T.);
#4814=FACE_BOUND('',#4510,.T.);
#4815=FACE_BOUND('',#4511,.T.);
#4816=FACE_BOUND('',#4512,.T.);
#4817=FACE_BOUND('',#4513,.T.);
#4818=FACE_BOUND('',#4514,.T.);
#4819=FACE_BOUND('',#4515,.T.);
#4820=FACE_BOUND('',#4516,.T.);
#4821=FACE_BOUND('',#4517,.T.);
#4822=FACE_BOUND('',#4518,.T.);
#4823=FACE_BOUND('',#4519,.T.);
#4824=FACE_BOUND('',#4520,.T.);
#4825=FACE_BOUND('',#4521,.T.);
#4826=FACE_BOUND('',#4522,.T.);
#4827=FACE_BOUND('',#4523,.T.);
#4828=FACE_BOUND('',#4524,.T.);
#4829=FACE_BOUND('',#4525,.T.);
#4830=FACE_BOUND('',#4526,.T.);
#4831=FACE_BOUND('',#4527,.T.);
#4832=FACE_BOUND('',#4528,.T.);
#4833=FACE_BOUND('',#4529,.T.);
#4834=FACE_BOUND('',#4530,.T.);
#4835=FACE_BOUND('',#4531,.T.);
#4836=FACE_BOUND('',#4532,.T.);
#4837=FACE_BOUND('',#4533,.T.);
#4838=FACE_BOUND('',#4534,.T.);
#4839=FACE_BOUND('',#4535,.T.);
#4840=FACE_BOUND('',#4536,.T.);
#4841=FACE_BOUND('',#4537,.T.);
#4842=FACE_BOUND('',#4538,.T.);
#4843=FACE_BOUND('',#4539,.T.);
#4844=FACE_BOUND('',#4540,.T.);
#4845=FACE_BOUND('',#4541,.T.);
#4846=FACE_BOUND('',#4542,.T.);
#4847=FACE_BOUND('',#4543,.T.);
#4848=FACE_BOUND('',#4544,.T.);
#4849=FACE_BOUND('',#4545,.T.);
#4850=FACE_BOUND('',#4546,.T.);
#4851=FACE_BOUND('',#4547,.T.);
#4852=FACE_BOUND('',#4548,.T.);
#4853=FACE_BOUND('',#4549,.T.);
#4854=FACE_BOUND('',#4550,.T.);
#4855=FACE_BOUND('',#4551,.T.);
#4856=FACE_BOUND('',#4552,.T.);
#4857=FACE_BOUND('',#4553,.T.);
#4858=FACE_BOUND('',#4554,.T.);
#4859=FACE_BOUND('',#4555,.T.);
#4860=FACE_BOUND('',#4556,.T.);
#4861=FACE_BOUND('',#4557,.T.);
#4862=FACE_BOUND('',#4558,.T.);
#4863=FACE_BOUND('',#4559,.T.);
#4864=FACE_BOUND('',#4560,.T.);
#4865=FACE_BOUND('',#4561,.T.);
#4866=FACE_BOUND('',#4562,.T.);
#4867=FACE_BOUND('',#4563,.T.);
#4868=FACE_BOUND('',#4564,.T.);
#4869=FACE_BOUND('',#4565,.T.);
#4870=FACE_BOUND('',#4566,.T.);
#4871=FACE_BOUND('',#4567,.T.);
#4872=FACE_BOUND('',#4568,.T.);
#4873=FACE_BOUND('',#4569,.T.);
#4874=FACE_BOUND('',#4570,.T.);
#4875=FACE_BOUND('',#4571,.T.);
#4876=FACE_BOUND('',#4572,.T.);
#4877=FACE_BOUND('',#4573,.T.);
#4878=FACE_BOUND('',#4574,.T.);
#4879=FACE_BOUND('',#4575,.T.);
#4880=FACE_BOUND('',#4576,.T.);
#4881=FACE_BOUND('',#4577,.T.);
#4882=FACE_BOUND('',#4578,.T.);
#4883=FACE_BOUND('',#4579,.T.);
#4884=FACE_BOUND('',#4580,.T.);
#4885=FACE_BOUND('',#4581,.T.);
#4886=FACE_BOUND('',#4582,.T.);
#4887=FACE_BOUND('',#4583,.T.);
#4888=FACE_BOUND('',#4584,.T.);
#4889=FACE_BOUND('',#4585,.T.);
#4890=FACE_BOUND('',#4586,.T.);
#4891=FACE_BOUND('',#4587,.T.);
#4892=FACE_BOUND('',#4588,.T.);
#4893=FACE_BOUND('',#4589,.T.);
#4894=FACE_BOUND('',#4590,.T.);
#4895=FACE_BOUND('',#4591,.T.);
#4896=FACE_BOUND('',#4592,.T.);
#4897=FACE_BOUND('',#4593,.T.);
#4898=FACE_BOUND('',#4594,.T.);
#4899=FACE_BOUND('',#4595,.T.);
#4900=FACE_BOUND('',#4596,.T.);
#4901=FACE_BOUND('',#4597,.T.);
#4902=FACE_BOUND('',#4598,.T.);
#4903=FACE_BOUND('',#4599,.T.);
#4904=FACE_BOUND('',#4600,.T.);
#4905=FACE_BOUND('',#4601,.T.);
#4906=FACE_BOUND('',#4602,.T.);
#4907=FACE_BOUND('',#4603,.T.);
#4908=FACE_BOUND('',#4604,.T.);
#4909=FACE_BOUND('',#4605,.T.);
#4910=FACE_BOUND('',#4606,.T.);
#4911=FACE_BOUND('',#4607,.T.);
#4912=FACE_BOUND('',#4608,.T.);
#4913=FACE_BOUND('',#4609,.T.);
#4914=FACE_BOUND('',#4610,.T.);
#4915=FACE_BOUND('',#4611,.T.);
#4916=FACE_BOUND('',#4612,.T.);
#4917=FACE_BOUND('',#4613,.T.);
#4918=FACE_BOUND('',#4614,.T.);
#4919=FACE_BOUND('',#4615,.T.);
#4920=FACE_BOUND('',#4616,.T.);
#4921=FACE_BOUND('',#4617,.T.);
#4922=FACE_BOUND('',#4618,.T.);
#4923=FACE_BOUND('',#4619,.T.);
#4924=FACE_BOUND('',#4620,.T.);
#4925=FACE_BOUND('',#4621,.T.);
#4926=FACE_BOUND('',#4622,.T.);
#4927=FACE_BOUND('',#4623,.T.);
#4928=FACE_BOUND('',#4624,.T.);
#4929=FACE_BOUND('',#4625,.T.);
#4930=FACE_BOUND('',#4626,.T.);
#4931=FACE_BOUND('',#4627,.T.);
#4932=FACE_BOUND('',#4628,.T.);
#4933=FACE_BOUND('',#4629,.T.);
#4934=FACE_BOUND('',#4630,.T.);
#4935=FACE_BOUND('',#4631,.T.);
#4936=FACE_BOUND('',#4632,.T.);
#4937=FACE_BOUND('',#4633,.T.);
#4938=FACE_BOUND('',#4634,.T.);
#4939=FACE_BOUND('',#4635,.T.);
#4940=FACE_BOUND('',#4636,.T.);
#4941=FACE_BOUND('',#4637,.T.);
#4942=FACE_BOUND('',#4638,.T.);
#4943=FACE_BOUND('',#4639,.T.);
#4944=FACE_BOUND('',#4640,.T.);
#4945=FACE_BOUND('',#4641,.T.);
#4946=FACE_BOUND('',#4642,.T.);
#4947=FACE_BOUND('',#4643,.T.);
#4948=FACE_BOUND('',#4644,.T.);
#4949=FACE_BOUND('',#4645,.T.);
#4950=FACE_BOUND('',#4646,.T.);
#4951=FACE_BOUND('',#4647,.T.);
#4952=FACE_BOUND('',#4648,.T.);
#4953=FACE_BOUND('',#4649,.T.);
#4954=CYLINDRICAL_SURFACE('',#5572,0.000342125461991413);
#4955=CYLINDRICAL_SURFACE('',#5575,0.000968288605936502);
#4956=CYLINDRICAL_SURFACE('',#5578,0.00304490904130091);
#4957=CYLINDRICAL_SURFACE('',#5581,0.00311986075558244);
#4958=CYLINDRICAL_SURFACE('',#5584,0.00149782160488049);
#4959=CYLINDRICAL_SURFACE('',#5587,0.00208666226271814);
#4960=CYLINDRICAL_SURFACE('',#5590,0.00197363850898305);
#4961=CYLINDRICAL_SURFACE('',#5593,0.00199983129447639);
#4962=CYLINDRICAL_SURFACE('',#5596,0.00220801233239794);
#4963=CYLINDRICAL_SURFACE('',#5599,0.000862510960101332);
#4964=CYLINDRICAL_SURFACE('',#5602,0.00560416317566235);
#4965=CYLINDRICAL_SURFACE('',#5605,0.00560161441775573);
#4966=CYLINDRICAL_SURFACE('',#5608,0.000866082266038076);
#4967=CYLINDRICAL_SURFACE('',#5611,0.00226408743525567);
#4968=CYLINDRICAL_SURFACE('',#5614,0.00204728170304103);
#4969=CYLINDRICAL_SURFACE('',#5617,0.00201090127521143);
#4970=CYLINDRICAL_SURFACE('',#5620,0.00208472169556795);
#4971=CYLINDRICAL_SURFACE('',#5623,0.00103295907110161);
#4972=CYLINDRICAL_SURFACE('',#5626,0.004655952673788);
#4973=CYLINDRICAL_SURFACE('',#5629,0.00103295907110156);
#4974=CYLINDRICAL_SURFACE('',#5632,0.00208472169556793);
#4975=CYLINDRICAL_SURFACE('',#5635,0.00201090127521135);
#4976=CYLINDRICAL_SURFACE('',#5638,0.00204728170304103);
#4977=CYLINDRICAL_SURFACE('',#5641,0.00226408743525572);
#4978=CYLINDRICAL_SURFACE('',#5644,0.000865089575541127);
#4979=CYLINDRICAL_SURFACE('',#5647,0.00561797508042012);
#4980=CYLINDRICAL_SURFACE('',#5650,0.00561797508042015);
#4981=CYLINDRICAL_SURFACE('',#5653,0.000865089575541125);
#4982=CYLINDRICAL_SURFACE('',#5656,0.00226408743525573);
#4983=CYLINDRICAL_SURFACE('',#5659,0.00204728170304103);
#4984=CYLINDRICAL_SURFACE('',#5662,0.00201090127521135);
#4985=CYLINDRICAL_SURFACE('',#5665,0.0020847216955679);
#4986=CYLINDRICAL_SURFACE('',#5668,0.00103295907110156);
#4987=CYLINDRICAL_SURFACE('',#5671,0.00465595267378853);
#4988=CYLINDRICAL_SURFACE('',#5674,0.00103295907110153);
#4989=CYLINDRICAL_SURFACE('',#5677,0.00208472169556792);
#4990=CYLINDRICAL_SURFACE('',#5680,0.00201090127521136);
#4991=CYLINDRICAL_SURFACE('',#5683,0.00204728170304103);
#4992=CYLINDRICAL_SURFACE('',#5686,0.00226408743525579);
#4993=CYLINDRICAL_SURFACE('',#5689,0.00120432980181039);
#4994=CYLINDRICAL_SURFACE('',#5692,0.00300994879305338);
#4995=CYLINDRICAL_SURFACE('',#5695,0.00306871750756793);
#4996=CYLINDRICAL_SURFACE('',#5698,0.00152426155017524);
#4997=CYLINDRICAL_SURFACE('',#5701,0.00197320814424599);
#4998=CYLINDRICAL_SURFACE('',#5704,0.0020395834309707);
#4999=CYLINDRICAL_SURFACE('',#5707,0.00204795202659113);
#5000=CYLINDRICAL_SURFACE('',#5710,0.00200933162576172);
#5001=CYLINDRICAL_SURFACE('',#5713,0.00303084218120748);
#5002=CYLINDRICAL_SURFACE('',#5716,0.000451104689694316);
#5003=CYLINDRICAL_SURFACE('',#5719,0.000172365308954084);
#5004=CYLINDRICAL_SURFACE('',#5722,9.78752485500989E-5);
#5005=CYLINDRICAL_SURFACE('',#5725,0.000212958500853482);
#5006=CYLINDRICAL_SURFACE('',#5728,7.76724055721606E-5);
#5007=CYLINDRICAL_SURFACE('',#5731,0.000263795785714536);
#5008=CYLINDRICAL_SURFACE('',#5734,0.00911976261226249);
#5009=CYLINDRICAL_SURFACE('',#5737,0.0108955055575058);
#5010=CYLINDRICAL_SURFACE('',#5740,0.00131469335565702);
#5011=CYLINDRICAL_SURFACE('',#5743,0.000510471753461396);
#5012=CYLINDRICAL_SURFACE('',#5746,0.000230460997767677);
#5013=CYLINDRICAL_SURFACE('',#5749,0.000407853043887947);
#5014=CYLINDRICAL_SURFACE('',#5752,0.00034383975578579);
#5015=CYLINDRICAL_SURFACE('',#5755,0.000412870526165453);
#5016=CYLINDRICAL_SURFACE('',#5758,0.000825689997503815);
#5017=CYLINDRICAL_SURFACE('',#5761,0.000874456902221947);
#5018=CYLINDRICAL_SURFACE('',#5764,0.00230329702279526);
#5019=CYLINDRICAL_SURFACE('',#5767,0.00230008472534681);
#5020=CYLINDRICAL_SURFACE('',#5770,0.000851578516045856);
#5021=CYLINDRICAL_SURFACE('',#5773,0.00140644172372487);
#5022=CYLINDRICAL_SURFACE('',#5776,0.00134717711320412);
#5023=CYLINDRICAL_SURFACE('',#5779,0.00137961094261657);
#5024=CYLINDRICAL_SURFACE('',#5782,0.00157128195595267);
#5025=CYLINDRICAL_SURFACE('',#5785,0.000800624061573571);
#5026=CYLINDRICAL_SURFACE('',#5788,0.00206256457657267);
#5027=CYLINDRICAL_SURFACE('',#5791,0.000800624061573567);
#5028=CYLINDRICAL_SURFACE('',#5794,0.00145557975341277);
#5029=CYLINDRICAL_SURFACE('',#5797,0.00131957520578846);
#5030=CYLINDRICAL_SURFACE('',#5800,0.00145557975341277);
#5031=CYLINDRICAL_SURFACE('',#5803,0.000800624061573575);
#5032=CYLINDRICAL_SURFACE('',#5806,0.00206256457657279);
#5033=CYLINDRICAL_SURFACE('',#5809,0.000800624061573571);
#5034=CYLINDRICAL_SURFACE('',#5812,0.00145557975341277);
#5035=CYLINDRICAL_SURFACE('',#5815,0.00131957520578845);
#5036=CYLINDRICAL_SURFACE('',#5818,0.00145557975341277);
#5037=CYLINDRICAL_SURFACE('',#5821,0.000800624061573569);
#5038=CYLINDRICAL_SURFACE('',#5824,0.00206256457657267);
#5039=CYLINDRICAL_SURFACE('',#5827,0.000800624061573571);
#5040=CYLINDRICAL_SURFACE('',#5830,0.00157128195595267);
#5041=CYLINDRICAL_SURFACE('',#5833,0.00137961094261662);
#5042=CYLINDRICAL_SURFACE('',#5836,0.00134717711320418);
#5043=CYLINDRICAL_SURFACE('',#5839,0.00140644172372487);
#5044=CYLINDRICAL_SURFACE('',#5842,0.000851578516045832);
#5045=CYLINDRICAL_SURFACE('',#5845,0.00230008472534664);
#5046=CYLINDRICAL_SURFACE('',#5848,0.00230329702279523);
#5047=CYLINDRICAL_SURFACE('',#5851,0.000874456902221943);
#5048=CYLINDRICAL_SURFACE('',#5854,0.000825689997503824);
#5049=CYLINDRICAL_SURFACE('',#5857,0.000412870526165436);
#5050=CYLINDRICAL_SURFACE('',#5860,0.000343839755785797);
#5051=CYLINDRICAL_SURFACE('',#5863,0.00040785304388796);
#5052=CYLINDRICAL_SURFACE('',#5866,0.000230460997767704);
#5053=CYLINDRICAL_SURFACE('',#5869,0.000510471753461396);
#5054=CYLINDRICAL_SURFACE('',#5872,0.00131469335565674);
#5055=CYLINDRICAL_SURFACE('',#5875,0.0108955055575058);
#5056=CYLINDRICAL_SURFACE('',#5878,0.0183199311029633);
#5057=CYLINDRICAL_SURFACE('',#5881,0.000744136368485795);
#5058=CYLINDRICAL_SURFACE('',#5884,0.000169704931911568);
#5059=CYLINDRICAL_SURFACE('',#5887,6.32080386960952E-5);
#5060=CYLINDRICAL_SURFACE('',#5890,0.00018503048508303);
#5061=CYLINDRICAL_SURFACE('',#5893,0.000110952484153404);
#5062=CYLINDRICAL_SURFACE('',#5896,0.000135570874988702);
#5063=CYLINDRICAL_SURFACE('',#5902,0.003675);
#5064=CYLINDRICAL_SURFACE('',#6052,0.0017);
#5065=CYLINDRICAL_SURFACE('',#6056,0.000342125461991413);
#5066=CYLINDRICAL_SURFACE('',#6058,0.000968288605936502);
#5067=CYLINDRICAL_SURFACE('',#6060,0.00304490904130091);
#5068=CYLINDRICAL_SURFACE('',#6062,0.00311986075558244);
#5069=CYLINDRICAL_SURFACE('',#6064,0.00149782160488049);
#5070=CYLINDRICAL_SURFACE('',#6066,0.00208666226271814);
#5071=CYLINDRICAL_SURFACE('',#6068,0.00197363850898305);
#5072=CYLINDRICAL_SURFACE('',#6070,0.00199983129447639);
#5073=CYLINDRICAL_SURFACE('',#6072,0.00220801233239794);
#5074=CYLINDRICAL_SURFACE('',#6074,0.000862510960101332);
#5075=CYLINDRICAL_SURFACE('',#6076,0.00560416317566235);
#5076=CYLINDRICAL_SURFACE('',#6078,0.00560161441775573);
#5077=CYLINDRICAL_SURFACE('',#6080,0.000866082266038076);
#5078=CYLINDRICAL_SURFACE('',#6082,0.00226408743525567);
#5079=CYLINDRICAL_SURFACE('',#6084,0.00204728170304103);
#5080=CYLINDRICAL_SURFACE('',#6086,0.00201090127521143);
#5081=CYLINDRICAL_SURFACE('',#6088,0.00208472169556795);
#5082=CYLINDRICAL_SURFACE('',#6090,0.00103295907110161);
#5083=CYLINDRICAL_SURFACE('',#6092,0.004655952673788);
#5084=CYLINDRICAL_SURFACE('',#6094,0.00103295907110156);
#5085=CYLINDRICAL_SURFACE('',#6096,0.00208472169556793);
#5086=CYLINDRICAL_SURFACE('',#6098,0.00201090127521135);
#5087=CYLINDRICAL_SURFACE('',#6100,0.00204728170304103);
#5088=CYLINDRICAL_SURFACE('',#6102,0.00226408743525572);
#5089=CYLINDRICAL_SURFACE('',#6104,0.000865089575541127);
#5090=CYLINDRICAL_SURFACE('',#6106,0.00561797508042012);
#5091=CYLINDRICAL_SURFACE('',#6108,0.00561797508042015);
#5092=CYLINDRICAL_SURFACE('',#6110,0.000865089575541125);
#5093=CYLINDRICAL_SURFACE('',#6112,0.00226408743525573);
#5094=CYLINDRICAL_SURFACE('',#6114,0.00204728170304103);
#5095=CYLINDRICAL_SURFACE('',#6116,0.00201090127521135);
#5096=CYLINDRICAL_SURFACE('',#6118,0.0020847216955679);
#5097=CYLINDRICAL_SURFACE('',#6120,0.00103295907110156);
#5098=CYLINDRICAL_SURFACE('',#6122,0.00465595267378853);
#5099=CYLINDRICAL_SURFACE('',#6124,0.00103295907110153);
#5100=CYLINDRICAL_SURFACE('',#6126,0.00208472169556792);
#5101=CYLINDRICAL_SURFACE('',#6128,0.00201090127521136);
#5102=CYLINDRICAL_SURFACE('',#6130,0.00204728170304103);
#5103=CYLINDRICAL_SURFACE('',#6132,0.00226408743525579);
#5104=CYLINDRICAL_SURFACE('',#6134,0.00120432980181039);
#5105=CYLINDRICAL_SURFACE('',#6136,0.00300994879305338);
#5106=CYLINDRICAL_SURFACE('',#6138,0.00306871750756793);
#5107=CYLINDRICAL_SURFACE('',#6140,0.00152426155017524);
#5108=CYLINDRICAL_SURFACE('',#6142,0.00197320814424599);
#5109=CYLINDRICAL_SURFACE('',#6144,0.0020395834309707);
#5110=CYLINDRICAL_SURFACE('',#6146,0.00204795202659113);
#5111=CYLINDRICAL_SURFACE('',#6148,0.00200933162576172);
#5112=CYLINDRICAL_SURFACE('',#6150,0.00303084218120748);
#5113=CYLINDRICAL_SURFACE('',#6152,0.000451104689694316);
#5114=CYLINDRICAL_SURFACE('',#6154,0.000172365308954084);
#5115=CYLINDRICAL_SURFACE('',#6156,9.78752485500989E-5);
#5116=CYLINDRICAL_SURFACE('',#6158,0.000212958500853482);
#5117=CYLINDRICAL_SURFACE('',#6160,7.76724055721606E-5);
#5118=CYLINDRICAL_SURFACE('',#6162,0.000263795785714536);
#5119=CYLINDRICAL_SURFACE('',#6164,0.00911976261226249);
#5120=CYLINDRICAL_SURFACE('',#6166,0.0108955055575058);
#5121=CYLINDRICAL_SURFACE('',#6168,0.00131469335565702);
#5122=CYLINDRICAL_SURFACE('',#6170,0.000510471753461396);
#5123=CYLINDRICAL_SURFACE('',#6172,0.000230460997767677);
#5124=CYLINDRICAL_SURFACE('',#6174,0.000407853043887947);
#5125=CYLINDRICAL_SURFACE('',#6176,0.00034383975578579);
#5126=CYLINDRICAL_SURFACE('',#6178,0.000412870526165453);
#5127=CYLINDRICAL_SURFACE('',#6180,0.000825689997503815);
#5128=CYLINDRICAL_SURFACE('',#6182,0.000874456902221947);
#5129=CYLINDRICAL_SURFACE('',#6184,0.00230329702279526);
#5130=CYLINDRICAL_SURFACE('',#6186,0.00230008472534681);
#5131=CYLINDRICAL_SURFACE('',#6188,0.000851578516045856);
#5132=CYLINDRICAL_SURFACE('',#6190,0.00140644172372487);
#5133=CYLINDRICAL_SURFACE('',#6192,0.00134717711320412);
#5134=CYLINDRICAL_SURFACE('',#6194,0.00137961094261657);
#5135=CYLINDRICAL_SURFACE('',#6196,0.00157128195595267);
#5136=CYLINDRICAL_SURFACE('',#6198,0.000800624061573571);
#5137=CYLINDRICAL_SURFACE('',#6200,0.00206256457657267);
#5138=CYLINDRICAL_SURFACE('',#6202,0.000800624061573567);
#5139=CYLINDRICAL_SURFACE('',#6204,0.00145557975341277);
#5140=CYLINDRICAL_SURFACE('',#6206,0.00131957520578846);
#5141=CYLINDRICAL_SURFACE('',#6208,0.00145557975341277);
#5142=CYLINDRICAL_SURFACE('',#6210,0.000800624061573575);
#5143=CYLINDRICAL_SURFACE('',#6212,0.00206256457657279);
#5144=CYLINDRICAL_SURFACE('',#6214,0.000800624061573571);
#5145=CYLINDRICAL_SURFACE('',#6216,0.00145557975341277);
#5146=CYLINDRICAL_SURFACE('',#6218,0.00131957520578845);
#5147=CYLINDRICAL_SURFACE('',#6220,0.00145557975341277);
#5148=CYLINDRICAL_SURFACE('',#6222,0.000800624061573569);
#5149=CYLINDRICAL_SURFACE('',#6224,0.00206256457657267);
#5150=CYLINDRICAL_SURFACE('',#6226,0.000800624061573571);
#5151=CYLINDRICAL_SURFACE('',#6228,0.00157128195595267);
#5152=CYLINDRICAL_SURFACE('',#6230,0.00137961094261662);
#5153=CYLINDRICAL_SURFACE('',#6232,0.00134717711320418);
#5154=CYLINDRICAL_SURFACE('',#6234,0.00140644172372487);
#5155=CYLINDRICAL_SURFACE('',#6236,0.000851578516045832);
#5156=CYLINDRICAL_SURFACE('',#6238,0.00230008472534664);
#5157=CYLINDRICAL_SURFACE('',#6240,0.00230329702279523);
#5158=CYLINDRICAL_SURFACE('',#6242,0.000874456902221943);
#5159=CYLINDRICAL_SURFACE('',#6244,0.000825689997503824);
#5160=CYLINDRICAL_SURFACE('',#6246,0.000412870526165436);
#5161=CYLINDRICAL_SURFACE('',#6248,0.000343839755785797);
#5162=CYLINDRICAL_SURFACE('',#6250,0.00040785304388796);
#5163=CYLINDRICAL_SURFACE('',#6252,0.000230460997767704);
#5164=CYLINDRICAL_SURFACE('',#6254,0.000510471753461396);
#5165=CYLINDRICAL_SURFACE('',#6256,0.00131469335565674);
#5166=CYLINDRICAL_SURFACE('',#6258,0.0108955055575058);
#5167=CYLINDRICAL_SURFACE('',#6260,0.0183199311029633);
#5168=CYLINDRICAL_SURFACE('',#6262,0.000744136368485795);
#5169=CYLINDRICAL_SURFACE('',#6264,0.000169704931911568);
#5170=CYLINDRICAL_SURFACE('',#6266,6.32080386960952E-5);
#5171=CYLINDRICAL_SURFACE('',#6268,0.00018503048508303);
#5172=CYLINDRICAL_SURFACE('',#6270,0.000110952484153404);
#5173=CYLINDRICAL_SURFACE('',#6272,0.000135570874988702);
#5174=CYLINDRICAL_SURFACE('',#6275,0.000338239120243181);
#5175=CYLINDRICAL_SURFACE('',#6277,0.000299833930866311);
#5176=CYLINDRICAL_SURFACE('',#6279,0.00036902446562994);
#5177=CYLINDRICAL_SURFACE('',#6281,0.000370444205440804);
#5178=CYLINDRICAL_SURFACE('',#6283,0.000305456318872667);
#5179=CYLINDRICAL_SURFACE('',#6285,0.000237004659018233);
#5180=CYLINDRICAL_SURFACE('',#6287,0.00170802048361788);
#5181=CYLINDRICAL_SURFACE('',#6289,0.0078805275681622);
#5182=CYLINDRICAL_SURFACE('',#6291,0.273065315666211);
#5183=CYLINDRICAL_SURFACE('',#6293,0.273065315666211);
#5184=CYLINDRICAL_SURFACE('',#6295,0.00788052756816218);
#5185=CYLINDRICAL_SURFACE('',#6297,0.0017080204836179);
#5186=CYLINDRICAL_SURFACE('',#6299,0.000237004659018228);
#5187=CYLINDRICAL_SURFACE('',#6301,0.000316831892051667);
#5188=CYLINDRICAL_SURFACE('',#6303,0.00035588407561915);
#5189=CYLINDRICAL_SURFACE('',#6305,0.000357041718859685);
#5190=CYLINDRICAL_SURFACE('',#6307,0.000321067545040852);
#5191=CYLINDRICAL_SURFACE('',#6309,0.000357041718859685);
#5192=CYLINDRICAL_SURFACE('',#6311,0.000355884075619147);
#5193=CYLINDRICAL_SURFACE('',#6313,0.000316831892051665);
#5194=CYLINDRICAL_SURFACE('',#6315,0.000237004659018225);
#5195=CYLINDRICAL_SURFACE('',#6317,0.00170802048361778);
#5196=CYLINDRICAL_SURFACE('',#6319,0.00788052756816295);
#5197=CYLINDRICAL_SURFACE('',#6321,0.273065315666087);
#5198=CYLINDRICAL_SURFACE('',#6323,0.273065315666023);
#5199=CYLINDRICAL_SURFACE('',#6325,0.00788052756816294);
#5200=CYLINDRICAL_SURFACE('',#6327,0.00170802048361771);
#5201=CYLINDRICAL_SURFACE('',#6329,0.00023700465901822);
#5202=CYLINDRICAL_SURFACE('',#6331,0.000325776975196466);
#5203=CYLINDRICAL_SURFACE('',#6333,0.000344130733408472);
#5204=CYLINDRICAL_SURFACE('',#6335,0.000347917000941702);
#5205=CYLINDRICAL_SURFACE('',#6344,0.00075);
#5206=CYLINDRICAL_SURFACE('',#6345,0.00075);
#5207=CYLINDRICAL_SURFACE('',#6347,0.000338239120243181);
#5208=CYLINDRICAL_SURFACE('',#6350,0.000299833930866311);
#5209=CYLINDRICAL_SURFACE('',#6353,0.00036902446562994);
#5210=CYLINDRICAL_SURFACE('',#6356,0.000370444205440804);
#5211=CYLINDRICAL_SURFACE('',#6359,0.000305456318872667);
#5212=CYLINDRICAL_SURFACE('',#6362,0.000237004659018233);
#5213=CYLINDRICAL_SURFACE('',#6365,0.00170802048361788);
#5214=CYLINDRICAL_SURFACE('',#6368,0.0078805275681622);
#5215=CYLINDRICAL_SURFACE('',#6371,0.273065315666211);
#5216=CYLINDRICAL_SURFACE('',#6374,0.273065315666211);
#5217=CYLINDRICAL_SURFACE('',#6377,0.00788052756816218);
#5218=CYLINDRICAL_SURFACE('',#6380,0.0017080204836179);
#5219=CYLINDRICAL_SURFACE('',#6383,0.000237004659018228);
#5220=CYLINDRICAL_SURFACE('',#6386,0.000316831892051667);
#5221=CYLINDRICAL_SURFACE('',#6389,0.00035588407561915);
#5222=CYLINDRICAL_SURFACE('',#6392,0.000357041718859685);
#5223=CYLINDRICAL_SURFACE('',#6395,0.000321067545040852);
#5224=CYLINDRICAL_SURFACE('',#6398,0.000357041718859685);
#5225=CYLINDRICAL_SURFACE('',#6401,0.000355884075619147);
#5226=CYLINDRICAL_SURFACE('',#6404,0.000316831892051665);
#5227=CYLINDRICAL_SURFACE('',#6407,0.000237004659018225);
#5228=CYLINDRICAL_SURFACE('',#6410,0.00170802048361778);
#5229=CYLINDRICAL_SURFACE('',#6413,0.00788052756816295);
#5230=CYLINDRICAL_SURFACE('',#6416,0.273065315666087);
#5231=CYLINDRICAL_SURFACE('',#6419,0.273065315666023);
#5232=CYLINDRICAL_SURFACE('',#6422,0.00788052756816294);
#5233=CYLINDRICAL_SURFACE('',#6425,0.00170802048361771);
#5234=CYLINDRICAL_SURFACE('',#6428,0.00023700465901822);
#5235=CYLINDRICAL_SURFACE('',#6431,0.000325776975196466);
#5236=CYLINDRICAL_SURFACE('',#6434,0.000344130733408472);
#5237=CYLINDRICAL_SURFACE('',#6437,0.000347917000941702);
#5238=ADVANCED_FACE('',(#4650),#4954,.T.);
#5239=ADVANCED_FACE('',(#4651),#4955,.T.);
#5240=ADVANCED_FACE('',(#4652),#4956,.T.);
#5241=ADVANCED_FACE('',(#4653),#4957,.T.);
#5242=ADVANCED_FACE('',(#4654),#4958,.T.);
#5243=ADVANCED_FACE('',(#4655),#4959,.T.);
#5244=ADVANCED_FACE('',(#4656),#4960,.T.);
#5245=ADVANCED_FACE('',(#4657),#4961,.T.);
#5246=ADVANCED_FACE('',(#4658),#4962,.T.);
#5247=ADVANCED_FACE('',(#4659),#4963,.T.);
#5248=ADVANCED_FACE('',(#4660),#4964,.T.);
#5249=ADVANCED_FACE('',(#4661),#4965,.T.);
#5250=ADVANCED_FACE('',(#4662),#4966,.T.);
#5251=ADVANCED_FACE('',(#4663),#4967,.T.);
#5252=ADVANCED_FACE('',(#4664),#4968,.T.);
#5253=ADVANCED_FACE('',(#4665),#4969,.T.);
#5254=ADVANCED_FACE('',(#4666),#4970,.T.);
#5255=ADVANCED_FACE('',(#4667),#4971,.T.);
#5256=ADVANCED_FACE('',(#4668),#4972,.T.);
#5257=ADVANCED_FACE('',(#4669),#4973,.T.);
#5258=ADVANCED_FACE('',(#4670),#4974,.T.);
#5259=ADVANCED_FACE('',(#4671),#4975,.T.);
#5260=ADVANCED_FACE('',(#4672),#4976,.T.);
#5261=ADVANCED_FACE('',(#4673),#4977,.T.);
#5262=ADVANCED_FACE('',(#4674),#4978,.T.);
#5263=ADVANCED_FACE('',(#4675),#4979,.T.);
#5264=ADVANCED_FACE('',(#4676),#4980,.T.);
#5265=ADVANCED_FACE('',(#4677),#4981,.T.);
#5266=ADVANCED_FACE('',(#4678),#4982,.T.);
#5267=ADVANCED_FACE('',(#4679),#4983,.T.);
#5268=ADVANCED_FACE('',(#4680),#4984,.T.);
#5269=ADVANCED_FACE('',(#4681),#4985,.T.);
#5270=ADVANCED_FACE('',(#4682),#4986,.T.);
#5271=ADVANCED_FACE('',(#4683),#4987,.T.);
#5272=ADVANCED_FACE('',(#4684),#4988,.T.);
#5273=ADVANCED_FACE('',(#4685),#4989,.T.);
#5274=ADVANCED_FACE('',(#4686),#4990,.T.);
#5275=ADVANCED_FACE('',(#4687),#4991,.T.);
#5276=ADVANCED_FACE('',(#4688),#4992,.T.);
#5277=ADVANCED_FACE('',(#4689),#4993,.T.);
#5278=ADVANCED_FACE('',(#4690),#4994,.T.);
#5279=ADVANCED_FACE('',(#4691),#4995,.T.);
#5280=ADVANCED_FACE('',(#4692),#4996,.T.);
#5281=ADVANCED_FACE('',(#4693),#4997,.T.);
#5282=ADVANCED_FACE('',(#4694),#4998,.T.);
#5283=ADVANCED_FACE('',(#4695),#4999,.T.);
#5284=ADVANCED_FACE('',(#4696),#5000,.T.);
#5285=ADVANCED_FACE('',(#4697),#5001,.T.);
#5286=ADVANCED_FACE('',(#4698),#5002,.T.);
#5287=ADVANCED_FACE('',(#4699),#5003,.T.);
#5288=ADVANCED_FACE('',(#4700),#5004,.T.);
#5289=ADVANCED_FACE('',(#4701),#5005,.T.);
#5290=ADVANCED_FACE('',(#4702),#5006,.T.);
#5291=ADVANCED_FACE('',(#4703),#5007,.T.);
#5292=ADVANCED_FACE('',(#4704),#5008,.T.);
#5293=ADVANCED_FACE('',(#4705),#5009,.T.);
#5294=ADVANCED_FACE('',(#4706),#5010,.T.);
#5295=ADVANCED_FACE('',(#4707),#5011,.T.);
#5296=ADVANCED_FACE('',(#4708),#5012,.T.);
#5297=ADVANCED_FACE('',(#4709),#5013,.T.);
#5298=ADVANCED_FACE('',(#4710),#5014,.T.);
#5299=ADVANCED_FACE('',(#4711),#5015,.T.);
#5300=ADVANCED_FACE('',(#4712),#5016,.T.);
#5301=ADVANCED_FACE('',(#4713),#5017,.F.);
#5302=ADVANCED_FACE('',(#4714),#5018,.F.);
#5303=ADVANCED_FACE('',(#4715),#5019,.F.);
#5304=ADVANCED_FACE('',(#4716),#5020,.F.);
#5305=ADVANCED_FACE('',(#4717),#5021,.F.);
#5306=ADVANCED_FACE('',(#4718),#5022,.F.);
#5307=ADVANCED_FACE('',(#4719),#5023,.F.);
#5308=ADVANCED_FACE('',(#4720),#5024,.F.);
#5309=ADVANCED_FACE('',(#4721),#5025,.F.);
#5310=ADVANCED_FACE('',(#4722),#5026,.F.);
#5311=ADVANCED_FACE('',(#4723),#5027,.F.);
#5312=ADVANCED_FACE('',(#4724),#5028,.F.);
#5313=ADVANCED_FACE('',(#4725),#5029,.F.);
#5314=ADVANCED_FACE('',(#4726),#5030,.F.);
#5315=ADVANCED_FACE('',(#4727),#5031,.F.);
#5316=ADVANCED_FACE('',(#4728),#5032,.F.);
#5317=ADVANCED_FACE('',(#4729),#5033,.F.);
#5318=ADVANCED_FACE('',(#4730),#5034,.F.);
#5319=ADVANCED_FACE('',(#4731),#5035,.F.);
#5320=ADVANCED_FACE('',(#4732),#5036,.F.);
#5321=ADVANCED_FACE('',(#4733),#5037,.F.);
#5322=ADVANCED_FACE('',(#4734),#5038,.F.);
#5323=ADVANCED_FACE('',(#4735),#5039,.F.);
#5324=ADVANCED_FACE('',(#4736),#5040,.F.);
#5325=ADVANCED_FACE('',(#4737),#5041,.F.);
#5326=ADVANCED_FACE('',(#4738),#5042,.F.);
#5327=ADVANCED_FACE('',(#4739),#5043,.F.);
#5328=ADVANCED_FACE('',(#4740),#5044,.F.);
#5329=ADVANCED_FACE('',(#4741),#5045,.F.);
#5330=ADVANCED_FACE('',(#4742),#5046,.F.);
#5331=ADVANCED_FACE('',(#4743),#5047,.F.);
#5332=ADVANCED_FACE('',(#4744),#5048,.T.);
#5333=ADVANCED_FACE('',(#4745),#5049,.T.);
#5334=ADVANCED_FACE('',(#4746),#5050,.T.);
#5335=ADVANCED_FACE('',(#4747),#5051,.T.);
#5336=ADVANCED_FACE('',(#4748),#5052,.T.);
#5337=ADVANCED_FACE('',(#4749),#5053,.T.);
#5338=ADVANCED_FACE('',(#4750),#5054,.T.);
#5339=ADVANCED_FACE('',(#4751),#5055,.T.);
#5340=ADVANCED_FACE('',(#4752),#5056,.T.);
#5341=ADVANCED_FACE('',(#4753),#5057,.T.);
#5342=ADVANCED_FACE('',(#4754),#5058,.T.);
#5343=ADVANCED_FACE('',(#4755),#5059,.T.);
#5344=ADVANCED_FACE('',(#4756),#5060,.T.);
#5345=ADVANCED_FACE('',(#4757),#5061,.T.);
#5346=ADVANCED_FACE('',(#4758),#5062,.T.);
#5347=ADVANCED_FACE('',(#4759),#17,.F.);
#5348=ADVANCED_FACE('',(#4760),#18,.T.);
#5349=ADVANCED_FACE('',(#4761,#4762),#5063,.T.);
#5350=ADVANCED_FACE('',(#4763,#4764,#4765),#19,.T.);
#5351=ADVANCED_FACE('',(#4766,#4767),#20,.F.);
#5352=ADVANCED_FACE('',(#4768,#4769),#5064,.F.);
#5353=ADVANCED_FACE('',(#4770),#21,.T.);
#5354=ADVANCED_FACE('',(#4771,#4772),#10,.T.);
#5355=ADVANCED_FACE('',(#4773),#5065,.F.);
#5356=ADVANCED_FACE('',(#4774),#5066,.F.);
#5357=ADVANCED_FACE('',(#4775),#5067,.F.);
#5358=ADVANCED_FACE('',(#4776),#5068,.F.);
#5359=ADVANCED_FACE('',(#4777),#5069,.F.);
#5360=ADVANCED_FACE('',(#4778),#5070,.F.);
#5361=ADVANCED_FACE('',(#4779),#5071,.F.);
#5362=ADVANCED_FACE('',(#4780),#5072,.F.);
#5363=ADVANCED_FACE('',(#4781),#5073,.F.);
#5364=ADVANCED_FACE('',(#4782),#5074,.F.);
#5365=ADVANCED_FACE('',(#4783),#5075,.F.);
#5366=ADVANCED_FACE('',(#4784),#5076,.F.);
#5367=ADVANCED_FACE('',(#4785),#5077,.F.);
#5368=ADVANCED_FACE('',(#4786),#5078,.F.);
#5369=ADVANCED_FACE('',(#4787),#5079,.F.);
#5370=ADVANCED_FACE('',(#4788),#5080,.F.);
#5371=ADVANCED_FACE('',(#4789),#5081,.F.);
#5372=ADVANCED_FACE('',(#4790),#5082,.F.);
#5373=ADVANCED_FACE('',(#4791),#5083,.F.);
#5374=ADVANCED_FACE('',(#4792),#5084,.F.);
#5375=ADVANCED_FACE('',(#4793),#5085,.F.);
#5376=ADVANCED_FACE('',(#4794),#5086,.F.);
#5377=ADVANCED_FACE('',(#4795),#5087,.F.);
#5378=ADVANCED_FACE('',(#4796),#5088,.F.);
#5379=ADVANCED_FACE('',(#4797),#5089,.F.);
#5380=ADVANCED_FACE('',(#4798),#5090,.F.);
#5381=ADVANCED_FACE('',(#4799),#5091,.F.);
#5382=ADVANCED_FACE('',(#4800),#5092,.F.);
#5383=ADVANCED_FACE('',(#4801),#5093,.F.);
#5384=ADVANCED_FACE('',(#4802),#5094,.F.);
#5385=ADVANCED_FACE('',(#4803),#5095,.F.);
#5386=ADVANCED_FACE('',(#4804),#5096,.F.);
#5387=ADVANCED_FACE('',(#4805),#5097,.F.);
#5388=ADVANCED_FACE('',(#4806),#5098,.F.);
#5389=ADVANCED_FACE('',(#4807),#5099,.F.);
#5390=ADVANCED_FACE('',(#4808),#5100,.F.);
#5391=ADVANCED_FACE('',(#4809),#5101,.F.);
#5392=ADVANCED_FACE('',(#4810),#5102,.F.);
#5393=ADVANCED_FACE('',(#4811),#5103,.F.);
#5394=ADVANCED_FACE('',(#4812),#5104,.F.);
#5395=ADVANCED_FACE('',(#4813),#5105,.F.);
#5396=ADVANCED_FACE('',(#4814),#5106,.F.);
#5397=ADVANCED_FACE('',(#4815),#5107,.F.);
#5398=ADVANCED_FACE('',(#4816),#5108,.F.);
#5399=ADVANCED_FACE('',(#4817),#5109,.F.);
#5400=ADVANCED_FACE('',(#4818),#5110,.F.);
#5401=ADVANCED_FACE('',(#4819),#5111,.F.);
#5402=ADVANCED_FACE('',(#4820),#5112,.F.);
#5403=ADVANCED_FACE('',(#4821),#5113,.F.);
#5404=ADVANCED_FACE('',(#4822),#5114,.F.);
#5405=ADVANCED_FACE('',(#4823),#5115,.F.);
#5406=ADVANCED_FACE('',(#4824),#5116,.F.);
#5407=ADVANCED_FACE('',(#4825),#5117,.F.);
#5408=ADVANCED_FACE('',(#4826),#5118,.F.);
#5409=ADVANCED_FACE('',(#4827),#5119,.F.);
#5410=ADVANCED_FACE('',(#4828),#5120,.F.);
#5411=ADVANCED_FACE('',(#4829),#5121,.F.);
#5412=ADVANCED_FACE('',(#4830),#5122,.F.);
#5413=ADVANCED_FACE('',(#4831),#5123,.F.);
#5414=ADVANCED_FACE('',(#4832),#5124,.F.);
#5415=ADVANCED_FACE('',(#4833),#5125,.F.);
#5416=ADVANCED_FACE('',(#4834),#5126,.F.);
#5417=ADVANCED_FACE('',(#4835),#5127,.F.);
#5418=ADVANCED_FACE('',(#4836),#5128,.T.);
#5419=ADVANCED_FACE('',(#4837),#5129,.T.);
#5420=ADVANCED_FACE('',(#4838),#5130,.T.);
#5421=ADVANCED_FACE('',(#4839),#5131,.T.);
#5422=ADVANCED_FACE('',(#4840),#5132,.T.);
#5423=ADVANCED_FACE('',(#4841),#5133,.T.);
#5424=ADVANCED_FACE('',(#4842),#5134,.T.);
#5425=ADVANCED_FACE('',(#4843),#5135,.T.);
#5426=ADVANCED_FACE('',(#4844),#5136,.T.);
#5427=ADVANCED_FACE('',(#4845),#5137,.T.);
#5428=ADVANCED_FACE('',(#4846),#5138,.T.);
#5429=ADVANCED_FACE('',(#4847),#5139,.T.);
#5430=ADVANCED_FACE('',(#4848),#5140,.T.);
#5431=ADVANCED_FACE('',(#4849),#5141,.T.);
#5432=ADVANCED_FACE('',(#4850),#5142,.T.);
#5433=ADVANCED_FACE('',(#4851),#5143,.T.);
#5434=ADVANCED_FACE('',(#4852),#5144,.T.);
#5435=ADVANCED_FACE('',(#4853),#5145,.T.);
#5436=ADVANCED_FACE('',(#4854),#5146,.T.);
#5437=ADVANCED_FACE('',(#4855),#5147,.T.);
#5438=ADVANCED_FACE('',(#4856),#5148,.T.);
#5439=ADVANCED_FACE('',(#4857),#5149,.T.);
#5440=ADVANCED_FACE('',(#4858),#5150,.T.);
#5441=ADVANCED_FACE('',(#4859),#5151,.T.);
#5442=ADVANCED_FACE('',(#4860),#5152,.T.);
#5443=ADVANCED_FACE('',(#4861),#5153,.T.);
#5444=ADVANCED_FACE('',(#4862),#5154,.T.);
#5445=ADVANCED_FACE('',(#4863),#5155,.T.);
#5446=ADVANCED_FACE('',(#4864),#5156,.T.);
#5447=ADVANCED_FACE('',(#4865),#5157,.T.);
#5448=ADVANCED_FACE('',(#4866),#5158,.T.);
#5449=ADVANCED_FACE('',(#4867),#5159,.F.);
#5450=ADVANCED_FACE('',(#4868),#5160,.F.);
#5451=ADVANCED_FACE('',(#4869),#5161,.F.);
#5452=ADVANCED_FACE('',(#4870),#5162,.F.);
#5453=ADVANCED_FACE('',(#4871),#5163,.F.);
#5454=ADVANCED_FACE('',(#4872),#5164,.F.);
#5455=ADVANCED_FACE('',(#4873),#5165,.F.);
#5456=ADVANCED_FACE('',(#4874),#5166,.F.);
#5457=ADVANCED_FACE('',(#4875),#5167,.F.);
#5458=ADVANCED_FACE('',(#4876),#5168,.F.);
#5459=ADVANCED_FACE('',(#4877),#5169,.F.);
#5460=ADVANCED_FACE('',(#4878),#5170,.F.);
#5461=ADVANCED_FACE('',(#4879),#5171,.F.);
#5462=ADVANCED_FACE('',(#4880),#5172,.F.);
#5463=ADVANCED_FACE('',(#4881),#5173,.F.);
#5464=ADVANCED_FACE('',(#4882),#22,.T.);
#5465=ADVANCED_FACE('',(#4883),#5174,.F.);
#5466=ADVANCED_FACE('',(#4884),#5175,.F.);
#5467=ADVANCED_FACE('',(#4885),#5176,.F.);
#5468=ADVANCED_FACE('',(#4886),#5177,.F.);
#5469=ADVANCED_FACE('',(#4887),#5178,.F.);
#5470=ADVANCED_FACE('',(#4888),#5179,.F.);
#5471=ADVANCED_FACE('',(#4889),#5180,.F.);
#5472=ADVANCED_FACE('',(#4890),#5181,.F.);
#5473=ADVANCED_FACE('',(#4891),#5182,.F.);
#5474=ADVANCED_FACE('',(#4892),#5183,.F.);
#5475=ADVANCED_FACE('',(#4893),#5184,.F.);
#5476=ADVANCED_FACE('',(#4894),#5185,.F.);
#5477=ADVANCED_FACE('',(#4895),#5186,.F.);
#5478=ADVANCED_FACE('',(#4896),#5187,.F.);
#5479=ADVANCED_FACE('',(#4897),#5188,.F.);
#5480=ADVANCED_FACE('',(#4898),#5189,.F.);
#5481=ADVANCED_FACE('',(#4899),#5190,.F.);
#5482=ADVANCED_FACE('',(#4900),#5191,.F.);
#5483=ADVANCED_FACE('',(#4901),#5192,.F.);
#5484=ADVANCED_FACE('',(#4902),#5193,.F.);
#5485=ADVANCED_FACE('',(#4903),#5194,.F.);
#5486=ADVANCED_FACE('',(#4904),#5195,.F.);
#5487=ADVANCED_FACE('',(#4905),#5196,.F.);
#5488=ADVANCED_FACE('',(#4906),#5197,.F.);
#5489=ADVANCED_FACE('',(#4907),#5198,.F.);
#5490=ADVANCED_FACE('',(#4908),#5199,.F.);
#5491=ADVANCED_FACE('',(#4909),#5200,.F.);
#5492=ADVANCED_FACE('',(#4910),#5201,.F.);
#5493=ADVANCED_FACE('',(#4911),#5202,.F.);
#5494=ADVANCED_FACE('',(#4912),#5203,.F.);
#5495=ADVANCED_FACE('',(#4913),#5204,.F.);
#5496=ADVANCED_FACE('',(#4914),#23,.T.);
#5497=ADVANCED_FACE('',(#4915),#24,.F.);
#5498=ADVANCED_FACE('',(#4916),#25,.F.);
#5499=ADVANCED_FACE('',(#4917),#26,.T.);
#5500=ADVANCED_FACE('',(#4918),#27,.T.);
#5501=ADVANCED_FACE('',(#4919),#5205,.T.);
#5502=ADVANCED_FACE('',(#4920),#5206,.T.);
#5503=ADVANCED_FACE('',(#4921),#5207,.T.);
#5504=ADVANCED_FACE('',(#4922),#5208,.T.);
#5505=ADVANCED_FACE('',(#4923),#5209,.T.);
#5506=ADVANCED_FACE('',(#4924),#5210,.T.);
#5507=ADVANCED_FACE('',(#4925),#5211,.T.);
#5508=ADVANCED_FACE('',(#4926),#5212,.T.);
#5509=ADVANCED_FACE('',(#4927),#5213,.T.);
#5510=ADVANCED_FACE('',(#4928),#5214,.T.);
#5511=ADVANCED_FACE('',(#4929),#5215,.T.);
#5512=ADVANCED_FACE('',(#4930),#5216,.T.);
#5513=ADVANCED_FACE('',(#4931),#5217,.T.);
#5514=ADVANCED_FACE('',(#4932),#5218,.T.);
#5515=ADVANCED_FACE('',(#4933),#5219,.T.);
#5516=ADVANCED_FACE('',(#4934),#5220,.T.);
#5517=ADVANCED_FACE('',(#4935),#5221,.T.);
#5518=ADVANCED_FACE('',(#4936),#5222,.T.);
#5519=ADVANCED_FACE('',(#4937),#5223,.T.);
#5520=ADVANCED_FACE('',(#4938),#5224,.T.);
#5521=ADVANCED_FACE('',(#4939),#5225,.T.);
#5522=ADVANCED_FACE('',(#4940),#5226,.T.);
#5523=ADVANCED_FACE('',(#4941),#5227,.T.);
#5524=ADVANCED_FACE('',(#4942),#5228,.T.);
#5525=ADVANCED_FACE('',(#4943),#5229,.T.);
#5526=ADVANCED_FACE('',(#4944),#5230,.T.);
#5527=ADVANCED_FACE('',(#4945),#5231,.T.);
#5528=ADVANCED_FACE('',(#4946),#5232,.T.);
#5529=ADVANCED_FACE('',(#4947),#5233,.T.);
#5530=ADVANCED_FACE('',(#4948),#5234,.T.);
#5531=ADVANCED_FACE('',(#4949),#5235,.T.);
#5532=ADVANCED_FACE('',(#4950),#5236,.T.);
#5533=ADVANCED_FACE('',(#4951),#5237,.T.);
#5534=ADVANCED_FACE('',(#4952),#28,.F.);
#5535=ADVANCED_FACE('',(#4953),#29,.T.);
#5536=CLOSED_SHELL('',(#5238,#5239,#5240,#5241,#5242,#5243,#5244,#5245,
#5246,#5247,#5248,#5249,#5250,#5251,#5252,#5253,#5254,#5255,#5256,#5257,
#5258,#5259,#5260,#5261,#5262,#5263,#5264,#5265,#5266,#5267,#5268,#5269,
#5270,#5271,#5272,#5273,#5274,#5275,#5276,#5277,#5278,#5279,#5280,#5281,
#5282,#5283,#5284,#5285,#5286,#5287,#5288,#5289,#5290,#5291,#5292,#5293,
#5294,#5295,#5296,#5297,#5298,#5299,#5300,#5301,#5302,#5303,#5304,#5305,
#5306,#5307,#5308,#5309,#5310,#5311,#5312,#5313,#5314,#5315,#5316,#5317,
#5318,#5319,#5320,#5321,#5322,#5323,#5324,#5325,#5326,#5327,#5328,#5329,
#5330,#5331,#5332,#5333,#5334,#5335,#5336,#5337,#5338,#5339,#5340,#5341,
#5342,#5343,#5344,#5345,#5346,#5347,#5348));
#5537=CLOSED_SHELL('',(#5349,#5350,#5351,#5352,#5353,#5354,#5355,#5356,
#5357,#5358,#5359,#5360,#5361,#5362,#5363,#5364,#5365,#5366,#5367,#5368,
#5369,#5370,#5371,#5372,#5373,#5374,#5375,#5376,#5377,#5378,#5379,#5380,
#5381,#5382,#5383,#5384,#5385,#5386,#5387,#5388,#5389,#5390,#5391,#5392,
#5393,#5394,#5395,#5396,#5397,#5398,#5399,#5400,#5401,#5402,#5403,#5404,
#5405,#5406,#5407,#5408,#5409,#5410,#5411,#5412,#5413,#5414,#5415,#5416,
#5417,#5418,#5419,#5420,#5421,#5422,#5423,#5424,#5425,#5426,#5427,#5428,
#5429,#5430,#5431,#5432,#5433,#5434,#5435,#5436,#5437,#5438,#5439,#5440,
#5441,#5442,#5443,#5444,#5445,#5446,#5447,#5448,#5449,#5450,#5451,#5452,
#5453,#5454,#5455,#5456,#5457,#5458,#5459,#5460,#5461,#5462,#5463,#5464,
#5465,#5466,#5467,#5468,#5469,#5470,#5471,#5472,#5473,#5474,#5475,#5476,
#5477,#5478,#5479,#5480,#5481,#5482,#5483,#5484,#5485,#5486,#5487,#5488,
#5489,#5490,#5491,#5492,#5493,#5494,#5495,#5496,#5497,#5498,#5499,#5500,
#5501,#5502));
#5538=CLOSED_SHELL('',(#5503,#5504,#5505,#5506,#5507,#5508,#5509,#5510,
#5511,#5512,#5513,#5514,#5515,#5516,#5517,#5518,#5519,#5520,#5521,#5522,
#5523,#5524,#5525,#5526,#5527,#5528,#5529,#5530,#5531,#5532,#5533,#5534,
#5535));
#5539=STYLED_ITEM('',(#5542),#5562);
#5540=STYLED_ITEM('',(#5543),#5563);
#5541=STYLED_ITEM('',(#5544),#5564);
#5542=PRESENTATION_STYLE_ASSIGNMENT((#5545));
#5543=PRESENTATION_STYLE_ASSIGNMENT((#5546));
#5544=PRESENTATION_STYLE_ASSIGNMENT((#5547));
#5545=SURFACE_STYLE_USAGE(.BOTH.,#5548);
#5546=SURFACE_STYLE_USAGE(.BOTH.,#5549);
#5547=SURFACE_STYLE_USAGE(.BOTH.,#5550);
#5548=SURFACE_SIDE_STYLE('',(#5551));
#5549=SURFACE_SIDE_STYLE('',(#5552));
#5550=SURFACE_SIDE_STYLE('',(#5553));
#5551=SURFACE_STYLE_FILL_AREA(#5554);
#5552=SURFACE_STYLE_FILL_AREA(#5555);
#5553=SURFACE_STYLE_FILL_AREA(#5556);
#5554=FILL_AREA_STYLE('',(#5557));
#5555=FILL_AREA_STYLE('',(#5558));
#5556=FILL_AREA_STYLE('',(#5559));
#5557=FILL_AREA_STYLE_COLOUR('',#5560);
#5558=FILL_AREA_STYLE_COLOUR('',#5561);
#5559=FILL_AREA_STYLE_COLOUR('',#5560);
#5560=COLOUR_RGB('',0.231372549019608,0.380392156862745,0.705882352941177);
#5561=COLOUR_RGB('',0.615686274509804,0.811764705882353,0.929411764705882);
#5562=MANIFOLD_SOLID_BREP('Part 3',#5536);
#5563=MANIFOLD_SOLID_BREP('Part 1',#5537);
#5564=MANIFOLD_SOLID_BREP('Part 2',#5538);
#5565=SHAPE_DEFINITION_REPRESENTATION(#10233,#5568);
#5566=SHAPE_DEFINITION_REPRESENTATION(#10234,#5569);
#5567=SHAPE_DEFINITION_REPRESENTATION(#10235,#5570);
#5568=SHAPE_REPRESENTATION('Part 3',(#5571),#10218);
#5569=SHAPE_REPRESENTATION('Part 1',(#5901),#10219);
#5570=SHAPE_REPRESENTATION('Part 2',(#6346),#10220);
#5571=AXIS2_PLACEMENT_3D('',#8476,#6442,#6443);
#5572=AXIS2_PLACEMENT_3D('',#8477,#6444,#6445);
#5573=AXIS2_PLACEMENT_3D('',#8478,#6446,#6447);
#5574=AXIS2_PLACEMENT_3D('',#8483,#6449,#6450);
#5575=AXIS2_PLACEMENT_3D('',#8486,#6452,#6453);
#5576=AXIS2_PLACEMENT_3D('',#8487,#6454,#6455);
#5577=AXIS2_PLACEMENT_3D('',#8489,#6456,#6457);
#5578=AXIS2_PLACEMENT_3D('',#8492,#6459,#6460);
#5579=AXIS2_PLACEMENT_3D('',#8493,#6461,#6462);
#5580=AXIS2_PLACEMENT_3D('',#8495,#6463,#6464);
#5581=AXIS2_PLACEMENT_3D('',#8498,#6466,#6467);
#5582=AXIS2_PLACEMENT_3D('',#8499,#6468,#6469);
#5583=AXIS2_PLACEMENT_3D('',#8501,#6470,#6471);
#5584=AXIS2_PLACEMENT_3D('',#8504,#6473,#6474);
#5585=AXIS2_PLACEMENT_3D('',#8505,#6475,#6476);
#5586=AXIS2_PLACEMENT_3D('',#8507,#6477,#6478);
#5587=AXIS2_PLACEMENT_3D('',#8510,#6480,#6481);
#5588=AXIS2_PLACEMENT_3D('',#8511,#6482,#6483);
#5589=AXIS2_PLACEMENT_3D('',#8513,#6484,#6485);
#5590=AXIS2_PLACEMENT_3D('',#8516,#6487,#6488);
#5591=AXIS2_PLACEMENT_3D('',#8517,#6489,#6490);
#5592=AXIS2_PLACEMENT_3D('',#8519,#6491,#6492);
#5593=AXIS2_PLACEMENT_3D('',#8522,#6494,#6495);
#5594=AXIS2_PLACEMENT_3D('',#8523,#6496,#6497);
#5595=AXIS2_PLACEMENT_3D('',#8525,#6498,#6499);
#5596=AXIS2_PLACEMENT_3D('',#8528,#6501,#6502);
#5597=AXIS2_PLACEMENT_3D('',#8529,#6503,#6504);
#5598=AXIS2_PLACEMENT_3D('',#8531,#6505,#6506);
#5599=AXIS2_PLACEMENT_3D('',#8534,#6508,#6509);
#5600=AXIS2_PLACEMENT_3D('',#8535,#6510,#6511);
#5601=AXIS2_PLACEMENT_3D('',#8537,#6512,#6513);
#5602=AXIS2_PLACEMENT_3D('',#8540,#6515,#6516);
#5603=AXIS2_PLACEMENT_3D('',#8541,#6517,#6518);
#5604=AXIS2_PLACEMENT_3D('',#8543,#6519,#6520);
#5605=AXIS2_PLACEMENT_3D('',#8546,#6522,#6523);
#5606=AXIS2_PLACEMENT_3D('',#8547,#6524,#6525);
#5607=AXIS2_PLACEMENT_3D('',#8549,#6526,#6527);
#5608=AXIS2_PLACEMENT_3D('',#8552,#6529,#6530);
#5609=AXIS2_PLACEMENT_3D('',#8553,#6531,#6532);
#5610=AXIS2_PLACEMENT_3D('',#8555,#6533,#6534);
#5611=AXIS2_PLACEMENT_3D('',#8558,#6536,#6537);
#5612=AXIS2_PLACEMENT_3D('',#8559,#6538,#6539);
#5613=AXIS2_PLACEMENT_3D('',#8561,#6540,#6541);
#5614=AXIS2_PLACEMENT_3D('',#8564,#6543,#6544);
#5615=AXIS2_PLACEMENT_3D('',#8565,#6545,#6546);
#5616=AXIS2_PLACEMENT_3D('',#8567,#6547,#6548);
#5617=AXIS2_PLACEMENT_3D('',#8570,#6550,#6551);
#5618=AXIS2_PLACEMENT_3D('',#8571,#6552,#6553);
#5619=AXIS2_PLACEMENT_3D('',#8573,#6554,#6555);
#5620=AXIS2_PLACEMENT_3D('',#8576,#6557,#6558);
#5621=AXIS2_PLACEMENT_3D('',#8577,#6559,#6560);
#5622=AXIS2_PLACEMENT_3D('',#8579,#6561,#6562);
#5623=AXIS2_PLACEMENT_3D('',#8582,#6564,#6565);
#5624=AXIS2_PLACEMENT_3D('',#8583,#6566,#6567);
#5625=AXIS2_PLACEMENT_3D('',#8585,#6568,#6569);
#5626=AXIS2_PLACEMENT_3D('',#8588,#6571,#6572);
#5627=AXIS2_PLACEMENT_3D('',#8589,#6573,#6574);
#5628=AXIS2_PLACEMENT_3D('',#8591,#6575,#6576);
#5629=AXIS2_PLACEMENT_3D('',#8594,#6578,#6579);
#5630=AXIS2_PLACEMENT_3D('',#8595,#6580,#6581);
#5631=AXIS2_PLACEMENT_3D('',#8597,#6582,#6583);
#5632=AXIS2_PLACEMENT_3D('',#8600,#6585,#6586);
#5633=AXIS2_PLACEMENT_3D('',#8601,#6587,#6588);
#5634=AXIS2_PLACEMENT_3D('',#8603,#6589,#6590);
#5635=AXIS2_PLACEMENT_3D('',#8606,#6592,#6593);
#5636=AXIS2_PLACEMENT_3D('',#8607,#6594,#6595);
#5637=AXIS2_PLACEMENT_3D('',#8609,#6596,#6597);
#5638=AXIS2_PLACEMENT_3D('',#8612,#6599,#6600);
#5639=AXIS2_PLACEMENT_3D('',#8613,#6601,#6602);
#5640=AXIS2_PLACEMENT_3D('',#8615,#6603,#6604);
#5641=AXIS2_PLACEMENT_3D('',#8618,#6606,#6607);
#5642=AXIS2_PLACEMENT_3D('',#8619,#6608,#6609);
#5643=AXIS2_PLACEMENT_3D('',#8621,#6610,#6611);
#5644=AXIS2_PLACEMENT_3D('',#8624,#6613,#6614);
#5645=AXIS2_PLACEMENT_3D('',#8625,#6615,#6616);
#5646=AXIS2_PLACEMENT_3D('',#8627,#6617,#6618);
#5647=AXIS2_PLACEMENT_3D('',#8630,#6620,#6621);
#5648=AXIS2_PLACEMENT_3D('',#8631,#6622,#6623);
#5649=AXIS2_PLACEMENT_3D('',#8633,#6624,#6625);
#5650=AXIS2_PLACEMENT_3D('',#8636,#6627,#6628);
#5651=AXIS2_PLACEMENT_3D('',#8637,#6629,#6630);
#5652=AXIS2_PLACEMENT_3D('',#8639,#6631,#6632);
#5653=AXIS2_PLACEMENT_3D('',#8642,#6634,#6635);
#5654=AXIS2_PLACEMENT_3D('',#8643,#6636,#6637);
#5655=AXIS2_PLACEMENT_3D('',#8645,#6638,#6639);
#5656=AXIS2_PLACEMENT_3D('',#8648,#6641,#6642);
#5657=AXIS2_PLACEMENT_3D('',#8649,#6643,#6644);
#5658=AXIS2_PLACEMENT_3D('',#8651,#6645,#6646);
#5659=AXIS2_PLACEMENT_3D('',#8654,#6648,#6649);
#5660=AXIS2_PLACEMENT_3D('',#8655,#6650,#6651);
#5661=AXIS2_PLACEMENT_3D('',#8657,#6652,#6653);
#5662=AXIS2_PLACEMENT_3D('',#8660,#6655,#6656);
#5663=AXIS2_PLACEMENT_3D('',#8661,#6657,#6658);
#5664=AXIS2_PLACEMENT_3D('',#8663,#6659,#6660);
#5665=AXIS2_PLACEMENT_3D('',#8666,#6662,#6663);
#5666=AXIS2_PLACEMENT_3D('',#8667,#6664,#6665);
#5667=AXIS2_PLACEMENT_3D('',#8669,#6666,#6667);
#5668=AXIS2_PLACEMENT_3D('',#8672,#6669,#6670);
#5669=AXIS2_PLACEMENT_3D('',#8673,#6671,#6672);
#5670=AXIS2_PLACEMENT_3D('',#8675,#6673,#6674);
#5671=AXIS2_PLACEMENT_3D('',#8678,#6676,#6677);
#5672=AXIS2_PLACEMENT_3D('',#8679,#6678,#6679);
#5673=AXIS2_PLACEMENT_3D('',#8681,#6680,#6681);
#5674=AXIS2_PLACEMENT_3D('',#8684,#6683,#6684);
#5675=AXIS2_PLACEMENT_3D('',#8685,#6685,#6686);
#5676=AXIS2_PLACEMENT_3D('',#8687,#6687,#6688);
#5677=AXIS2_PLACEMENT_3D('',#8690,#6690,#6691);
#5678=AXIS2_PLACEMENT_3D('',#8691,#6692,#6693);
#5679=AXIS2_PLACEMENT_3D('',#8693,#6694,#6695);
#5680=AXIS2_PLACEMENT_3D('',#8696,#6697,#6698);
#5681=AXIS2_PLACEMENT_3D('',#8697,#6699,#6700);
#5682=AXIS2_PLACEMENT_3D('',#8699,#6701,#6702);
#5683=AXIS2_PLACEMENT_3D('',#8702,#6704,#6705);
#5684=AXIS2_PLACEMENT_3D('',#8703,#6706,#6707);
#5685=AXIS2_PLACEMENT_3D('',#8705,#6708,#6709);
#5686=AXIS2_PLACEMENT_3D('',#8708,#6711,#6712);
#5687=AXIS2_PLACEMENT_3D('',#8709,#6713,#6714);
#5688=AXIS2_PLACEMENT_3D('',#8711,#6715,#6716);
#5689=AXIS2_PLACEMENT_3D('',#8714,#6718,#6719);
#5690=AXIS2_PLACEMENT_3D('',#8715,#6720,#6721);
#5691=AXIS2_PLACEMENT_3D('',#8717,#6722,#6723);
#5692=AXIS2_PLACEMENT_3D('',#8720,#6725,#6726);
#5693=AXIS2_PLACEMENT_3D('',#8721,#6727,#6728);
#5694=AXIS2_PLACEMENT_3D('',#8723,#6729,#6730);
#5695=AXIS2_PLACEMENT_3D('',#8726,#6732,#6733);
#5696=AXIS2_PLACEMENT_3D('',#8727,#6734,#6735);
#5697=AXIS2_PLACEMENT_3D('',#8729,#6736,#6737);
#5698=AXIS2_PLACEMENT_3D('',#8732,#6739,#6740);
#5699=AXIS2_PLACEMENT_3D('',#8733,#6741,#6742);
#5700=AXIS2_PLACEMENT_3D('',#8735,#6743,#6744);
#5701=AXIS2_PLACEMENT_3D('',#8738,#6746,#6747);
#5702=AXIS2_PLACEMENT_3D('',#8739,#6748,#6749);
#5703=AXIS2_PLACEMENT_3D('',#8741,#6750,#6751);
#5704=AXIS2_PLACEMENT_3D('',#8744,#6753,#6754);
#5705=AXIS2_PLACEMENT_3D('',#8745,#6755,#6756);
#5706=AXIS2_PLACEMENT_3D('',#8747,#6757,#6758);
#5707=AXIS2_PLACEMENT_3D('',#8750,#6760,#6761);
#5708=AXIS2_PLACEMENT_3D('',#8751,#6762,#6763);
#5709=AXIS2_PLACEMENT_3D('',#8753,#6764,#6765);
#5710=AXIS2_PLACEMENT_3D('',#8756,#6767,#6768);
#5711=AXIS2_PLACEMENT_3D('',#8757,#6769,#6770);
#5712=AXIS2_PLACEMENT_3D('',#8759,#6771,#6772);
#5713=AXIS2_PLACEMENT_3D('',#8762,#6774,#6775);
#5714=AXIS2_PLACEMENT_3D('',#8763,#6776,#6777);
#5715=AXIS2_PLACEMENT_3D('',#8765,#6778,#6779);
#5716=AXIS2_PLACEMENT_3D('',#8768,#6781,#6782);
#5717=AXIS2_PLACEMENT_3D('',#8769,#6783,#6784);
#5718=AXIS2_PLACEMENT_3D('',#8771,#6785,#6786);
#5719=AXIS2_PLACEMENT_3D('',#8774,#6788,#6789);
#5720=AXIS2_PLACEMENT_3D('',#8775,#6790,#6791);
#5721=AXIS2_PLACEMENT_3D('',#8777,#6792,#6793);
#5722=AXIS2_PLACEMENT_3D('',#8780,#6795,#6796);
#5723=AXIS2_PLACEMENT_3D('',#8781,#6797,#6798);
#5724=AXIS2_PLACEMENT_3D('',#8783,#6799,#6800);
#5725=AXIS2_PLACEMENT_3D('',#8786,#6802,#6803);
#5726=AXIS2_PLACEMENT_3D('',#8787,#6804,#6805);
#5727=AXIS2_PLACEMENT_3D('',#8789,#6806,#6807);
#5728=AXIS2_PLACEMENT_3D('',#8792,#6809,#6810);
#5729=AXIS2_PLACEMENT_3D('',#8793,#6811,#6812);
#5730=AXIS2_PLACEMENT_3D('',#8795,#6813,#6814);
#5731=AXIS2_PLACEMENT_3D('',#8798,#6816,#6817);
#5732=AXIS2_PLACEMENT_3D('',#8799,#6818,#6819);
#5733=AXIS2_PLACEMENT_3D('',#8801,#6820,#6821);
#5734=AXIS2_PLACEMENT_3D('',#8804,#6823,#6824);
#5735=AXIS2_PLACEMENT_3D('',#8805,#6825,#6826);
#5736=AXIS2_PLACEMENT_3D('',#8807,#6827,#6828);
#5737=AXIS2_PLACEMENT_3D('',#8810,#6830,#6831);
#5738=AXIS2_PLACEMENT_3D('',#8811,#6832,#6833);
#5739=AXIS2_PLACEMENT_3D('',#8813,#6834,#6835);
#5740=AXIS2_PLACEMENT_3D('',#8816,#6837,#6838);
#5741=AXIS2_PLACEMENT_3D('',#8817,#6839,#6840);
#5742=AXIS2_PLACEMENT_3D('',#8819,#6841,#6842);
#5743=AXIS2_PLACEMENT_3D('',#8822,#6844,#6845);
#5744=AXIS2_PLACEMENT_3D('',#8823,#6846,#6847);
#5745=AXIS2_PLACEMENT_3D('',#8825,#6848,#6849);
#5746=AXIS2_PLACEMENT_3D('',#8828,#6851,#6852);
#5747=AXIS2_PLACEMENT_3D('',#8829,#6853,#6854);
#5748=AXIS2_PLACEMENT_3D('',#8831,#6855,#6856);
#5749=AXIS2_PLACEMENT_3D('',#8834,#6858,#6859);
#5750=AXIS2_PLACEMENT_3D('',#8835,#6860,#6861);
#5751=AXIS2_PLACEMENT_3D('',#8837,#6862,#6863);
#5752=AXIS2_PLACEMENT_3D('',#8840,#6865,#6866);
#5753=AXIS2_PLACEMENT_3D('',#8841,#6867,#6868);
#5754=AXIS2_PLACEMENT_3D('',#8843,#6869,#6870);
#5755=AXIS2_PLACEMENT_3D('',#8846,#6872,#6873);
#5756=AXIS2_PLACEMENT_3D('',#8847,#6874,#6875);
#5757=AXIS2_PLACEMENT_3D('',#8849,#6876,#6877);
#5758=AXIS2_PLACEMENT_3D('',#8852,#6879,#6880);
#5759=AXIS2_PLACEMENT_3D('',#8853,#6881,#6882);
#5760=AXIS2_PLACEMENT_3D('',#8855,#6883,#6884);
#5761=AXIS2_PLACEMENT_3D('',#8858,#6886,#6887);
#5762=AXIS2_PLACEMENT_3D('',#8859,#6888,#6889);
#5763=AXIS2_PLACEMENT_3D('',#8861,#6890,#6891);
#5764=AXIS2_PLACEMENT_3D('',#8864,#6893,#6894);
#5765=AXIS2_PLACEMENT_3D('',#8865,#6895,#6896);
#5766=AXIS2_PLACEMENT_3D('',#8867,#6897,#6898);
#5767=AXIS2_PLACEMENT_3D('',#8870,#6900,#6901);
#5768=AXIS2_PLACEMENT_3D('',#8871,#6902,#6903);
#5769=AXIS2_PLACEMENT_3D('',#8873,#6904,#6905);
#5770=AXIS2_PLACEMENT_3D('',#8876,#6907,#6908);
#5771=AXIS2_PLACEMENT_3D('',#8877,#6909,#6910);
#5772=AXIS2_PLACEMENT_3D('',#8879,#6911,#6912);
#5773=AXIS2_PLACEMENT_3D('',#8882,#6914,#6915);
#5774=AXIS2_PLACEMENT_3D('',#8883,#6916,#6917);
#5775=AXIS2_PLACEMENT_3D('',#8885,#6918,#6919);
#5776=AXIS2_PLACEMENT_3D('',#8888,#6921,#6922);
#5777=AXIS2_PLACEMENT_3D('',#8889,#6923,#6924);
#5778=AXIS2_PLACEMENT_3D('',#8891,#6925,#6926);
#5779=AXIS2_PLACEMENT_3D('',#8894,#6928,#6929);
#5780=AXIS2_PLACEMENT_3D('',#8895,#6930,#6931);
#5781=AXIS2_PLACEMENT_3D('',#8897,#6932,#6933);
#5782=AXIS2_PLACEMENT_3D('',#8900,#6935,#6936);
#5783=AXIS2_PLACEMENT_3D('',#8901,#6937,#6938);
#5784=AXIS2_PLACEMENT_3D('',#8903,#6939,#6940);
#5785=AXIS2_PLACEMENT_3D('',#8906,#6942,#6943);
#5786=AXIS2_PLACEMENT_3D('',#8907,#6944,#6945);
#5787=AXIS2_PLACEMENT_3D('',#8909,#6946,#6947);
#5788=AXIS2_PLACEMENT_3D('',#8912,#6949,#6950);
#5789=AXIS2_PLACEMENT_3D('',#8913,#6951,#6952);
#5790=AXIS2_PLACEMENT_3D('',#8915,#6953,#6954);
#5791=AXIS2_PLACEMENT_3D('',#8918,#6956,#6957);
#5792=AXIS2_PLACEMENT_3D('',#8919,#6958,#6959);
#5793=AXIS2_PLACEMENT_3D('',#8921,#6960,#6961);
#5794=AXIS2_PLACEMENT_3D('',#8924,#6963,#6964);
#5795=AXIS2_PLACEMENT_3D('',#8925,#6965,#6966);
#5796=AXIS2_PLACEMENT_3D('',#8927,#6967,#6968);
#5797=AXIS2_PLACEMENT_3D('',#8930,#6970,#6971);
#5798=AXIS2_PLACEMENT_3D('',#8931,#6972,#6973);
#5799=AXIS2_PLACEMENT_3D('',#8933,#6974,#6975);
#5800=AXIS2_PLACEMENT_3D('',#8936,#6977,#6978);
#5801=AXIS2_PLACEMENT_3D('',#8937,#6979,#6980);
#5802=AXIS2_PLACEMENT_3D('',#8939,#6981,#6982);
#5803=AXIS2_PLACEMENT_3D('',#8942,#6984,#6985);
#5804=AXIS2_PLACEMENT_3D('',#8943,#6986,#6987);
#5805=AXIS2_PLACEMENT_3D('',#8945,#6988,#6989);
#5806=AXIS2_PLACEMENT_3D('',#8948,#6991,#6992);
#5807=AXIS2_PLACEMENT_3D('',#8949,#6993,#6994);
#5808=AXIS2_PLACEMENT_3D('',#8951,#6995,#6996);
#5809=AXIS2_PLACEMENT_3D('',#8954,#6998,#6999);
#5810=AXIS2_PLACEMENT_3D('',#8955,#7000,#7001);
#5811=AXIS2_PLACEMENT_3D('',#8957,#7002,#7003);
#5812=AXIS2_PLACEMENT_3D('',#8960,#7005,#7006);
#5813=AXIS2_PLACEMENT_3D('',#8961,#7007,#7008);
#5814=AXIS2_PLACEMENT_3D('',#8963,#7009,#7010);
#5815=AXIS2_PLACEMENT_3D('',#8966,#7012,#7013);
#5816=AXIS2_PLACEMENT_3D('',#8967,#7014,#7015);
#5817=AXIS2_PLACEMENT_3D('',#8969,#7016,#7017);
#5818=AXIS2_PLACEMENT_3D('',#8972,#7019,#7020);
#5819=AXIS2_PLACEMENT_3D('',#8973,#7021,#7022);
#5820=AXIS2_PLACEMENT_3D('',#8975,#7023,#7024);
#5821=AXIS2_PLACEMENT_3D('',#8978,#7026,#7027);
#5822=AXIS2_PLACEMENT_3D('',#8979,#7028,#7029);
#5823=AXIS2_PLACEMENT_3D('',#8981,#7030,#7031);
#5824=AXIS2_PLACEMENT_3D('',#8984,#7033,#7034);
#5825=AXIS2_PLACEMENT_3D('',#8985,#7035,#7036);
#5826=AXIS2_PLACEMENT_3D('',#8987,#7037,#7038);
#5827=AXIS2_PLACEMENT_3D('',#8990,#7040,#7041);
#5828=AXIS2_PLACEMENT_3D('',#8991,#7042,#7043);
#5829=AXIS2_PLACEMENT_3D('',#8993,#7044,#7045);
#5830=AXIS2_PLACEMENT_3D('',#8996,#7047,#7048);
#5831=AXIS2_PLACEMENT_3D('',#8997,#7049,#7050);
#5832=AXIS2_PLACEMENT_3D('',#8999,#7051,#7052);
#5833=AXIS2_PLACEMENT_3D('',#9002,#7054,#7055);
#5834=AXIS2_PLACEMENT_3D('',#9003,#7056,#7057);
#5835=AXIS2_PLACEMENT_3D('',#9005,#7058,#7059);
#5836=AXIS2_PLACEMENT_3D('',#9008,#7061,#7062);
#5837=AXIS2_PLACEMENT_3D('',#9009,#7063,#7064);
#5838=AXIS2_PLACEMENT_3D('',#9011,#7065,#7066);
#5839=AXIS2_PLACEMENT_3D('',#9014,#7068,#7069);
#5840=AXIS2_PLACEMENT_3D('',#9015,#7070,#7071);
#5841=AXIS2_PLACEMENT_3D('',#9017,#7072,#7073);
#5842=AXIS2_PLACEMENT_3D('',#9020,#7075,#7076);
#5843=AXIS2_PLACEMENT_3D('',#9021,#7077,#7078);
#5844=AXIS2_PLACEMENT_3D('',#9023,#7079,#7080);
#5845=AXIS2_PLACEMENT_3D('',#9026,#7082,#7083);
#5846=AXIS2_PLACEMENT_3D('',#9027,#7084,#7085);
#5847=AXIS2_PLACEMENT_3D('',#9029,#7086,#7087);
#5848=AXIS2_PLACEMENT_3D('',#9032,#7089,#7090);
#5849=AXIS2_PLACEMENT_3D('',#9033,#7091,#7092);
#5850=AXIS2_PLACEMENT_3D('',#9035,#7093,#7094);
#5851=AXIS2_PLACEMENT_3D('',#9038,#7096,#7097);
#5852=AXIS2_PLACEMENT_3D('',#9039,#7098,#7099);
#5853=AXIS2_PLACEMENT_3D('',#9041,#7100,#7101);
#5854=AXIS2_PLACEMENT_3D('',#9044,#7103,#7104);
#5855=AXIS2_PLACEMENT_3D('',#9045,#7105,#7106);
#5856=AXIS2_PLACEMENT_3D('',#9047,#7107,#7108);
#5857=AXIS2_PLACEMENT_3D('',#9050,#7110,#7111);
#5858=AXIS2_PLACEMENT_3D('',#9051,#7112,#7113);
#5859=AXIS2_PLACEMENT_3D('',#9053,#7114,#7115);
#5860=AXIS2_PLACEMENT_3D('',#9056,#7117,#7118);
#5861=AXIS2_PLACEMENT_3D('',#9057,#7119,#7120);
#5862=AXIS2_PLACEMENT_3D('',#9059,#7121,#7122);
#5863=AXIS2_PLACEMENT_3D('',#9062,#7124,#7125);
#5864=AXIS2_PLACEMENT_3D('',#9063,#7126,#7127);
#5865=AXIS2_PLACEMENT_3D('',#9065,#7128,#7129);
#5866=AXIS2_PLACEMENT_3D('',#9068,#7131,#7132);
#5867=AXIS2_PLACEMENT_3D('',#9069,#7133,#7134);
#5868=AXIS2_PLACEMENT_3D('',#9071,#7135,#7136);
#5869=AXIS2_PLACEMENT_3D('',#9074,#7138,#7139);
#5870=AXIS2_PLACEMENT_3D('',#9075,#7140,#7141);
#5871=AXIS2_PLACEMENT_3D('',#9077,#7142,#7143);
#5872=AXIS2_PLACEMENT_3D('',#9080,#7145,#7146);
#5873=AXIS2_PLACEMENT_3D('',#9081,#7147,#7148);
#5874=AXIS2_PLACEMENT_3D('',#9083,#7149,#7150);
#5875=AXIS2_PLACEMENT_3D('',#9086,#7152,#7153);
#5876=AXIS2_PLACEMENT_3D('',#9087,#7154,#7155);
#5877=AXIS2_PLACEMENT_3D('',#9089,#7156,#7157);
#5878=AXIS2_PLACEMENT_3D('',#9092,#7159,#7160);
#5879=AXIS2_PLACEMENT_3D('',#9093,#7161,#7162);
#5880=AXIS2_PLACEMENT_3D('',#9095,#7163,#7164);
#5881=AXIS2_PLACEMENT_3D('',#9098,#7166,#7167);
#5882=AXIS2_PLACEMENT_3D('',#9099,#7168,#7169);
#5883=AXIS2_PLACEMENT_3D('',#9101,#7170,#7171);
#5884=AXIS2_PLACEMENT_3D('',#9104,#7173,#7174);
#5885=AXIS2_PLACEMENT_3D('',#9105,#7175,#7176);
#5886=AXIS2_PLACEMENT_3D('',#9107,#7177,#7178);
#5887=AXIS2_PLACEMENT_3D('',#9110,#7180,#7181);
#5888=AXIS2_PLACEMENT_3D('',#9111,#7182,#7183);
#5889=AXIS2_PLACEMENT_3D('',#9113,#7184,#7185);
#5890=AXIS2_PLACEMENT_3D('',#9116,#7187,#7188);
#5891=AXIS2_PLACEMENT_3D('',#9117,#7189,#7190);
#5892=AXIS2_PLACEMENT_3D('',#9119,#7191,#7192);
#5893=AXIS2_PLACEMENT_3D('',#9122,#7194,#7195);
#5894=AXIS2_PLACEMENT_3D('',#9123,#7196,#7197);
#5895=AXIS2_PLACEMENT_3D('',#9125,#7198,#7199);
#5896=AXIS2_PLACEMENT_3D('',#9128,#7201,#7202);
#5897=AXIS2_PLACEMENT_3D('',#9129,#7203,#7204);
#5898=AXIS2_PLACEMENT_3D('',#9130,#7205,#7206);
#5899=AXIS2_PLACEMENT_3D('',#9131,#7207,#7208);
#5900=AXIS2_PLACEMENT_3D('',#9132,#7209,#7210);
#5901=AXIS2_PLACEMENT_3D('',#9133,#7211,#7212);
#5902=AXIS2_PLACEMENT_3D('',#9134,#7213,#7214);
#5903=AXIS2_PLACEMENT_3D('',#9135,#7215,#7216);
#5904=AXIS2_PLACEMENT_3D('',#9140,#7218,#7219);
#5905=AXIS2_PLACEMENT_3D('',#9144,#7221,#7222);
#5906=AXIS2_PLACEMENT_3D('',#9145,#7223,#7224);
#5907=AXIS2_PLACEMENT_3D('',#9146,#7225,#7226);
#5908=AXIS2_PLACEMENT_3D('',#9149,#7227,#7228);
#5909=AXIS2_PLACEMENT_3D('',#9151,#7229,#7230);
#5910=AXIS2_PLACEMENT_3D('',#9153,#7231,#7232);
#5911=AXIS2_PLACEMENT_3D('',#9155,#7233,#7234);
#5912=AXIS2_PLACEMENT_3D('',#9157,#7235,#7236);
#5913=AXIS2_PLACEMENT_3D('',#9159,#7237,#7238);
#5914=AXIS2_PLACEMENT_3D('',#9161,#7239,#7240);
#5915=AXIS2_PLACEMENT_3D('',#9163,#7241,#7242);
#5916=AXIS2_PLACEMENT_3D('',#9165,#7243,#7244);
#5917=AXIS2_PLACEMENT_3D('',#9167,#7245,#7246);
#5918=AXIS2_PLACEMENT_3D('',#9169,#7247,#7248);
#5919=AXIS2_PLACEMENT_3D('',#9171,#7249,#7250);
#5920=AXIS2_PLACEMENT_3D('',#9173,#7251,#7252);
#5921=AXIS2_PLACEMENT_3D('',#9175,#7253,#7254);
#5922=AXIS2_PLACEMENT_3D('',#9177,#7255,#7256);
#5923=AXIS2_PLACEMENT_3D('',#9179,#7257,#7258);
#5924=AXIS2_PLACEMENT_3D('',#9181,#7259,#7260);
#5925=AXIS2_PLACEMENT_3D('',#9183,#7261,#7262);
#5926=AXIS2_PLACEMENT_3D('',#9185,#7263,#7264);
#5927=AXIS2_PLACEMENT_3D('',#9187,#7265,#7266);
#5928=AXIS2_PLACEMENT_3D('',#9189,#7267,#7268);
#5929=AXIS2_PLACEMENT_3D('',#9191,#7269,#7270);
#5930=AXIS2_PLACEMENT_3D('',#9193,#7271,#7272);
#5931=AXIS2_PLACEMENT_3D('',#9195,#7273,#7274);
#5932=AXIS2_PLACEMENT_3D('',#9197,#7275,#7276);
#5933=AXIS2_PLACEMENT_3D('',#9199,#7277,#7278);
#5934=AXIS2_PLACEMENT_3D('',#9201,#7279,#7280);
#5935=AXIS2_PLACEMENT_3D('',#9203,#7281,#7282);
#5936=AXIS2_PLACEMENT_3D('',#9205,#7283,#7284);
#5937=AXIS2_PLACEMENT_3D('',#9207,#7285,#7286);
#5938=AXIS2_PLACEMENT_3D('',#9208,#7287,#7288);
#5939=AXIS2_PLACEMENT_3D('',#9211,#7289,#7290);
#5940=AXIS2_PLACEMENT_3D('',#9213,#7291,#7292);
#5941=AXIS2_PLACEMENT_3D('',#9215,#7293,#7294);
#5942=AXIS2_PLACEMENT_3D('',#9217,#7295,#7296);
#5943=AXIS2_PLACEMENT_3D('',#9219,#7297,#7298);
#5944=AXIS2_PLACEMENT_3D('',#9221,#7299,#7300);
#5945=AXIS2_PLACEMENT_3D('',#9223,#7301,#7302);
#5946=AXIS2_PLACEMENT_3D('',#9225,#7303,#7304);
#5947=AXIS2_PLACEMENT_3D('',#9227,#7305,#7306);
#5948=AXIS2_PLACEMENT_3D('',#9229,#7307,#7308);
#5949=AXIS2_PLACEMENT_3D('',#9231,#7309,#7310);
#5950=AXIS2_PLACEMENT_3D('',#9233,#7311,#7312);
#5951=AXIS2_PLACEMENT_3D('',#9235,#7313,#7314);
#5952=AXIS2_PLACEMENT_3D('',#9237,#7315,#7316);
#5953=AXIS2_PLACEMENT_3D('',#9239,#7317,#7318);
#5954=AXIS2_PLACEMENT_3D('',#9241,#7319,#7320);
#5955=AXIS2_PLACEMENT_3D('',#9243,#7321,#7322);
#5956=AXIS2_PLACEMENT_3D('',#9245,#7323,#7324);
#5957=AXIS2_PLACEMENT_3D('',#9247,#7325,#7326);
#5958=AXIS2_PLACEMENT_3D('',#9249,#7327,#7328);
#5959=AXIS2_PLACEMENT_3D('',#9251,#7329,#7330);
#5960=AXIS2_PLACEMENT_3D('',#9253,#7331,#7332);
#5961=AXIS2_PLACEMENT_3D('',#9255,#7333,#7334);
#5962=AXIS2_PLACEMENT_3D('',#9257,#7335,#7336);
#5963=AXIS2_PLACEMENT_3D('',#9259,#7337,#7338);
#5964=AXIS2_PLACEMENT_3D('',#9261,#7339,#7340);
#5965=AXIS2_PLACEMENT_3D('',#9263,#7341,#7342);
#5966=AXIS2_PLACEMENT_3D('',#9265,#7343,#7344);
#5967=AXIS2_PLACEMENT_3D('',#9267,#7345,#7346);
#5968=AXIS2_PLACEMENT_3D('',#9269,#7347,#7348);
#5969=AXIS2_PLACEMENT_3D('',#9271,#7349,#7350);
#5970=AXIS2_PLACEMENT_3D('',#9273,#7351,#7352);
#5971=AXIS2_PLACEMENT_3D('',#9275,#7353,#7354);
#5972=AXIS2_PLACEMENT_3D('',#9277,#7355,#7356);
#5973=AXIS2_PLACEMENT_3D('',#9279,#7357,#7358);
#5974=AXIS2_PLACEMENT_3D('',#9281,#7359,#7360);
#5975=AXIS2_PLACEMENT_3D('',#9283,#7361,#7362);
#5976=AXIS2_PLACEMENT_3D('',#9285,#7363,#7364);
#5977=AXIS2_PLACEMENT_3D('',#9287,#7365,#7366);
#5978=AXIS2_PLACEMENT_3D('',#9289,#7367,#7368);
#5979=AXIS2_PLACEMENT_3D('',#9291,#7369,#7370);
#5980=AXIS2_PLACEMENT_3D('',#9293,#7371,#7372);
#5981=AXIS2_PLACEMENT_3D('',#9295,#7373,#7374);
#5982=AXIS2_PLACEMENT_3D('',#9297,#7375,#7376);
#5983=AXIS2_PLACEMENT_3D('',#9299,#7377,#7378);
#5984=AXIS2_PLACEMENT_3D('',#9301,#7379,#7380);
#5985=AXIS2_PLACEMENT_3D('',#9303,#7381,#7382);
#5986=AXIS2_PLACEMENT_3D('',#9305,#7383,#7384);
#5987=AXIS2_PLACEMENT_3D('',#9307,#7385,#7386);
#5988=AXIS2_PLACEMENT_3D('',#9309,#7387,#7388);
#5989=AXIS2_PLACEMENT_3D('',#9311,#7389,#7390);
#5990=AXIS2_PLACEMENT_3D('',#9313,#7391,#7392);
#5991=AXIS2_PLACEMENT_3D('',#9315,#7393,#7394);
#5992=AXIS2_PLACEMENT_3D('',#9317,#7395,#7396);
#5993=AXIS2_PLACEMENT_3D('',#9319,#7397,#7398);
#5994=AXIS2_PLACEMENT_3D('',#9321,#7399,#7400);
#5995=AXIS2_PLACEMENT_3D('',#9323,#7401,#7402);
#5996=AXIS2_PLACEMENT_3D('',#9325,#7403,#7404);
#5997=AXIS2_PLACEMENT_3D('',#9327,#7405,#7406);
#5998=AXIS2_PLACEMENT_3D('',#9329,#7407,#7408);
#5999=AXIS2_PLACEMENT_3D('',#9331,#7409,#7410);
#6000=AXIS2_PLACEMENT_3D('',#9333,#7411,#7412);
#6001=AXIS2_PLACEMENT_3D('',#9335,#7413,#7414);
#6002=AXIS2_PLACEMENT_3D('',#9337,#7415,#7416);
#6003=AXIS2_PLACEMENT_3D('',#9339,#7417,#7418);
#6004=AXIS2_PLACEMENT_3D('',#9341,#7419,#7420);
#6005=AXIS2_PLACEMENT_3D('',#9343,#7421,#7422);
#6006=AXIS2_PLACEMENT_3D('',#9345,#7423,#7424);
#6007=AXIS2_PLACEMENT_3D('',#9347,#7425,#7426);
#6008=AXIS2_PLACEMENT_3D('',#9349,#7427,#7428);
#6009=AXIS2_PLACEMENT_3D('',#9351,#7429,#7430);
#6010=AXIS2_PLACEMENT_3D('',#9353,#7431,#7432);
#6011=AXIS2_PLACEMENT_3D('',#9355,#7433,#7434);
#6012=AXIS2_PLACEMENT_3D('',#9357,#7435,#7436);
#6013=AXIS2_PLACEMENT_3D('',#9359,#7437,#7438);
#6014=AXIS2_PLACEMENT_3D('',#9361,#7439,#7440);
#6015=AXIS2_PLACEMENT_3D('',#9363,#7441,#7442);
#6016=AXIS2_PLACEMENT_3D('',#9365,#7443,#7444);
#6017=AXIS2_PLACEMENT_3D('',#9367,#7445,#7446);
#6018=AXIS2_PLACEMENT_3D('',#9369,#7447,#7448);
#6019=AXIS2_PLACEMENT_3D('',#9371,#7449,#7450);
#6020=AXIS2_PLACEMENT_3D('',#9373,#7451,#7452);
#6021=AXIS2_PLACEMENT_3D('',#9375,#7453,#7454);
#6022=AXIS2_PLACEMENT_3D('',#9377,#7455,#7456);
#6023=AXIS2_PLACEMENT_3D('',#9379,#7457,#7458);
#6024=AXIS2_PLACEMENT_3D('',#9381,#7459,#7460);
#6025=AXIS2_PLACEMENT_3D('',#9383,#7461,#7462);
#6026=AXIS2_PLACEMENT_3D('',#9385,#7463,#7464);
#6027=AXIS2_PLACEMENT_3D('',#9387,#7465,#7466);
#6028=AXIS2_PLACEMENT_3D('',#9389,#7467,#7468);
#6029=AXIS2_PLACEMENT_3D('',#9391,#7469,#7470);
#6030=AXIS2_PLACEMENT_3D('',#9393,#7471,#7472);
#6031=AXIS2_PLACEMENT_3D('',#9395,#7473,#7474);
#6032=AXIS2_PLACEMENT_3D('',#9397,#7475,#7476);
#6033=AXIS2_PLACEMENT_3D('',#9399,#7477,#7478);
#6034=AXIS2_PLACEMENT_3D('',#9401,#7479,#7480);
#6035=AXIS2_PLACEMENT_3D('',#9403,#7481,#7482);
#6036=AXIS2_PLACEMENT_3D('',#9405,#7483,#7484);
#6037=AXIS2_PLACEMENT_3D('',#9407,#7485,#7486);
#6038=AXIS2_PLACEMENT_3D('',#9409,#7487,#7488);
#6039=AXIS2_PLACEMENT_3D('',#9411,#7489,#7490);
#6040=AXIS2_PLACEMENT_3D('',#9413,#7491,#7492);
#6041=AXIS2_PLACEMENT_3D('',#9415,#7493,#7494);
#6042=AXIS2_PLACEMENT_3D('',#9417,#7495,#7496);
#6043=AXIS2_PLACEMENT_3D('',#9419,#7497,#7498);
#6044=AXIS2_PLACEMENT_3D('',#9421,#7499,#7500);
#6045=AXIS2_PLACEMENT_3D('',#9423,#7501,#7502);
#6046=AXIS2_PLACEMENT_3D('',#9425,#7503,#7504);
#6047=AXIS2_PLACEMENT_3D('',#9426,#7505,#7506);
#6048=AXIS2_PLACEMENT_3D('',#9428,#7507,#7508);
#6049=AXIS2_PLACEMENT_3D('',#9429,#7509,#7510);
#6050=AXIS2_PLACEMENT_3D('',#9433,#7512,#7513);
#6051=AXIS2_PLACEMENT_3D('',#9437,#7515,#7516);
#6052=AXIS2_PLACEMENT_3D('',#9440,#7518,#7519);
#6053=AXIS2_PLACEMENT_3D('',#9441,#7520,#7521);
#6054=AXIS2_PLACEMENT_3D('',#9443,#7522,#7523);
#6055=AXIS2_PLACEMENT_3D('',#9444,#7524,#7525);
#6056=AXIS2_PLACEMENT_3D('',#9445,#7526,#7527);
#6057=AXIS2_PLACEMENT_3D('',#9448,#7529,#7530);
#6058=AXIS2_PLACEMENT_3D('',#9451,#7532,#7533);
#6059=AXIS2_PLACEMENT_3D('',#9454,#7535,#7536);
#6060=AXIS2_PLACEMENT_3D('',#9455,#7537,#7538);
#6061=AXIS2_PLACEMENT_3D('',#9458,#7540,#7541);
#6062=AXIS2_PLACEMENT_3D('',#9459,#7542,#7543);
#6063=AXIS2_PLACEMENT_3D('',#9462,#7545,#7546);
#6064=AXIS2_PLACEMENT_3D('',#9463,#7547,#7548);
#6065=AXIS2_PLACEMENT_3D('',#9466,#7550,#7551);
#6066=AXIS2_PLACEMENT_3D('',#9467,#7552,#7553);
#6067=AXIS2_PLACEMENT_3D('',#9470,#7555,#7556);
#6068=AXIS2_PLACEMENT_3D('',#9471,#7557,#7558);
#6069=AXIS2_PLACEMENT_3D('',#9474,#7560,#7561);
#6070=AXIS2_PLACEMENT_3D('',#9475,#7562,#7563);
#6071=AXIS2_PLACEMENT_3D('',#9478,#7565,#7566);
#6072=AXIS2_PLACEMENT_3D('',#9479,#7567,#7568);
#6073=AXIS2_PLACEMENT_3D('',#9482,#7570,#7571);
#6074=AXIS2_PLACEMENT_3D('',#9483,#7572,#7573);
#6075=AXIS2_PLACEMENT_3D('',#9486,#7575,#7576);
#6076=AXIS2_PLACEMENT_3D('',#9487,#7577,#7578);
#6077=AXIS2_PLACEMENT_3D('',#9490,#7580,#7581);
#6078=AXIS2_PLACEMENT_3D('',#9491,#7582,#7583);
#6079=AXIS2_PLACEMENT_3D('',#9494,#7585,#7586);
#6080=AXIS2_PLACEMENT_3D('',#9495,#7587,#7588);
#6081=AXIS2_PLACEMENT_3D('',#9498,#7590,#7591);
#6082=AXIS2_PLACEMENT_3D('',#9499,#7592,#7593);
#6083=AXIS2_PLACEMENT_3D('',#9502,#7595,#7596);
#6084=AXIS2_PLACEMENT_3D('',#9503,#7597,#7598);
#6085=AXIS2_PLACEMENT_3D('',#9506,#7600,#7601);
#6086=AXIS2_PLACEMENT_3D('',#9507,#7602,#7603);
#6087=AXIS2_PLACEMENT_3D('',#9510,#7605,#7606);
#6088=AXIS2_PLACEMENT_3D('',#9511,#7607,#7608);
#6089=AXIS2_PLACEMENT_3D('',#9514,#7610,#7611);
#6090=AXIS2_PLACEMENT_3D('',#9515,#7612,#7613);
#6091=AXIS2_PLACEMENT_3D('',#9518,#7615,#7616);
#6092=AXIS2_PLACEMENT_3D('',#9519,#7617,#7618);
#6093=AXIS2_PLACEMENT_3D('',#9522,#7620,#7621);
#6094=AXIS2_PLACEMENT_3D('',#9523,#7622,#7623);
#6095=AXIS2_PLACEMENT_3D('',#9526,#7625,#7626);
#6096=AXIS2_PLACEMENT_3D('',#9527,#7627,#7628);
#6097=AXIS2_PLACEMENT_3D('',#9530,#7630,#7631);
#6098=AXIS2_PLACEMENT_3D('',#9531,#7632,#7633);
#6099=AXIS2_PLACEMENT_3D('',#9534,#7635,#7636);
#6100=AXIS2_PLACEMENT_3D('',#9535,#7637,#7638);
#6101=AXIS2_PLACEMENT_3D('',#9538,#7640,#7641);
#6102=AXIS2_PLACEMENT_3D('',#9539,#7642,#7643);
#6103=AXIS2_PLACEMENT_3D('',#9542,#7645,#7646);
#6104=AXIS2_PLACEMENT_3D('',#9543,#7647,#7648);
#6105=AXIS2_PLACEMENT_3D('',#9546,#7650,#7651);
#6106=AXIS2_PLACEMENT_3D('',#9547,#7652,#7653);
#6107=AXIS2_PLACEMENT_3D('',#9550,#7655,#7656);
#6108=AXIS2_PLACEMENT_3D('',#9551,#7657,#7658);
#6109=AXIS2_PLACEMENT_3D('',#9554,#7660,#7661);
#6110=AXIS2_PLACEMENT_3D('',#9555,#7662,#7663);
#6111=AXIS2_PLACEMENT_3D('',#9558,#7665,#7666);
#6112=AXIS2_PLACEMENT_3D('',#9559,#7667,#7668);
#6113=AXIS2_PLACEMENT_3D('',#9562,#7670,#7671);
#6114=AXIS2_PLACEMENT_3D('',#9563,#7672,#7673);
#6115=AXIS2_PLACEMENT_3D('',#9566,#7675,#7676);
#6116=AXIS2_PLACEMENT_3D('',#9567,#7677,#7678);
#6117=AXIS2_PLACEMENT_3D('',#9570,#7680,#7681);
#6118=AXIS2_PLACEMENT_3D('',#9571,#7682,#7683);
#6119=AXIS2_PLACEMENT_3D('',#9574,#7685,#7686);
#6120=AXIS2_PLACEMENT_3D('',#9575,#7687,#7688);
#6121=AXIS2_PLACEMENT_3D('',#9578,#7690,#7691);
#6122=AXIS2_PLACEMENT_3D('',#9579,#7692,#7693);
#6123=AXIS2_PLACEMENT_3D('',#9582,#7695,#7696);
#6124=AXIS2_PLACEMENT_3D('',#9583,#7697,#7698);
#6125=AXIS2_PLACEMENT_3D('',#9586,#7700,#7701);
#6126=AXIS2_PLACEMENT_3D('',#9587,#7702,#7703);
#6127=AXIS2_PLACEMENT_3D('',#9590,#7705,#7706);
#6128=AXIS2_PLACEMENT_3D('',#9591,#7707,#7708);
#6129=AXIS2_PLACEMENT_3D('',#9594,#7710,#7711);
#6130=AXIS2_PLACEMENT_3D('',#9595,#7712,#7713);
#6131=AXIS2_PLACEMENT_3D('',#9598,#7715,#7716);
#6132=AXIS2_PLACEMENT_3D('',#9599,#7717,#7718);
#6133=AXIS2_PLACEMENT_3D('',#9602,#7720,#7721);
#6134=AXIS2_PLACEMENT_3D('',#9603,#7722,#7723);
#6135=AXIS2_PLACEMENT_3D('',#9606,#7725,#7726);
#6136=AXIS2_PLACEMENT_3D('',#9607,#7727,#7728);
#6137=AXIS2_PLACEMENT_3D('',#9610,#7730,#7731);
#6138=AXIS2_PLACEMENT_3D('',#9611,#7732,#7733);
#6139=AXIS2_PLACEMENT_3D('',#9614,#7735,#7736);
#6140=AXIS2_PLACEMENT_3D('',#9615,#7737,#7738);
#6141=AXIS2_PLACEMENT_3D('',#9618,#7740,#7741);
#6142=AXIS2_PLACEMENT_3D('',#9619,#7742,#7743);
#6143=AXIS2_PLACEMENT_3D('',#9622,#7745,#7746);
#6144=AXIS2_PLACEMENT_3D('',#9623,#7747,#7748);
#6145=AXIS2_PLACEMENT_3D('',#9626,#7750,#7751);
#6146=AXIS2_PLACEMENT_3D('',#9627,#7752,#7753);
#6147=AXIS2_PLACEMENT_3D('',#9630,#7755,#7756);
#6148=AXIS2_PLACEMENT_3D('',#9631,#7757,#7758);
#6149=AXIS2_PLACEMENT_3D('',#9634,#7760,#7761);
#6150=AXIS2_PLACEMENT_3D('',#9635,#7762,#7763);
#6151=AXIS2_PLACEMENT_3D('',#9638,#7765,#7766);
#6152=AXIS2_PLACEMENT_3D('',#9639,#7767,#7768);
#6153=AXIS2_PLACEMENT_3D('',#9642,#7770,#7771);
#6154=AXIS2_PLACEMENT_3D('',#9643,#7772,#7773);
#6155=AXIS2_PLACEMENT_3D('',#9646,#7775,#7776);
#6156=AXIS2_PLACEMENT_3D('',#9647,#7777,#7778);
#6157=AXIS2_PLACEMENT_3D('',#9650,#7780,#7781);
#6158=AXIS2_PLACEMENT_3D('',#9651,#7782,#7783);
#6159=AXIS2_PLACEMENT_3D('',#9654,#7785,#7786);
#6160=AXIS2_PLACEMENT_3D('',#9655,#7787,#7788);
#6161=AXIS2_PLACEMENT_3D('',#9658,#7790,#7791);
#6162=AXIS2_PLACEMENT_3D('',#9659,#7792,#7793);
#6163=AXIS2_PLACEMENT_3D('',#9662,#7795,#7796);
#6164=AXIS2_PLACEMENT_3D('',#9663,#7797,#7798);
#6165=AXIS2_PLACEMENT_3D('',#9666,#7800,#7801);
#6166=AXIS2_PLACEMENT_3D('',#9667,#7802,#7803);
#6167=AXIS2_PLACEMENT_3D('',#9670,#7805,#7806);
#6168=AXIS2_PLACEMENT_3D('',#9671,#7807,#7808);
#6169=AXIS2_PLACEMENT_3D('',#9674,#7810,#7811);
#6170=AXIS2_PLACEMENT_3D('',#9675,#7812,#7813);
#6171=AXIS2_PLACEMENT_3D('',#9678,#7815,#7816);
#6172=AXIS2_PLACEMENT_3D('',#9679,#7817,#7818);
#6173=AXIS2_PLACEMENT_3D('',#9682,#7820,#7821);
#6174=AXIS2_PLACEMENT_3D('',#9683,#7822,#7823);
#6175=AXIS2_PLACEMENT_3D('',#9686,#7825,#7826);
#6176=AXIS2_PLACEMENT_3D('',#9687,#7827,#7828);
#6177=AXIS2_PLACEMENT_3D('',#9690,#7830,#7831);
#6178=AXIS2_PLACEMENT_3D('',#9691,#7832,#7833);
#6179=AXIS2_PLACEMENT_3D('',#9694,#7835,#7836);
#6180=AXIS2_PLACEMENT_3D('',#9695,#7837,#7838);
#6181=AXIS2_PLACEMENT_3D('',#9698,#7840,#7841);
#6182=AXIS2_PLACEMENT_3D('',#9699,#7842,#7843);
#6183=AXIS2_PLACEMENT_3D('',#9702,#7845,#7846);
#6184=AXIS2_PLACEMENT_3D('',#9703,#7847,#7848);
#6185=AXIS2_PLACEMENT_3D('',#9706,#7850,#7851);
#6186=AXIS2_PLACEMENT_3D('',#9707,#7852,#7853);
#6187=AXIS2_PLACEMENT_3D('',#9710,#7855,#7856);
#6188=AXIS2_PLACEMENT_3D('',#9711,#7857,#7858);
#6189=AXIS2_PLACEMENT_3D('',#9714,#7860,#7861);
#6190=AXIS2_PLACEMENT_3D('',#9715,#7862,#7863);
#6191=AXIS2_PLACEMENT_3D('',#9718,#7865,#7866);
#6192=AXIS2_PLACEMENT_3D('',#9719,#7867,#7868);
#6193=AXIS2_PLACEMENT_3D('',#9722,#7870,#7871);
#6194=AXIS2_PLACEMENT_3D('',#9723,#7872,#7873);
#6195=AXIS2_PLACEMENT_3D('',#9726,#7875,#7876);
#6196=AXIS2_PLACEMENT_3D('',#9727,#7877,#7878);
#6197=AXIS2_PLACEMENT_3D('',#9730,#7880,#7881);
#6198=AXIS2_PLACEMENT_3D('',#9731,#7882,#7883);
#6199=AXIS2_PLACEMENT_3D('',#9734,#7885,#7886);
#6200=AXIS2_PLACEMENT_3D('',#9735,#7887,#7888);
#6201=AXIS2_PLACEMENT_3D('',#9738,#7890,#7891);
#6202=AXIS2_PLACEMENT_3D('',#9739,#7892,#7893);
#6203=AXIS2_PLACEMENT_3D('',#9742,#7895,#7896);
#6204=AXIS2_PLACEMENT_3D('',#9743,#7897,#7898);
#6205=AXIS2_PLACEMENT_3D('',#9746,#7900,#7901);
#6206=AXIS2_PLACEMENT_3D('',#9747,#7902,#7903);
#6207=AXIS2_PLACEMENT_3D('',#9750,#7905,#7906);
#6208=AXIS2_PLACEMENT_3D('',#9751,#7907,#7908);
#6209=AXIS2_PLACEMENT_3D('',#9754,#7910,#7911);
#6210=AXIS2_PLACEMENT_3D('',#9755,#7912,#7913);
#6211=AXIS2_PLACEMENT_3D('',#9758,#7915,#7916);
#6212=AXIS2_PLACEMENT_3D('',#9759,#7917,#7918);
#6213=AXIS2_PLACEMENT_3D('',#9762,#7920,#7921);
#6214=AXIS2_PLACEMENT_3D('',#9763,#7922,#7923);
#6215=AXIS2_PLACEMENT_3D('',#9766,#7925,#7926);
#6216=AXIS2_PLACEMENT_3D('',#9767,#7927,#7928);
#6217=AXIS2_PLACEMENT_3D('',#9770,#7930,#7931);
#6218=AXIS2_PLACEMENT_3D('',#9771,#7932,#7933);
#6219=AXIS2_PLACEMENT_3D('',#9774,#7935,#7936);
#6220=AXIS2_PLACEMENT_3D('',#9775,#7937,#7938);
#6221=AXIS2_PLACEMENT_3D('',#9778,#7940,#7941);
#6222=AXIS2_PLACEMENT_3D('',#9779,#7942,#7943);
#6223=AXIS2_PLACEMENT_3D('',#9782,#7945,#7946);
#6224=AXIS2_PLACEMENT_3D('',#9783,#7947,#7948);
#6225=AXIS2_PLACEMENT_3D('',#9786,#7950,#7951);
#6226=AXIS2_PLACEMENT_3D('',#9787,#7952,#7953);
#6227=AXIS2_PLACEMENT_3D('',#9790,#7955,#7956);
#6228=AXIS2_PLACEMENT_3D('',#9791,#7957,#7958);
#6229=AXIS2_PLACEMENT_3D('',#9794,#7960,#7961);
#6230=AXIS2_PLACEMENT_3D('',#9795,#7962,#7963);
#6231=AXIS2_PLACEMENT_3D('',#9798,#7965,#7966);
#6232=AXIS2_PLACEMENT_3D('',#9799,#7967,#7968);
#6233=AXIS2_PLACEMENT_3D('',#9802,#7970,#7971);
#6234=AXIS2_PLACEMENT_3D('',#9803,#7972,#7973);
#6235=AXIS2_PLACEMENT_3D('',#9806,#7975,#7976);
#6236=AXIS2_PLACEMENT_3D('',#9807,#7977,#7978);
#6237=AXIS2_PLACEMENT_3D('',#9810,#7980,#7981);
#6238=AXIS2_PLACEMENT_3D('',#9811,#7982,#7983);
#6239=AXIS2_PLACEMENT_3D('',#9814,#7985,#7986);
#6240=AXIS2_PLACEMENT_3D('',#9815,#7987,#7988);
#6241=AXIS2_PLACEMENT_3D('',#9818,#7990,#7991);
#6242=AXIS2_PLACEMENT_3D('',#9819,#7992,#7993);
#6243=AXIS2_PLACEMENT_3D('',#9822,#7995,#7996);
#6244=AXIS2_PLACEMENT_3D('',#9823,#7997,#7998);
#6245=AXIS2_PLACEMENT_3D('',#9826,#8000,#8001);
#6246=AXIS2_PLACEMENT_3D('',#9827,#8002,#8003);
#6247=AXIS2_PLACEMENT_3D('',#9830,#8005,#8006);
#6248=AXIS2_PLACEMENT_3D('',#9831,#8007,#8008);
#6249=AXIS2_PLACEMENT_3D('',#9834,#8010,#8011);
#6250=AXIS2_PLACEMENT_3D('',#9835,#8012,#8013);
#6251=AXIS2_PLACEMENT_3D('',#9838,#8015,#8016);
#6252=AXIS2_PLACEMENT_3D('',#9839,#8017,#8018);
#6253=AXIS2_PLACEMENT_3D('',#9842,#8020,#8021);
#6254=AXIS2_PLACEMENT_3D('',#9843,#8022,#8023);
#6255=AXIS2_PLACEMENT_3D('',#9846,#8025,#8026);
#6256=AXIS2_PLACEMENT_3D('',#9847,#8027,#8028);
#6257=AXIS2_PLACEMENT_3D('',#9850,#8030,#8031);
#6258=AXIS2_PLACEMENT_3D('',#9851,#8032,#8033);
#6259=AXIS2_PLACEMENT_3D('',#9854,#8035,#8036);
#6260=AXIS2_PLACEMENT_3D('',#9855,#8037,#8038);
#6261=AXIS2_PLACEMENT_3D('',#9858,#8040,#8041);
#6262=AXIS2_PLACEMENT_3D('',#9859,#8042,#8043);
#6263=AXIS2_PLACEMENT_3D('',#9862,#8045,#8046);
#6264=AXIS2_PLACEMENT_3D('',#9863,#8047,#8048);
#6265=AXIS2_PLACEMENT_3D('',#9866,#8050,#8051);
#6266=AXIS2_PLACEMENT_3D('',#9867,#8052,#8053);
#6267=AXIS2_PLACEMENT_3D('',#9870,#8055,#8056);
#6268=AXIS2_PLACEMENT_3D('',#9871,#8057,#8058);
#6269=AXIS2_PLACEMENT_3D('',#9874,#8060,#8061);
#6270=AXIS2_PLACEMENT_3D('',#9875,#8062,#8063);
#6271=AXIS2_PLACEMENT_3D('',#9878,#8065,#8066);
#6272=AXIS2_PLACEMENT_3D('',#9879,#8067,#8068);
#6273=AXIS2_PLACEMENT_3D('',#9880,#8069,#8070);
#6274=AXIS2_PLACEMENT_3D('',#9881,#8071,#8072);
#6275=AXIS2_PLACEMENT_3D('',#9882,#8073,#8074);
#6276=AXIS2_PLACEMENT_3D('',#9885,#8076,#8077);
#6277=AXIS2_PLACEMENT_3D('',#9888,#8079,#8080);
#6278=AXIS2_PLACEMENT_3D('',#9891,#8082,#8083);
#6279=AXIS2_PLACEMENT_3D('',#9892,#8084,#8085);
#6280=AXIS2_PLACEMENT_3D('',#9895,#8087,#8088);
#6281=AXIS2_PLACEMENT_3D('',#9896,#8089,#8090);
#6282=AXIS2_PLACEMENT_3D('',#9899,#8092,#8093);
#6283=AXIS2_PLACEMENT_3D('',#9900,#8094,#8095);
#6284=AXIS2_PLACEMENT_3D('',#9903,#8097,#8098);
#6285=AXIS2_PLACEMENT_3D('',#9904,#8099,#8100);
#6286=AXIS2_PLACEMENT_3D('',#9907,#8102,#8103);
#6287=AXIS2_PLACEMENT_3D('',#9908,#8104,#8105);
#6288=AXIS2_PLACEMENT_3D('',#9911,#8107,#8108);
#6289=AXIS2_PLACEMENT_3D('',#9912,#8109,#8110);
#6290=AXIS2_PLACEMENT_3D('',#9915,#8112,#8113);
#6291=AXIS2_PLACEMENT_3D('',#9916,#8114,#8115);
#6292=AXIS2_PLACEMENT_3D('',#9919,#8117,#8118);
#6293=AXIS2_PLACEMENT_3D('',#9920,#8119,#8120);
#6294=AXIS2_PLACEMENT_3D('',#9923,#8122,#8123);
#6295=AXIS2_PLACEMENT_3D('',#9924,#8124,#8125);
#6296=AXIS2_PLACEMENT_3D('',#9927,#8127,#8128);
#6297=AXIS2_PLACEMENT_3D('',#9928,#8129,#8130);
#6298=AXIS2_PLACEMENT_3D('',#9931,#8132,#8133);
#6299=AXIS2_PLACEMENT_3D('',#9932,#8134,#8135);
#6300=AXIS2_PLACEMENT_3D('',#9935,#8137,#8138);
#6301=AXIS2_PLACEMENT_3D('',#9936,#8139,#8140);
#6302=AXIS2_PLACEMENT_3D('',#9939,#8142,#8143);
#6303=AXIS2_PLACEMENT_3D('',#9940,#8144,#8145);
#6304=AXIS2_PLACEMENT_3D('',#9943,#8147,#8148);
#6305=AXIS2_PLACEMENT_3D('',#9944,#8149,#8150);
#6306=AXIS2_PLACEMENT_3D('',#9947,#8152,#8153);
#6307=AXIS2_PLACEMENT_3D('',#9948,#8154,#8155);
#6308=AXIS2_PLACEMENT_3D('',#9951,#8157,#8158);
#6309=AXIS2_PLACEMENT_3D('',#9952,#8159,#8160);
#6310=AXIS2_PLACEMENT_3D('',#9955,#8162,#8163);
#6311=AXIS2_PLACEMENT_3D('',#9956,#8164,#8165);
#6312=AXIS2_PLACEMENT_3D('',#9959,#8167,#8168);
#6313=AXIS2_PLACEMENT_3D('',#9960,#8169,#8170);
#6314=AXIS2_PLACEMENT_3D('',#9963,#8172,#8173);
#6315=AXIS2_PLACEMENT_3D('',#9964,#8174,#8175);
#6316=AXIS2_PLACEMENT_3D('',#9967,#8177,#8178);
#6317=AXIS2_PLACEMENT_3D('',#9968,#8179,#8180);
#6318=AXIS2_PLACEMENT_3D('',#9971,#8182,#8183);
#6319=AXIS2_PLACEMENT_3D('',#9972,#8184,#8185);
#6320=AXIS2_PLACEMENT_3D('',#9975,#8187,#8188);
#6321=AXIS2_PLACEMENT_3D('',#9976,#8189,#8190);
#6322=AXIS2_PLACEMENT_3D('',#9979,#8192,#8193);
#6323=AXIS2_PLACEMENT_3D('',#9980,#8194,#8195);
#6324=AXIS2_PLACEMENT_3D('',#9983,#8197,#8198);
#6325=AXIS2_PLACEMENT_3D('',#9984,#8199,#8200);
#6326=AXIS2_PLACEMENT_3D('',#9987,#8202,#8203);
#6327=AXIS2_PLACEMENT_3D('',#9988,#8204,#8205);
#6328=AXIS2_PLACEMENT_3D('',#9991,#8207,#8208);
#6329=AXIS2_PLACEMENT_3D('',#9992,#8209,#8210);
#6330=AXIS2_PLACEMENT_3D('',#9995,#8212,#8213);
#6331=AXIS2_PLACEMENT_3D('',#9996,#8214,#8215);
#6332=AXIS2_PLACEMENT_3D('',#9999,#8217,#8218);
#6333=AXIS2_PLACEMENT_3D('',#10000,#8219,#8220);
#6334=AXIS2_PLACEMENT_3D('',#10003,#8222,#8223);
#6335=AXIS2_PLACEMENT_3D('',#10004,#8224,#8225);
#6336=AXIS2_PLACEMENT_3D('',#10005,#8226,#8227);
#6337=AXIS2_PLACEMENT_3D('',#10006,#8228,#8229);
#6338=AXIS2_PLACEMENT_3D('',#10007,#8230,#8231);
#6339=AXIS2_PLACEMENT_3D('',#10011,#8234,#8235);
#6340=AXIS2_PLACEMENT_3D('',#10017,#8239,#8240);
#6341=AXIS2_PLACEMENT_3D('',#10021,#8243,#8244);
#6342=AXIS2_PLACEMENT_3D('',#10022,#8245,#8246);
#6343=AXIS2_PLACEMENT_3D('',#10023,#8247,#8248);
#6344=AXIS2_PLACEMENT_3D('',#10024,#8249,#8250);
#6345=AXIS2_PLACEMENT_3D('',#10025,#8251,#8252);
#6346=AXIS2_PLACEMENT_3D('',#10026,#8253,#8254);
#6347=AXIS2_PLACEMENT_3D('',#10027,#8255,#8256);
#6348=AXIS2_PLACEMENT_3D('',#10028,#8257,#8258);
#6349=AXIS2_PLACEMENT_3D('',#10033,#8260,#8261);
#6350=AXIS2_PLACEMENT_3D('',#10036,#8263,#8264);
#6351=AXIS2_PLACEMENT_3D('',#10037,#8265,#8266);
#6352=AXIS2_PLACEMENT_3D('',#10039,#8267,#8268);
#6353=AXIS2_PLACEMENT_3D('',#10042,#8270,#8271);
#6354=AXIS2_PLACEMENT_3D('',#10043,#8272,#8273);
#6355=AXIS2_PLACEMENT_3D('',#10045,#8274,#8275);
#6356=AXIS2_PLACEMENT_3D('',#10048,#8277,#8278);
#6357=AXIS2_PLACEMENT_3D('',#10049,#8279,#8280);
#6358=AXIS2_PLACEMENT_3D('',#10051,#8281,#8282);
#6359=AXIS2_PLACEMENT_3D('',#10054,#8284,#8285);
#6360=AXIS2_PLACEMENT_3D('',#10055,#8286,#8287);
#6361=AXIS2_PLACEMENT_3D('',#10057,#8288,#8289);
#6362=AXIS2_PLACEMENT_3D('',#10060,#8291,#8292);
#6363=AXIS2_PLACEMENT_3D('',#10061,#8293,#8294);
#6364=AXIS2_PLACEMENT_3D('',#10063,#8295,#8296);
#6365=AXIS2_PLACEMENT_3D('',#10066,#8298,#8299);
#6366=AXIS2_PLACEMENT_3D('',#10067,#8300,#8301);
#6367=AXIS2_PLACEMENT_3D('',#10069,#8302,#8303);
#6368=AXIS2_PLACEMENT_3D('',#10072,#8305,#8306);
#6369=AXIS2_PLACEMENT_3D('',#10073,#8307,#8308);
#6370=AXIS2_PLACEMENT_3D('',#10075,#8309,#8310);
#6371=AXIS2_PLACEMENT_3D('',#10078,#8312,#8313);
#6372=AXIS2_PLACEMENT_3D('',#10079,#8314,#8315);
#6373=AXIS2_PLACEMENT_3D('',#10081,#8316,#8317);
#6374=AXIS2_PLACEMENT_3D('',#10084,#8319,#8320);
#6375=AXIS2_PLACEMENT_3D('',#10085,#8321,#8322);
#6376=AXIS2_PLACEMENT_3D('',#10087,#8323,#8324);
#6377=AXIS2_PLACEMENT_3D('',#10090,#8326,#8327);
#6378=AXIS2_PLACEMENT_3D('',#10091,#8328,#8329);
#6379=AXIS2_PLACEMENT_3D('',#10093,#8330,#8331);
#6380=AXIS2_PLACEMENT_3D('',#10096,#8333,#8334);
#6381=AXIS2_PLACEMENT_3D('',#10097,#8335,#8336);
#6382=AXIS2_PLACEMENT_3D('',#10099,#8337,#8338);
#6383=AXIS2_PLACEMENT_3D('',#10102,#8340,#8341);
#6384=AXIS2_PLACEMENT_3D('',#10103,#8342,#8343);
#6385=AXIS2_PLACEMENT_3D('',#10105,#8344,#8345);
#6386=AXIS2_PLACEMENT_3D('',#10108,#8347,#8348);
#6387=AXIS2_PLACEMENT_3D('',#10109,#8349,#8350);
#6388=AXIS2_PLACEMENT_3D('',#10111,#8351,#8352);
#6389=AXIS2_PLACEMENT_3D('',#10114,#8354,#8355);
#6390=AXIS2_PLACEMENT_3D('',#10115,#8356,#8357);
#6391=AXIS2_PLACEMENT_3D('',#10117,#8358,#8359);
#6392=AXIS2_PLACEMENT_3D('',#10120,#8361,#8362);
#6393=AXIS2_PLACEMENT_3D('',#10121,#8363,#8364);
#6394=AXIS2_PLACEMENT_3D('',#10123,#8365,#8366);
#6395=AXIS2_PLACEMENT_3D('',#10126,#8368,#8369);
#6396=AXIS2_PLACEMENT_3D('',#10127,#8370,#8371);
#6397=AXIS2_PLACEMENT_3D('',#10129,#8372,#8373);
#6398=AXIS2_PLACEMENT_3D('',#10132,#8375,#8376);
#6399=AXIS2_PLACEMENT_3D('',#10133,#8377,#8378);
#6400=AXIS2_PLACEMENT_3D('',#10135,#8379,#8380);
#6401=AXIS2_PLACEMENT_3D('',#10138,#8382,#8383);
#6402=AXIS2_PLACEMENT_3D('',#10139,#8384,#8385);
#6403=AXIS2_PLACEMENT_3D('',#10141,#8386,#8387);
#6404=AXIS2_PLACEMENT_3D('',#10144,#8389,#8390);
#6405=AXIS2_PLACEMENT_3D('',#10145,#8391,#8392);
#6406=AXIS2_PLACEMENT_3D('',#10147,#8393,#8394);
#6407=AXIS2_PLACEMENT_3D('',#10150,#8396,#8397);
#6408=AXIS2_PLACEMENT_3D('',#10151,#8398,#8399);
#6409=AXIS2_PLACEMENT_3D('',#10153,#8400,#8401);
#6410=AXIS2_PLACEMENT_3D('',#10156,#8403,#8404);
#6411=AXIS2_PLACEMENT_3D('',#10157,#8405,#8406);
#6412=AXIS2_PLACEMENT_3D('',#10159,#8407,#8408);
#6413=AXIS2_PLACEMENT_3D('',#10162,#8410,#8411);
#6414=AXIS2_PLACEMENT_3D('',#10163,#8412,#8413);
#6415=AXIS2_PLACEMENT_3D('',#10165,#8414,#8415);
#6416=AXIS2_PLACEMENT_3D('',#10168,#8417,#8418);
#6417=AXIS2_PLACEMENT_3D('',#10169,#8419,#8420);
#6418=AXIS2_PLACEMENT_3D('',#10171,#8421,#8422);
#6419=AXIS2_PLACEMENT_3D('',#10174,#8424,#8425);
#6420=AXIS2_PLACEMENT_3D('',#10175,#8426,#8427);
#6421=AXIS2_PLACEMENT_3D('',#10177,#8428,#8429);
#6422=AXIS2_PLACEMENT_3D('',#10180,#8431,#8432);
#6423=AXIS2_PLACEMENT_3D('',#10181,#8433,#8434);
#6424=AXIS2_PLACEMENT_3D('',#10183,#8435,#8436);
#6425=AXIS2_PLACEMENT_3D('',#10186,#8438,#8439);
#6426=AXIS2_PLACEMENT_3D('',#10187,#8440,#8441);
#6427=AXIS2_PLACEMENT_3D('',#10189,#8442,#8443);
#6428=AXIS2_PLACEMENT_3D('',#10192,#8445,#8446);
#6429=AXIS2_PLACEMENT_3D('',#10193,#8447,#8448);
#6430=AXIS2_PLACEMENT_3D('',#10195,#8449,#8450);
#6431=AXIS2_PLACEMENT_3D('',#10198,#8452,#8453);
#6432=AXIS2_PLACEMENT_3D('',#10199,#8454,#8455);
#6433=AXIS2_PLACEMENT_3D('',#10201,#8456,#8457);
#6434=AXIS2_PLACEMENT_3D('',#10204,#8459,#8460);
#6435=AXIS2_PLACEMENT_3D('',#10205,#8461,#8462);
#6436=AXIS2_PLACEMENT_3D('',#10207,#8463,#8464);
#6437=AXIS2_PLACEMENT_3D('',#10210,#8466,#8467);
#6438=AXIS2_PLACEMENT_3D('',#10211,#8468,#8469);
#6439=AXIS2_PLACEMENT_3D('',#10212,#8470,#8471);
#6440=AXIS2_PLACEMENT_3D('',#10213,#8472,#8473);
#6441=AXIS2_PLACEMENT_3D('',#10214,#8474,#8475);
#6442=DIRECTION('',(0.,0.,1.));
#6443=DIRECTION('',(1.,0.,0.));
#6444=DIRECTION('',(0.,0.,1.));
#6445=DIRECTION('',(1.,0.,0.));
#6446=DIRECTION('',(0.,0.,1.));
#6447=DIRECTION('',(1.,0.,0.));
#6448=DIRECTION('',(0.,0.,1.));
#6449=DIRECTION('',(0.,0.,1.));
#6450=DIRECTION('',(1.,0.,0.));
#6451=DIRECTION('',(0.,0.,1.));
#6452=DIRECTION('',(0.,0.,1.));
#6453=DIRECTION('',(1.,0.,0.));
#6454=DIRECTION('',(0.,0.,1.));
#6455=DIRECTION('',(1.,0.,0.));
#6456=DIRECTION('',(0.,0.,1.));
#6457=DIRECTION('',(1.,0.,0.));
#6458=DIRECTION('',(0.,0.,1.));
#6459=DIRECTION('',(0.,0.,1.));
#6460=DIRECTION('',(1.,0.,0.));
#6461=DIRECTION('',(0.,0.,1.));
#6462=DIRECTION('',(1.,0.,0.));
#6463=DIRECTION('',(0.,0.,1.));
#6464=DIRECTION('',(1.,0.,0.));
#6465=DIRECTION('',(0.,0.,1.));
#6466=DIRECTION('',(0.,0.,1.));
#6467=DIRECTION('',(1.,0.,0.));
#6468=DIRECTION('',(0.,0.,1.));
#6469=DIRECTION('',(1.,0.,0.));
#6470=DIRECTION('',(0.,0.,1.));
#6471=DIRECTION('',(1.,0.,0.));
#6472=DIRECTION('',(0.,0.,1.));
#6473=DIRECTION('',(0.,0.,1.));
#6474=DIRECTION('',(1.,0.,0.));
#6475=DIRECTION('',(0.,0.,1.));
#6476=DIRECTION('',(1.,0.,0.));
#6477=DIRECTION('',(0.,0.,1.));
#6478=DIRECTION('',(1.,0.,0.));
#6479=DIRECTION('',(0.,0.,1.));
#6480=DIRECTION('',(0.,0.,1.));
#6481=DIRECTION('',(1.,0.,0.));
#6482=DIRECTION('',(0.,0.,1.));
#6483=DIRECTION('',(1.,0.,0.));
#6484=DIRECTION('',(0.,0.,1.));
#6485=DIRECTION('',(1.,0.,0.));
#6486=DIRECTION('',(0.,0.,1.));
#6487=DIRECTION('',(0.,0.,1.));
#6488=DIRECTION('',(1.,0.,0.));
#6489=DIRECTION('',(0.,0.,1.));
#6490=DIRECTION('',(1.,0.,0.));
#6491=DIRECTION('',(0.,0.,1.));
#6492=DIRECTION('',(1.,0.,0.));
#6493=DIRECTION('',(0.,0.,1.));
#6494=DIRECTION('',(0.,0.,1.));
#6495=DIRECTION('',(1.,0.,0.));
#6496=DIRECTION('',(0.,0.,1.));
#6497=DIRECTION('',(1.,0.,0.));
#6498=DIRECTION('',(0.,0.,1.));
#6499=DIRECTION('',(1.,0.,0.));
#6500=DIRECTION('',(0.,0.,1.));
#6501=DIRECTION('',(0.,0.,1.));
#6502=DIRECTION('',(1.,0.,0.));
#6503=DIRECTION('',(0.,0.,1.));
#6504=DIRECTION('',(1.,0.,0.));
#6505=DIRECTION('',(0.,0.,1.));
#6506=DIRECTION('',(1.,0.,0.));
#6507=DIRECTION('',(0.,0.,1.));
#6508=DIRECTION('',(0.,0.,1.));
#6509=DIRECTION('',(1.,0.,0.));
#6510=DIRECTION('',(0.,0.,1.));
#6511=DIRECTION('',(1.,0.,0.));
#6512=DIRECTION('',(0.,0.,1.));
#6513=DIRECTION('',(1.,0.,0.));
#6514=DIRECTION('',(0.,0.,1.));
#6515=DIRECTION('',(0.,0.,1.));
#6516=DIRECTION('',(1.,0.,0.));
#6517=DIRECTION('',(0.,0.,1.));
#6518=DIRECTION('',(1.,0.,0.));
#6519=DIRECTION('',(0.,0.,1.));
#6520=DIRECTION('',(1.,0.,0.));
#6521=DIRECTION('',(0.,0.,1.));
#6522=DIRECTION('',(0.,0.,1.));
#6523=DIRECTION('',(1.,0.,0.));
#6524=DIRECTION('',(0.,0.,1.));
#6525=DIRECTION('',(1.,0.,0.));
#6526=DIRECTION('',(0.,0.,1.));
#6527=DIRECTION('',(1.,0.,0.));
#6528=DIRECTION('',(0.,0.,1.));
#6529=DIRECTION('',(0.,0.,1.));
#6530=DIRECTION('',(1.,0.,0.));
#6531=DIRECTION('',(0.,0.,1.));
#6532=DIRECTION('',(1.,0.,0.));
#6533=DIRECTION('',(0.,0.,1.));
#6534=DIRECTION('',(1.,0.,0.));
#6535=DIRECTION('',(0.,0.,1.));
#6536=DIRECTION('',(0.,0.,1.));
#6537=DIRECTION('',(1.,0.,0.));
#6538=DIRECTION('',(0.,0.,1.));
#6539=DIRECTION('',(1.,0.,0.));
#6540=DIRECTION('',(0.,0.,1.));
#6541=DIRECTION('',(1.,0.,0.));
#6542=DIRECTION('',(0.,0.,1.));
#6543=DIRECTION('',(0.,0.,1.));
#6544=DIRECTION('',(1.,0.,0.));
#6545=DIRECTION('',(0.,0.,1.));
#6546=DIRECTION('',(1.,0.,0.));
#6547=DIRECTION('',(0.,0.,1.));
#6548=DIRECTION('',(1.,0.,0.));
#6549=DIRECTION('',(0.,0.,1.));
#6550=DIRECTION('',(0.,0.,1.));
#6551=DIRECTION('',(1.,0.,0.));
#6552=DIRECTION('',(0.,0.,1.));
#6553=DIRECTION('',(1.,0.,0.));
#6554=DIRECTION('',(0.,0.,1.));
#6555=DIRECTION('',(1.,0.,0.));
#6556=DIRECTION('',(0.,0.,1.));
#6557=DIRECTION('',(0.,0.,1.));
#6558=DIRECTION('',(1.,0.,0.));
#6559=DIRECTION('',(0.,0.,1.));
#6560=DIRECTION('',(1.,0.,0.));
#6561=DIRECTION('',(0.,0.,1.));
#6562=DIRECTION('',(1.,0.,0.));
#6563=DIRECTION('',(0.,0.,1.));
#6564=DIRECTION('',(0.,0.,1.));
#6565=DIRECTION('',(1.,0.,0.));
#6566=DIRECTION('',(0.,0.,1.));
#6567=DIRECTION('',(1.,0.,0.));
#6568=DIRECTION('',(0.,0.,1.));
#6569=DIRECTION('',(1.,0.,0.));
#6570=DIRECTION('',(0.,0.,1.));
#6571=DIRECTION('',(0.,0.,1.));
#6572=DIRECTION('',(1.,0.,0.));
#6573=DIRECTION('',(0.,0.,1.));
#6574=DIRECTION('',(1.,0.,0.));
#6575=DIRECTION('',(0.,0.,1.));
#6576=DIRECTION('',(1.,0.,0.));
#6577=DIRECTION('',(0.,0.,1.));
#6578=DIRECTION('',(0.,0.,1.));
#6579=DIRECTION('',(1.,0.,0.));
#6580=DIRECTION('',(0.,0.,1.));
#6581=DIRECTION('',(1.,0.,0.));
#6582=DIRECTION('',(0.,0.,1.));
#6583=DIRECTION('',(1.,0.,0.));
#6584=DIRECTION('',(0.,0.,1.));
#6585=DIRECTION('',(0.,0.,1.));
#6586=DIRECTION('',(1.,0.,0.));
#6587=DIRECTION('',(0.,0.,1.));
#6588=DIRECTION('',(1.,0.,0.));
#6589=DIRECTION('',(0.,0.,1.));
#6590=DIRECTION('',(1.,0.,0.));
#6591=DIRECTION('',(0.,0.,1.));
#6592=DIRECTION('',(0.,0.,1.));
#6593=DIRECTION('',(1.,0.,0.));
#6594=DIRECTION('',(0.,0.,1.));
#6595=DIRECTION('',(1.,0.,0.));
#6596=DIRECTION('',(0.,0.,1.));
#6597=DIRECTION('',(1.,0.,0.));
#6598=DIRECTION('',(0.,0.,1.));
#6599=DIRECTION('',(0.,0.,1.));
#6600=DIRECTION('',(1.,0.,0.));
#6601=DIRECTION('',(0.,0.,1.));
#6602=DIRECTION('',(1.,0.,0.));
#6603=DIRECTION('',(0.,0.,1.));
#6604=DIRECTION('',(1.,0.,0.));
#6605=DIRECTION('',(0.,0.,1.));
#6606=DIRECTION('',(0.,0.,1.));
#6607=DIRECTION('',(1.,0.,0.));
#6608=DIRECTION('',(0.,0.,1.));
#6609=DIRECTION('',(1.,0.,0.));
#6610=DIRECTION('',(0.,0.,1.));
#6611=DIRECTION('',(1.,0.,0.));
#6612=DIRECTION('',(0.,0.,1.));
#6613=DIRECTION('',(0.,0.,1.));
#6614=DIRECTION('',(1.,0.,0.));
#6615=DIRECTION('',(0.,0.,1.));
#6616=DIRECTION('',(1.,0.,0.));
#6617=DIRECTION('',(0.,0.,1.));
#6618=DIRECTION('',(1.,0.,0.));
#6619=DIRECTION('',(0.,0.,1.));
#6620=DIRECTION('',(0.,0.,1.));
#6621=DIRECTION('',(1.,0.,0.));
#6622=DIRECTION('',(0.,0.,1.));
#6623=DIRECTION('',(1.,0.,0.));
#6624=DIRECTION('',(0.,0.,1.));
#6625=DIRECTION('',(1.,0.,0.));
#6626=DIRECTION('',(0.,0.,1.));
#6627=DIRECTION('',(0.,0.,1.));
#6628=DIRECTION('',(1.,0.,0.));
#6629=DIRECTION('',(0.,0.,1.));
#6630=DIRECTION('',(1.,0.,0.));
#6631=DIRECTION('',(0.,0.,1.));
#6632=DIRECTION('',(1.,0.,0.));
#6633=DIRECTION('',(0.,0.,1.));
#6634=DIRECTION('',(0.,0.,1.));
#6635=DIRECTION('',(1.,0.,0.));
#6636=DIRECTION('',(0.,0.,1.));
#6637=DIRECTION('',(1.,0.,0.));
#6638=DIRECTION('',(0.,0.,1.));
#6639=DIRECTION('',(1.,0.,0.));
#6640=DIRECTION('',(0.,0.,1.));
#6641=DIRECTION('',(0.,0.,1.));
#6642=DIRECTION('',(1.,0.,0.));
#6643=DIRECTION('',(0.,0.,1.));
#6644=DIRECTION('',(1.,0.,0.));
#6645=DIRECTION('',(0.,0.,1.));
#6646=DIRECTION('',(1.,0.,0.));
#6647=DIRECTION('',(0.,0.,1.));
#6648=DIRECTION('',(0.,0.,1.));
#6649=DIRECTION('',(1.,0.,0.));
#6650=DIRECTION('',(0.,0.,1.));
#6651=DIRECTION('',(1.,0.,0.));
#6652=DIRECTION('',(0.,0.,1.));
#6653=DIRECTION('',(1.,0.,0.));
#6654=DIRECTION('',(0.,0.,1.));
#6655=DIRECTION('',(0.,0.,1.));
#6656=DIRECTION('',(1.,0.,0.));
#6657=DIRECTION('',(0.,0.,1.));
#6658=DIRECTION('',(1.,0.,0.));
#6659=DIRECTION('',(0.,0.,1.));
#6660=DIRECTION('',(1.,0.,0.));
#6661=DIRECTION('',(0.,0.,1.));
#6662=DIRECTION('',(0.,0.,1.));
#6663=DIRECTION('',(1.,0.,0.));
#6664=DIRECTION('',(0.,0.,1.));
#6665=DIRECTION('',(1.,0.,0.));
#6666=DIRECTION('',(0.,0.,1.));
#6667=DIRECTION('',(1.,0.,0.));
#6668=DIRECTION('',(0.,0.,1.));
#6669=DIRECTION('',(0.,0.,1.));
#6670=DIRECTION('',(1.,0.,0.));
#6671=DIRECTION('',(0.,0.,1.));
#6672=DIRECTION('',(1.,0.,0.));
#6673=DIRECTION('',(0.,0.,1.));
#6674=DIRECTION('',(1.,0.,0.));
#6675=DIRECTION('',(0.,0.,1.));
#6676=DIRECTION('',(0.,0.,1.));
#6677=DIRECTION('',(1.,0.,0.));
#6678=DIRECTION('',(0.,0.,1.));
#6679=DIRECTION('',(1.,0.,0.));
#6680=DIRECTION('',(0.,0.,1.));
#6681=DIRECTION('',(1.,0.,0.));
#6682=DIRECTION('',(0.,0.,1.));
#6683=DIRECTION('',(0.,0.,1.));
#6684=DIRECTION('',(1.,0.,0.));
#6685=DIRECTION('',(0.,0.,1.));
#6686=DIRECTION('',(1.,0.,0.));
#6687=DIRECTION('',(0.,0.,1.));
#6688=DIRECTION('',(1.,0.,0.));
#6689=DIRECTION('',(0.,0.,1.));
#6690=DIRECTION('',(0.,0.,1.));
#6691=DIRECTION('',(1.,0.,0.));
#6692=DIRECTION('',(0.,0.,1.));
#6693=DIRECTION('',(1.,0.,0.));
#6694=DIRECTION('',(0.,0.,1.));
#6695=DIRECTION('',(1.,0.,0.));
#6696=DIRECTION('',(0.,0.,1.));
#6697=DIRECTION('',(0.,0.,1.));
#6698=DIRECTION('',(1.,0.,0.));
#6699=DIRECTION('',(0.,0.,1.));
#6700=DIRECTION('',(1.,0.,0.));
#6701=DIRECTION('',(0.,0.,1.));
#6702=DIRECTION('',(1.,0.,0.));
#6703=DIRECTION('',(0.,0.,1.));
#6704=DIRECTION('',(0.,0.,1.));
#6705=DIRECTION('',(1.,0.,0.));
#6706=DIRECTION('',(0.,0.,1.));
#6707=DIRECTION('',(1.,0.,0.));
#6708=DIRECTION('',(0.,0.,1.));
#6709=DIRECTION('',(1.,0.,0.));
#6710=DIRECTION('',(0.,0.,1.));
#6711=DIRECTION('',(0.,0.,1.));
#6712=DIRECTION('',(1.,0.,0.));
#6713=DIRECTION('',(0.,0.,1.));
#6714=DIRECTION('',(1.,0.,0.));
#6715=DIRECTION('',(0.,0.,1.));
#6716=DIRECTION('',(1.,0.,0.));
#6717=DIRECTION('',(0.,0.,1.));
#6718=DIRECTION('',(0.,0.,1.));
#6719=DIRECTION('',(1.,0.,0.));
#6720=DIRECTION('',(0.,0.,1.));
#6721=DIRECTION('',(1.,0.,0.));
#6722=DIRECTION('',(0.,0.,1.));
#6723=DIRECTION('',(1.,0.,0.));
#6724=DIRECTION('',(0.,0.,1.));
#6725=DIRECTION('',(0.,0.,1.));
#6726=DIRECTION('',(1.,0.,0.));
#6727=DIRECTION('',(0.,0.,1.));
#6728=DIRECTION('',(1.,0.,0.));
#6729=DIRECTION('',(0.,0.,1.));
#6730=DIRECTION('',(1.,0.,0.));
#6731=DIRECTION('',(0.,0.,1.));
#6732=DIRECTION('',(0.,0.,1.));
#6733=DIRECTION('',(1.,0.,0.));
#6734=DIRECTION('',(0.,0.,1.));
#6735=DIRECTION('',(1.,0.,0.));
#6736=DIRECTION('',(0.,0.,1.));
#6737=DIRECTION('',(1.,0.,0.));
#6738=DIRECTION('',(0.,0.,1.));
#6739=DIRECTION('',(0.,0.,1.));
#6740=DIRECTION('',(1.,0.,0.));
#6741=DIRECTION('',(0.,0.,1.));
#6742=DIRECTION('',(1.,0.,0.));
#6743=DIRECTION('',(0.,0.,1.));
#6744=DIRECTION('',(1.,0.,0.));
#6745=DIRECTION('',(0.,0.,1.));
#6746=DIRECTION('',(0.,0.,1.));
#6747=DIRECTION('',(1.,0.,0.));
#6748=DIRECTION('',(0.,0.,1.));
#6749=DIRECTION('',(1.,0.,0.));
#6750=DIRECTION('',(0.,0.,1.));
#6751=DIRECTION('',(1.,0.,0.));
#6752=DIRECTION('',(0.,0.,1.));
#6753=DIRECTION('',(0.,0.,1.));
#6754=DIRECTION('',(1.,0.,0.));
#6755=DIRECTION('',(0.,0.,1.));
#6756=DIRECTION('',(1.,0.,0.));
#6757=DIRECTION('',(0.,0.,1.));
#6758=DIRECTION('',(1.,0.,0.));
#6759=DIRECTION('',(0.,0.,1.));
#6760=DIRECTION('',(0.,0.,1.));
#6761=DIRECTION('',(1.,0.,0.));
#6762=DIRECTION('',(0.,0.,1.));
#6763=DIRECTION('',(1.,0.,0.));
#6764=DIRECTION('',(0.,0.,1.));
#6765=DIRECTION('',(1.,0.,0.));
#6766=DIRECTION('',(0.,0.,1.));
#6767=DIRECTION('',(0.,0.,1.));
#6768=DIRECTION('',(1.,0.,0.));
#6769=DIRECTION('',(0.,0.,1.));
#6770=DIRECTION('',(1.,0.,0.));
#6771=DIRECTION('',(0.,0.,1.));
#6772=DIRECTION('',(1.,0.,0.));
#6773=DIRECTION('',(0.,0.,1.));
#6774=DIRECTION('',(0.,0.,1.));
#6775=DIRECTION('',(1.,0.,0.));
#6776=DIRECTION('',(0.,0.,1.));
#6777=DIRECTION('',(1.,0.,0.));
#6778=DIRECTION('',(0.,0.,1.));
#6779=DIRECTION('',(1.,0.,0.));
#6780=DIRECTION('',(0.,0.,1.));
#6781=DIRECTION('',(0.,0.,1.));
#6782=DIRECTION('',(1.,0.,0.));
#6783=DIRECTION('',(0.,0.,1.));
#6784=DIRECTION('',(1.,0.,0.));
#6785=DIRECTION('',(0.,0.,1.));
#6786=DIRECTION('',(1.,0.,0.));
#6787=DIRECTION('',(0.,0.,1.));
#6788=DIRECTION('',(0.,0.,1.));
#6789=DIRECTION('',(1.,0.,0.));
#6790=DIRECTION('',(0.,0.,1.));
#6791=DIRECTION('',(1.,0.,0.));
#6792=DIRECTION('',(0.,0.,1.));
#6793=DIRECTION('',(1.,0.,0.));
#6794=DIRECTION('',(0.,0.,1.));
#6795=DIRECTION('',(0.,0.,1.));
#6796=DIRECTION('',(1.,0.,0.));
#6797=DIRECTION('',(0.,0.,1.));
#6798=DIRECTION('',(1.,0.,0.));
#6799=DIRECTION('',(0.,0.,1.));
#6800=DIRECTION('',(1.,0.,0.));
#6801=DIRECTION('',(0.,0.,1.));
#6802=DIRECTION('',(0.,0.,1.));
#6803=DIRECTION('',(1.,0.,0.));
#6804=DIRECTION('',(0.,0.,1.));
#6805=DIRECTION('',(1.,0.,0.));
#6806=DIRECTION('',(0.,0.,1.));
#6807=DIRECTION('',(1.,0.,0.));
#6808=DIRECTION('',(0.,0.,1.));
#6809=DIRECTION('',(0.,0.,1.));
#6810=DIRECTION('',(1.,0.,0.));
#6811=DIRECTION('',(0.,0.,1.));
#6812=DIRECTION('',(1.,0.,0.));
#6813=DIRECTION('',(0.,0.,1.));
#6814=DIRECTION('',(1.,0.,0.));
#6815=DIRECTION('',(0.,0.,1.));
#6816=DIRECTION('',(0.,0.,1.));
#6817=DIRECTION('',(1.,0.,0.));
#6818=DIRECTION('',(0.,0.,1.));
#6819=DIRECTION('',(1.,0.,0.));
#6820=DIRECTION('',(0.,0.,1.));
#6821=DIRECTION('',(1.,0.,0.));
#6822=DIRECTION('',(0.,0.,1.));
#6823=DIRECTION('',(0.,0.,1.));
#6824=DIRECTION('',(1.,0.,0.));
#6825=DIRECTION('',(0.,0.,1.));
#6826=DIRECTION('',(1.,0.,0.));
#6827=DIRECTION('',(0.,0.,1.));
#6828=DIRECTION('',(1.,0.,0.));
#6829=DIRECTION('',(0.,0.,1.));
#6830=DIRECTION('',(0.,0.,1.));
#6831=DIRECTION('',(1.,0.,0.));
#6832=DIRECTION('',(0.,0.,1.));
#6833=DIRECTION('',(1.,0.,0.));
#6834=DIRECTION('',(0.,0.,1.));
#6835=DIRECTION('',(1.,0.,0.));
#6836=DIRECTION('',(0.,0.,1.));
#6837=DIRECTION('',(0.,0.,1.));
#6838=DIRECTION('',(1.,0.,0.));
#6839=DIRECTION('',(0.,0.,1.));
#6840=DIRECTION('',(1.,0.,0.));
#6841=DIRECTION('',(0.,0.,1.));
#6842=DIRECTION('',(1.,0.,0.));
#6843=DIRECTION('',(0.,0.,1.));
#6844=DIRECTION('',(0.,0.,1.));
#6845=DIRECTION('',(1.,0.,0.));
#6846=DIRECTION('',(0.,0.,1.));
#6847=DIRECTION('',(1.,0.,0.));
#6848=DIRECTION('',(0.,0.,1.));
#6849=DIRECTION('',(1.,0.,0.));
#6850=DIRECTION('',(0.,0.,1.));
#6851=DIRECTION('',(0.,0.,1.));
#6852=DIRECTION('',(1.,0.,0.));
#6853=DIRECTION('',(0.,0.,1.));
#6854=DIRECTION('',(1.,0.,0.));
#6855=DIRECTION('',(0.,0.,1.));
#6856=DIRECTION('',(1.,0.,0.));
#6857=DIRECTION('',(0.,0.,1.));
#6858=DIRECTION('',(0.,0.,1.));
#6859=DIRECTION('',(1.,0.,0.));
#6860=DIRECTION('',(0.,0.,1.));
#6861=DIRECTION('',(1.,0.,0.));
#6862=DIRECTION('',(0.,0.,1.));
#6863=DIRECTION('',(1.,0.,0.));
#6864=DIRECTION('',(0.,0.,1.));
#6865=DIRECTION('',(0.,0.,1.));
#6866=DIRECTION('',(1.,0.,0.));
#6867=DIRECTION('',(0.,0.,1.));
#6868=DIRECTION('',(1.,0.,0.));
#6869=DIRECTION('',(0.,0.,1.));
#6870=DIRECTION('',(1.,0.,0.));
#6871=DIRECTION('',(0.,0.,1.));
#6872=DIRECTION('',(0.,0.,1.));
#6873=DIRECTION('',(1.,0.,0.));
#6874=DIRECTION('',(0.,0.,1.));
#6875=DIRECTION('',(1.,0.,0.));
#6876=DIRECTION('',(0.,0.,1.));
#6877=DIRECTION('',(1.,0.,0.));
#6878=DIRECTION('',(0.,0.,1.));
#6879=DIRECTION('',(0.,0.,1.));
#6880=DIRECTION('',(1.,0.,0.));
#6881=DIRECTION('',(0.,0.,1.));
#6882=DIRECTION('',(1.,0.,0.));
#6883=DIRECTION('',(0.,0.,1.));
#6884=DIRECTION('',(1.,0.,0.));
#6885=DIRECTION('',(0.,0.,1.));
#6886=DIRECTION('',(0.,0.,1.));
#6887=DIRECTION('',(1.,0.,0.));
#6888=DIRECTION('',(0.,0.,-1.));
#6889=DIRECTION('',(1.,0.,0.));
#6890=DIRECTION('',(0.,0.,-1.));
#6891=DIRECTION('',(1.,0.,0.));
#6892=DIRECTION('',(0.,0.,1.));
#6893=DIRECTION('',(0.,0.,1.));
#6894=DIRECTION('',(1.,0.,0.));
#6895=DIRECTION('',(0.,0.,-1.));
#6896=DIRECTION('',(1.,0.,0.));
#6897=DIRECTION('',(0.,0.,-1.));
#6898=DIRECTION('',(1.,0.,0.));
#6899=DIRECTION('',(0.,0.,1.));
#6900=DIRECTION('',(0.,0.,1.));
#6901=DIRECTION('',(1.,0.,0.));
#6902=DIRECTION('',(0.,0.,-1.));
#6903=DIRECTION('',(1.,0.,0.));
#6904=DIRECTION('',(0.,0.,-1.));
#6905=DIRECTION('',(1.,0.,0.));
#6906=DIRECTION('',(0.,0.,1.));
#6907=DIRECTION('',(0.,0.,1.));
#6908=DIRECTION('',(1.,0.,0.));
#6909=DIRECTION('',(0.,0.,-1.));
#6910=DIRECTION('',(1.,0.,0.));
#6911=DIRECTION('',(0.,0.,-1.));
#6912=DIRECTION('',(1.,0.,0.));
#6913=DIRECTION('',(0.,0.,1.));
#6914=DIRECTION('',(0.,0.,1.));
#6915=DIRECTION('',(1.,0.,0.));
#6916=DIRECTION('',(0.,0.,-1.));
#6917=DIRECTION('',(1.,0.,0.));
#6918=DIRECTION('',(0.,0.,-1.));
#6919=DIRECTION('',(1.,0.,0.));
#6920=DIRECTION('',(0.,0.,1.));
#6921=DIRECTION('',(0.,0.,1.));
#6922=DIRECTION('',(1.,0.,0.));
#6923=DIRECTION('',(0.,0.,-1.));
#6924=DIRECTION('',(1.,0.,0.));
#6925=DIRECTION('',(0.,0.,-1.));
#6926=DIRECTION('',(1.,0.,0.));
#6927=DIRECTION('',(0.,0.,1.));
#6928=DIRECTION('',(0.,0.,1.));
#6929=DIRECTION('',(1.,0.,0.));
#6930=DIRECTION('',(0.,0.,-1.));
#6931=DIRECTION('',(1.,0.,0.));
#6932=DIRECTION('',(0.,0.,-1.));
#6933=DIRECTION('',(1.,0.,0.));
#6934=DIRECTION('',(0.,0.,1.));
#6935=DIRECTION('',(0.,0.,1.));
#6936=DIRECTION('',(1.,0.,0.));
#6937=DIRECTION('',(0.,0.,-1.));
#6938=DIRECTION('',(1.,0.,0.));
#6939=DIRECTION('',(0.,0.,-1.));
#6940=DIRECTION('',(1.,0.,0.));
#6941=DIRECTION('',(0.,0.,1.));
#6942=DIRECTION('',(0.,0.,1.));
#6943=DIRECTION('',(1.,0.,0.));
#6944=DIRECTION('',(0.,0.,-1.));
#6945=DIRECTION('',(1.,0.,0.));
#6946=DIRECTION('',(0.,0.,-1.));
#6947=DIRECTION('',(1.,0.,0.));
#6948=DIRECTION('',(0.,0.,1.));
#6949=DIRECTION('',(0.,0.,1.));
#6950=DIRECTION('',(1.,0.,0.));
#6951=DIRECTION('',(0.,0.,-1.));
#6952=DIRECTION('',(1.,0.,0.));
#6953=DIRECTION('',(0.,0.,-1.));
#6954=DIRECTION('',(1.,0.,0.));
#6955=DIRECTION('',(0.,0.,1.));
#6956=DIRECTION('',(0.,0.,1.));
#6957=DIRECTION('',(1.,0.,0.));
#6958=DIRECTION('',(0.,0.,-1.));
#6959=DIRECTION('',(1.,0.,0.));
#6960=DIRECTION('',(0.,0.,-1.));
#6961=DIRECTION('',(1.,0.,0.));
#6962=DIRECTION('',(0.,0.,1.));
#6963=DIRECTION('',(0.,0.,1.));
#6964=DIRECTION('',(1.,0.,0.));
#6965=DIRECTION('',(0.,0.,-1.));
#6966=DIRECTION('',(1.,0.,0.));
#6967=DIRECTION('',(0.,0.,-1.));
#6968=DIRECTION('',(1.,0.,0.));
#6969=DIRECTION('',(0.,0.,1.));
#6970=DIRECTION('',(0.,0.,1.));
#6971=DIRECTION('',(1.,0.,0.));
#6972=DIRECTION('',(0.,0.,-1.));
#6973=DIRECTION('',(1.,0.,0.));
#6974=DIRECTION('',(0.,0.,-1.));
#6975=DIRECTION('',(1.,0.,0.));
#6976=DIRECTION('',(0.,0.,1.));
#6977=DIRECTION('',(0.,0.,1.));
#6978=DIRECTION('',(1.,0.,0.));
#6979=DIRECTION('',(0.,0.,-1.));
#6980=DIRECTION('',(1.,0.,0.));
#6981=DIRECTION('',(0.,0.,-1.));
#6982=DIRECTION('',(1.,0.,0.));
#6983=DIRECTION('',(0.,0.,1.));
#6984=DIRECTION('',(0.,0.,1.));
#6985=DIRECTION('',(1.,0.,0.));
#6986=DIRECTION('',(0.,0.,-1.));
#6987=DIRECTION('',(1.,0.,0.));
#6988=DIRECTION('',(0.,0.,-1.));
#6989=DIRECTION('',(1.,0.,0.));
#6990=DIRECTION('',(0.,0.,1.));
#6991=DIRECTION('',(0.,0.,1.));
#6992=DIRECTION('',(1.,0.,0.));
#6993=DIRECTION('',(0.,0.,-1.));
#6994=DIRECTION('',(1.,0.,0.));
#6995=DIRECTION('',(0.,0.,-1.));
#6996=DIRECTION('',(1.,0.,0.));
#6997=DIRECTION('',(0.,0.,1.));
#6998=DIRECTION('',(0.,0.,1.));
#6999=DIRECTION('',(1.,0.,0.));
#7000=DIRECTION('',(0.,0.,-1.));
#7001=DIRECTION('',(1.,0.,0.));
#7002=DIRECTION('',(0.,0.,-1.));
#7003=DIRECTION('',(1.,0.,0.));
#7004=DIRECTION('',(0.,0.,1.));
#7005=DIRECTION('',(0.,0.,1.));
#7006=DIRECTION('',(1.,0.,0.));
#7007=DIRECTION('',(0.,0.,-1.));
#7008=DIRECTION('',(1.,0.,0.));
#7009=DIRECTION('',(0.,0.,-1.));
#7010=DIRECTION('',(1.,0.,0.));
#7011=DIRECTION('',(0.,0.,1.));
#7012=DIRECTION('',(0.,0.,1.));
#7013=DIRECTION('',(1.,0.,0.));
#7014=DIRECTION('',(0.,0.,-1.));
#7015=DIRECTION('',(1.,0.,0.));
#7016=DIRECTION('',(0.,0.,-1.));
#7017=DIRECTION('',(1.,0.,0.));
#7018=DIRECTION('',(0.,0.,1.));
#7019=DIRECTION('',(0.,0.,1.));
#7020=DIRECTION('',(1.,0.,0.));
#7021=DIRECTION('',(0.,0.,-1.));
#7022=DIRECTION('',(1.,0.,0.));
#7023=DIRECTION('',(0.,0.,-1.));
#7024=DIRECTION('',(1.,0.,0.));
#7025=DIRECTION('',(0.,0.,1.));
#7026=DIRECTION('',(0.,0.,1.));
#7027=DIRECTION('',(1.,0.,0.));
#7028=DIRECTION('',(0.,0.,-1.));
#7029=DIRECTION('',(1.,0.,0.));
#7030=DIRECTION('',(0.,0.,-1.));
#7031=DIRECTION('',(1.,0.,0.));
#7032=DIRECTION('',(0.,0.,1.));
#7033=DIRECTION('',(0.,0.,1.));
#7034=DIRECTION('',(1.,0.,0.));
#7035=DIRECTION('',(0.,0.,-1.));
#7036=DIRECTION('',(1.,0.,0.));
#7037=DIRECTION('',(0.,0.,-1.));
#7038=DIRECTION('',(1.,0.,0.));
#7039=DIRECTION('',(0.,0.,1.));
#7040=DIRECTION('',(0.,0.,1.));
#7041=DIRECTION('',(1.,0.,0.));
#7042=DIRECTION('',(0.,0.,-1.));
#7043=DIRECTION('',(1.,0.,0.));
#7044=DIRECTION('',(0.,0.,-1.));
#7045=DIRECTION('',(1.,0.,0.));
#7046=DIRECTION('',(0.,0.,1.));
#7047=DIRECTION('',(0.,0.,1.));
#7048=DIRECTION('',(1.,0.,0.));
#7049=DIRECTION('',(0.,0.,-1.));
#7050=DIRECTION('',(1.,0.,0.));
#7051=DIRECTION('',(0.,0.,-1.));
#7052=DIRECTION('',(1.,0.,0.));
#7053=DIRECTION('',(0.,0.,1.));
#7054=DIRECTION('',(0.,0.,1.));
#7055=DIRECTION('',(1.,0.,0.));
#7056=DIRECTION('',(0.,0.,-1.));
#7057=DIRECTION('',(1.,0.,0.));
#7058=DIRECTION('',(0.,0.,-1.));
#7059=DIRECTION('',(1.,0.,0.));
#7060=DIRECTION('',(0.,0.,1.));
#7061=DIRECTION('',(0.,0.,1.));
#7062=DIRECTION('',(1.,0.,0.));
#7063=DIRECTION('',(0.,0.,-1.));
#7064=DIRECTION('',(1.,0.,0.));
#7065=DIRECTION('',(0.,0.,-1.));
#7066=DIRECTION('',(1.,0.,0.));
#7067=DIRECTION('',(0.,0.,1.));
#7068=DIRECTION('',(0.,0.,1.));
#7069=DIRECTION('',(1.,0.,0.));
#7070=DIRECTION('',(0.,0.,-1.));
#7071=DIRECTION('',(1.,0.,0.));
#7072=DIRECTION('',(0.,0.,-1.));
#7073=DIRECTION('',(1.,0.,0.));
#7074=DIRECTION('',(0.,0.,1.));
#7075=DIRECTION('',(0.,0.,1.));
#7076=DIRECTION('',(1.,0.,0.));
#7077=DIRECTION('',(0.,0.,-1.));
#7078=DIRECTION('',(1.,0.,0.));
#7079=DIRECTION('',(0.,0.,-1.));
#7080=DIRECTION('',(1.,0.,0.));
#7081=DIRECTION('',(0.,0.,1.));
#7082=DIRECTION('',(0.,0.,1.));
#7083=DIRECTION('',(1.,0.,0.));
#7084=DIRECTION('',(0.,0.,-1.));
#7085=DIRECTION('',(1.,0.,0.));
#7086=DIRECTION('',(0.,0.,-1.));
#7087=DIRECTION('',(1.,0.,0.));
#7088=DIRECTION('',(0.,0.,1.));
#7089=DIRECTION('',(0.,0.,1.));
#7090=DIRECTION('',(1.,0.,0.));
#7091=DIRECTION('',(0.,0.,-1.));
#7092=DIRECTION('',(1.,0.,0.));
#7093=DIRECTION('',(0.,0.,-1.));
#7094=DIRECTION('',(1.,0.,0.));
#7095=DIRECTION('',(0.,0.,1.));
#7096=DIRECTION('',(0.,0.,1.));
#7097=DIRECTION('',(1.,0.,0.));
#7098=DIRECTION('',(0.,0.,-1.));
#7099=DIRECTION('',(1.,0.,0.));
#7100=DIRECTION('',(0.,0.,-1.));
#7101=DIRECTION('',(1.,0.,0.));
#7102=DIRECTION('',(0.,0.,1.));
#7103=DIRECTION('',(0.,0.,1.));
#7104=DIRECTION('',(1.,0.,0.));
#7105=DIRECTION('',(0.,0.,1.));
#7106=DIRECTION('',(1.,0.,0.));
#7107=DIRECTION('',(0.,0.,1.));
#7108=DIRECTION('',(1.,0.,0.));
#7109=DIRECTION('',(0.,0.,1.));
#7110=DIRECTION('',(0.,0.,1.));
#7111=DIRECTION('',(1.,0.,0.));
#7112=DIRECTION('',(0.,0.,1.));
#7113=DIRECTION('',(1.,0.,0.));
#7114=DIRECTION('',(0.,0.,1.));
#7115=DIRECTION('',(1.,0.,0.));
#7116=DIRECTION('',(0.,0.,1.));
#7117=DIRECTION('',(0.,0.,1.));
#7118=DIRECTION('',(1.,0.,0.));
#7119=DIRECTION('',(0.,0.,1.));
#7120=DIRECTION('',(1.,0.,0.));
#7121=DIRECTION('',(0.,0.,1.));
#7122=DIRECTION('',(1.,0.,0.));
#7123=DIRECTION('',(0.,0.,1.));
#7124=DIRECTION('',(0.,0.,1.));
#7125=DIRECTION('',(1.,0.,0.));
#7126=DIRECTION('',(0.,0.,1.));
#7127=DIRECTION('',(1.,0.,0.));
#7128=DIRECTION('',(0.,0.,1.));
#7129=DIRECTION('',(1.,0.,0.));
#7130=DIRECTION('',(0.,0.,1.));
#7131=DIRECTION('',(0.,0.,1.));
#7132=DIRECTION('',(1.,0.,0.));
#7133=DIRECTION('',(0.,0.,1.));
#7134=DIRECTION('',(1.,0.,0.));
#7135=DIRECTION('',(0.,0.,1.));
#7136=DIRECTION('',(1.,0.,0.));
#7137=DIRECTION('',(0.,0.,1.));
#7138=DIRECTION('',(0.,0.,1.));
#7139=DIRECTION('',(1.,0.,0.));
#7140=DIRECTION('',(0.,0.,1.));
#7141=DIRECTION('',(1.,0.,0.));
#7142=DIRECTION('',(0.,0.,1.));
#7143=DIRECTION('',(1.,0.,0.));
#7144=DIRECTION('',(0.,0.,1.));
#7145=DIRECTION('',(0.,0.,1.));
#7146=DIRECTION('',(1.,0.,0.));
#7147=DIRECTION('',(0.,0.,1.));
#7148=DIRECTION('',(1.,0.,0.));
#7149=DIRECTION('',(0.,0.,1.));
#7150=DIRECTION('',(1.,0.,0.));
#7151=DIRECTION('',(0.,0.,1.));
#7152=DIRECTION('',(0.,0.,1.));
#7153=DIRECTION('',(1.,0.,0.));
#7154=DIRECTION('',(0.,0.,1.));
#7155=DIRECTION('',(1.,0.,0.));
#7156=DIRECTION('',(0.,0.,1.));
#7157=DIRECTION('',(1.,0.,0.));
#7158=DIRECTION('',(0.,0.,1.));
#7159=DIRECTION('',(0.,0.,1.));
#7160=DIRECTION('',(1.,0.,0.));
#7161=DIRECTION('',(0.,0.,1.));
#7162=DIRECTION('',(1.,0.,0.));
#7163=DIRECTION('',(0.,0.,1.));
#7164=DIRECTION('',(1.,0.,0.));
#7165=DIRECTION('',(0.,0.,1.));
#7166=DIRECTION('',(0.,0.,1.));
#7167=DIRECTION('',(1.,0.,0.));
#7168=DIRECTION('',(0.,0.,1.));
#7169=DIRECTION('',(1.,0.,0.));
#7170=DIRECTION('',(0.,0.,1.));
#7171=DIRECTION('',(1.,0.,0.));
#7172=DIRECTION('',(0.,0.,1.));
#7173=DIRECTION('',(0.,0.,1.));
#7174=DIRECTION('',(1.,0.,0.));
#7175=DIRECTION('',(0.,0.,1.));
#7176=DIRECTION('',(1.,0.,0.));
#7177=DIRECTION('',(0.,0.,1.));
#7178=DIRECTION('',(1.,0.,0.));
#7179=DIRECTION('',(0.,0.,1.));
#7180=DIRECTION('',(0.,0.,1.));
#7181=DIRECTION('',(1.,0.,0.));
#7182=DIRECTION('',(0.,0.,1.));
#7183=DIRECTION('',(1.,0.,0.));
#7184=DIRECTION('',(0.,0.,1.));
#7185=DIRECTION('',(1.,0.,0.));
#7186=DIRECTION('',(0.,0.,1.));
#7187=DIRECTION('',(0.,0.,1.));
#7188=DIRECTION('',(1.,0.,0.));
#7189=DIRECTION('',(0.,0.,1.));
#7190=DIRECTION('',(1.,0.,0.));
#7191=DIRECTION('',(0.,0.,1.));
#7192=DIRECTION('',(1.,0.,0.));
#7193=DIRECTION('',(0.,0.,1.));
#7194=DIRECTION('',(0.,0.,1.));
#7195=DIRECTION('',(1.,0.,0.));
#7196=DIRECTION('',(0.,0.,1.));
#7197=DIRECTION('',(1.,0.,0.));
#7198=DIRECTION('',(0.,0.,1.));
#7199=DIRECTION('',(1.,0.,0.));
#7200=DIRECTION('',(0.,0.,1.));
#7201=DIRECTION('',(0.,0.,1.));
#7202=DIRECTION('',(1.,0.,0.));
#7203=DIRECTION('',(0.,0.,1.));
#7204=DIRECTION('',(1.,0.,0.));
#7205=DIRECTION('',(0.,0.,1.));
#7206=DIRECTION('',(1.,0.,0.));
#7207=DIRECTION('',(0.,0.,1.));
#7208=DIRECTION('',(1.,0.,0.));
#7209=DIRECTION('',(0.,0.,1.));
#7210=DIRECTION('',(1.,0.,0.));
#7211=DIRECTION('',(0.,0.,1.));
#7212=DIRECTION('',(1.,0.,0.));
#7213=DIRECTION('',(0.,0.,-1.));
#7214=DIRECTION('',(-1.,0.,0.));
#7215=DIRECTION('',(0.,0.,1.));
#7216=DIRECTION('',(1.,0.,0.));
#7217=DIRECTION('',(0.,0.,-1.));
#7218=DIRECTION('',(0.,0.,1.));
#7219=DIRECTION('',(1.,0.,0.));
#7220=DIRECTION('',(0.,0.,-1.));
#7221=DIRECTION('',(0.,0.,1.));
#7222=DIRECTION('',(1.,0.,0.));
#7223=DIRECTION('',(0.,0.,1.));
#7224=DIRECTION('',(1.,0.,0.));
#7225=DIRECTION('',(0.,0.,1.));
#7226=DIRECTION('',(1.,0.,0.));
#7227=DIRECTION('',(0.,0.,1.));
#7228=DIRECTION('',(1.,0.,0.));
#7229=DIRECTION('',(0.,0.,1.));
#7230=DIRECTION('',(1.,0.,0.));
#7231=DIRECTION('',(0.,0.,1.));
#7232=DIRECTION('',(1.,0.,0.));
#7233=DIRECTION('',(0.,0.,1.));
#7234=DIRECTION('',(1.,0.,0.));
#7235=DIRECTION('',(0.,0.,1.));
#7236=DIRECTION('',(1.,0.,0.));
#7237=DIRECTION('',(0.,0.,1.));
#7238=DIRECTION('',(1.,0.,0.));
#7239=DIRECTION('',(0.,0.,1.));
#7240=DIRECTION('',(1.,0.,0.));
#7241=DIRECTION('',(0.,0.,1.));
#7242=DIRECTION('',(1.,0.,0.));
#7243=DIRECTION('',(0.,0.,1.));
#7244=DIRECTION('',(1.,0.,0.));
#7245=DIRECTION('',(0.,0.,1.));
#7246=DIRECTION('',(1.,0.,0.));
#7247=DIRECTION('',(0.,0.,1.));
#7248=DIRECTION('',(1.,0.,0.));
#7249=DIRECTION('',(0.,0.,1.));
#7250=DIRECTION('',(1.,0.,0.));
#7251=DIRECTION('',(0.,0.,1.));
#7252=DIRECTION('',(1.,0.,0.));
#7253=DIRECTION('',(0.,0.,1.));
#7254=DIRECTION('',(1.,0.,0.));
#7255=DIRECTION('',(0.,0.,1.));
#7256=DIRECTION('',(1.,0.,0.));
#7257=DIRECTION('',(0.,0.,1.));
#7258=DIRECTION('',(1.,0.,0.));
#7259=DIRECTION('',(0.,0.,1.));
#7260=DIRECTION('',(1.,0.,0.));
#7261=DIRECTION('',(0.,0.,1.));
#7262=DIRECTION('',(1.,0.,0.));
#7263=DIRECTION('',(0.,0.,1.));
#7264=DIRECTION('',(1.,0.,0.));
#7265=DIRECTION('',(0.,0.,1.));
#7266=DIRECTION('',(1.,0.,0.));
#7267=DIRECTION('',(0.,0.,1.));
#7268=DIRECTION('',(1.,0.,0.));
#7269=DIRECTION('',(0.,0.,1.));
#7270=DIRECTION('',(1.,0.,0.));
#7271=DIRECTION('',(0.,0.,1.));
#7272=DIRECTION('',(1.,0.,0.));
#7273=DIRECTION('',(0.,0.,1.));
#7274=DIRECTION('',(1.,0.,0.));
#7275=DIRECTION('',(0.,0.,1.));
#7276=DIRECTION('',(1.,0.,0.));
#7277=DIRECTION('',(0.,0.,1.));
#7278=DIRECTION('',(1.,0.,0.));
#7279=DIRECTION('',(0.,0.,1.));
#7280=DIRECTION('',(1.,0.,0.));
#7281=DIRECTION('',(0.,0.,1.));
#7282=DIRECTION('',(1.,0.,0.));
#7283=DIRECTION('',(0.,0.,1.));
#7284=DIRECTION('',(1.,0.,0.));
#7285=DIRECTION('',(0.,0.,1.));
#7286=DIRECTION('',(1.,0.,0.));
#7287=DIRECTION('',(0.,0.,1.));
#7288=DIRECTION('',(1.,0.,0.));
#7289=DIRECTION('',(0.,0.,1.));
#7290=DIRECTION('',(1.,0.,0.));
#7291=DIRECTION('',(0.,0.,1.));
#7292=DIRECTION('',(1.,0.,0.));
#7293=DIRECTION('',(0.,0.,1.));
#7294=DIRECTION('',(1.,0.,0.));
#7295=DIRECTION('',(0.,0.,1.));
#7296=DIRECTION('',(1.,0.,0.));
#7297=DIRECTION('',(0.,0.,1.));
#7298=DIRECTION('',(1.,0.,0.));
#7299=DIRECTION('',(0.,0.,1.));
#7300=DIRECTION('',(1.,0.,0.));
#7301=DIRECTION('',(0.,0.,1.));
#7302=DIRECTION('',(1.,0.,0.));
#7303=DIRECTION('',(0.,0.,1.));
#7304=DIRECTION('',(1.,0.,0.));
#7305=DIRECTION('',(0.,0.,1.));
#7306=DIRECTION('',(1.,0.,0.));
#7307=DIRECTION('',(0.,0.,1.));
#7308=DIRECTION('',(1.,0.,0.));
#7309=DIRECTION('',(0.,0.,1.));
#7310=DIRECTION('',(1.,0.,0.));
#7311=DIRECTION('',(0.,0.,1.));
#7312=DIRECTION('',(1.,0.,0.));
#7313=DIRECTION('',(0.,0.,1.));
#7314=DIRECTION('',(1.,0.,0.));
#7315=DIRECTION('',(0.,0.,1.));
#7316=DIRECTION('',(1.,0.,0.));
#7317=DIRECTION('',(0.,0.,1.));
#7318=DIRECTION('',(1.,0.,0.));
#7319=DIRECTION('',(0.,0.,-1.));
#7320=DIRECTION('',(1.,0.,0.));
#7321=DIRECTION('',(0.,0.,-1.));
#7322=DIRECTION('',(1.,0.,0.));
#7323=DIRECTION('',(0.,0.,-1.));
#7324=DIRECTION('',(1.,0.,0.));
#7325=DIRECTION('',(0.,0.,-1.));
#7326=DIRECTION('',(1.,0.,0.));
#7327=DIRECTION('',(0.,0.,-1.));
#7328=DIRECTION('',(1.,0.,0.));
#7329=DIRECTION('',(0.,0.,-1.));
#7330=DIRECTION('',(1.,0.,0.));
#7331=DIRECTION('',(0.,0.,-1.));
#7332=DIRECTION('',(1.,0.,0.));
#7333=DIRECTION('',(0.,0.,-1.));
#7334=DIRECTION('',(1.,0.,0.));
#7335=DIRECTION('',(0.,0.,-1.));
#7336=DIRECTION('',(1.,0.,0.));
#7337=DIRECTION('',(0.,0.,-1.));
#7338=DIRECTION('',(1.,0.,0.));
#7339=DIRECTION('',(0.,0.,-1.));
#7340=DIRECTION('',(1.,0.,0.));
#7341=DIRECTION('',(0.,0.,-1.));
#7342=DIRECTION('',(1.,0.,0.));
#7343=DIRECTION('',(0.,0.,-1.));
#7344=DIRECTION('',(1.,0.,0.));
#7345=DIRECTION('',(0.,0.,-1.));
#7346=DIRECTION('',(1.,0.,0.));
#7347=DIRECTION('',(0.,0.,-1.));
#7348=DIRECTION('',(1.,0.,0.));
#7349=DIRECTION('',(0.,0.,-1.));
#7350=DIRECTION('',(1.,0.,0.));
#7351=DIRECTION('',(0.,0.,-1.));
#7352=DIRECTION('',(1.,0.,0.));
#7353=DIRECTION('',(0.,0.,-1.));
#7354=DIRECTION('',(1.,0.,0.));
#7355=DIRECTION('',(0.,0.,-1.));
#7356=DIRECTION('',(1.,0.,0.));
#7357=DIRECTION('',(0.,0.,-1.));
#7358=DIRECTION('',(1.,0.,0.));
#7359=DIRECTION('',(0.,0.,-1.));
#7360=DIRECTION('',(1.,0.,0.));
#7361=DIRECTION('',(0.,0.,-1.));
#7362=DIRECTION('',(1.,0.,0.));
#7363=DIRECTION('',(0.,0.,-1.));
#7364=DIRECTION('',(1.,0.,0.));
#7365=DIRECTION('',(0.,0.,-1.));
#7366=DIRECTION('',(1.,0.,0.));
#7367=DIRECTION('',(0.,0.,-1.));
#7368=DIRECTION('',(1.,0.,0.));
#7369=DIRECTION('',(0.,0.,-1.));
#7370=DIRECTION('',(1.,0.,0.));
#7371=DIRECTION('',(0.,0.,-1.));
#7372=DIRECTION('',(1.,0.,0.));
#7373=DIRECTION('',(0.,0.,-1.));
#7374=DIRECTION('',(1.,0.,0.));
#7375=DIRECTION('',(0.,0.,-1.));
#7376=DIRECTION('',(1.,0.,0.));
#7377=DIRECTION('',(0.,0.,-1.));
#7378=DIRECTION('',(1.,0.,0.));
#7379=DIRECTION('',(0.,0.,-1.));
#7380=DIRECTION('',(1.,0.,0.));
#7381=DIRECTION('',(0.,0.,1.));
#7382=DIRECTION('',(1.,0.,0.));
#7383=DIRECTION('',(0.,0.,1.));
#7384=DIRECTION('',(1.,0.,0.));
#7385=DIRECTION('',(0.,0.,1.));
#7386=DIRECTION('',(1.,0.,0.));
#7387=DIRECTION('',(0.,0.,1.));
#7388=DIRECTION('',(1.,0.,0.));
#7389=DIRECTION('',(0.,0.,1.));
#7390=DIRECTION('',(1.,0.,0.));
#7391=DIRECTION('',(0.,0.,1.));
#7392=DIRECTION('',(1.,0.,0.));
#7393=DIRECTION('',(0.,0.,1.));
#7394=DIRECTION('',(1.,0.,0.));
#7395=DIRECTION('',(0.,0.,1.));
#7396=DIRECTION('',(1.,0.,0.));
#7397=DIRECTION('',(0.,0.,1.));
#7398=DIRECTION('',(1.,0.,0.));
#7399=DIRECTION('',(0.,0.,1.));
#7400=DIRECTION('',(1.,0.,0.));
#7401=DIRECTION('',(0.,0.,1.));
#7402=DIRECTION('',(1.,0.,0.));
#7403=DIRECTION('',(0.,0.,1.));
#7404=DIRECTION('',(1.,0.,0.));
#7405=DIRECTION('',(0.,0.,1.));
#7406=DIRECTION('',(1.,0.,0.));
#7407=DIRECTION('',(0.,0.,1.));
#7408=DIRECTION('',(1.,0.,0.));
#7409=DIRECTION('',(0.,0.,1.));
#7410=DIRECTION('',(1.,0.,0.));
#7411=DIRECTION('',(0.,0.,1.));
#7412=DIRECTION('',(1.,0.,0.));
#7413=DIRECTION('',(0.,0.,1.));
#7414=DIRECTION('',(1.,0.,0.));
#7415=DIRECTION('',(0.,0.,1.));
#7416=DIRECTION('',(1.,0.,0.));
#7417=DIRECTION('',(0.,0.,1.));
#7418=DIRECTION('',(1.,0.,0.));
#7419=DIRECTION('',(0.,0.,1.));
#7420=DIRECTION('',(1.,0.,0.));
#7421=DIRECTION('',(0.,0.,1.));
#7422=DIRECTION('',(1.,0.,0.));
#7423=DIRECTION('',(0.,0.,1.));
#7424=DIRECTION('',(1.,0.,0.));
#7425=DIRECTION('',(0.,0.,1.));
#7426=DIRECTION('',(1.,0.,0.));
#7427=DIRECTION('',(0.,0.,1.));
#7428=DIRECTION('',(1.,0.,0.));
#7429=DIRECTION('',(0.,0.,1.));
#7430=DIRECTION('',(1.,0.,0.));
#7431=DIRECTION('',(0.,0.,1.));
#7432=DIRECTION('',(1.,0.,0.));
#7433=DIRECTION('',(0.,0.,1.));
#7434=DIRECTION('',(1.,0.,0.));
#7435=DIRECTION('',(0.,0.,1.));
#7436=DIRECTION('',(1.,0.,0.));
#7437=DIRECTION('',(0.,0.,1.));
#7438=DIRECTION('',(1.,0.,0.));
#7439=DIRECTION('',(0.,0.,1.));
#7440=DIRECTION('',(1.,0.,0.));
#7441=DIRECTION('',(0.,0.,1.));
#7442=DIRECTION('',(1.,0.,0.));
#7443=DIRECTION('',(0.,0.,1.));
#7444=DIRECTION('',(1.,0.,0.));
#7445=DIRECTION('',(0.,0.,1.));
#7446=DIRECTION('',(1.,0.,0.));
#7447=DIRECTION('',(0.,0.,1.));
#7448=DIRECTION('',(1.,0.,0.));
#7449=DIRECTION('',(0.,0.,1.));
#7450=DIRECTION('',(1.,0.,0.));
#7451=DIRECTION('',(0.,0.,1.));
#7452=DIRECTION('',(1.,0.,0.));
#7453=DIRECTION('',(0.,0.,1.));
#7454=DIRECTION('',(1.,0.,0.));
#7455=DIRECTION('',(0.,0.,1.));
#7456=DIRECTION('',(1.,0.,0.));
#7457=DIRECTION('',(0.,0.,1.));
#7458=DIRECTION('',(1.,0.,0.));
#7459=DIRECTION('',(0.,0.,1.));
#7460=DIRECTION('',(1.,0.,0.));
#7461=DIRECTION('',(0.,0.,1.));
#7462=DIRECTION('',(1.,0.,0.));
#7463=DIRECTION('',(0.,0.,1.));
#7464=DIRECTION('',(1.,0.,0.));
#7465=DIRECTION('',(0.,0.,1.));
#7466=DIRECTION('',(1.,0.,0.));
#7467=DIRECTION('',(0.,0.,1.));
#7468=DIRECTION('',(1.,0.,0.));
#7469=DIRECTION('',(0.,0.,1.));
#7470=DIRECTION('',(1.,0.,0.));
#7471=DIRECTION('',(0.,0.,1.));
#7472=DIRECTION('',(1.,0.,0.));
#7473=DIRECTION('',(0.,0.,1.));
#7474=DIRECTION('',(1.,0.,0.));
#7475=DIRECTION('',(0.,0.,1.));
#7476=DIRECTION('',(1.,0.,0.));
#7477=DIRECTION('',(0.,0.,1.));
#7478=DIRECTION('',(1.,0.,0.));
#7479=DIRECTION('',(0.,0.,1.));
#7480=DIRECTION('',(1.,0.,0.));
#7481=DIRECTION('',(0.,0.,1.));
#7482=DIRECTION('',(1.,0.,0.));
#7483=DIRECTION('',(0.,0.,1.));
#7484=DIRECTION('',(1.,0.,0.));
#7485=DIRECTION('',(0.,0.,1.));
#7486=DIRECTION('',(1.,0.,0.));
#7487=DIRECTION('',(0.,0.,1.));
#7488=DIRECTION('',(1.,0.,0.));
#7489=DIRECTION('',(0.,0.,1.));
#7490=DIRECTION('',(1.,0.,0.));
#7491=DIRECTION('',(0.,0.,1.));
#7492=DIRECTION('',(1.,0.,0.));
#7493=DIRECTION('',(0.,0.,1.));
#7494=DIRECTION('',(1.,0.,0.));
#7495=DIRECTION('',(0.,0.,1.));
#7496=DIRECTION('',(1.,0.,0.));
#7497=DIRECTION('',(0.,0.,1.));
#7498=DIRECTION('',(1.,0.,0.));
#7499=DIRECTION('',(0.,0.,1.));
#7500=DIRECTION('',(1.,0.,0.));
#7501=DIRECTION('',(0.,0.,1.));
#7502=DIRECTION('',(1.,0.,0.));
#7503=DIRECTION('',(0.,0.,1.));
#7504=DIRECTION('',(1.,0.,0.));
#7505=DIRECTION('',(0.,0.,1.));
#7506=DIRECTION('',(1.,0.,0.));
#7507=DIRECTION('',(0.,0.,1.));
#7508=DIRECTION('',(1.,0.,0.));
#7509=DIRECTION('',(0.,0.,-1.));
#7510=DIRECTION('',(-1.,0.,0.));
#7511=DIRECTION('',(0.,-1.,0.));
#7512=DIRECTION('',(0.,0.,1.));
#7513=DIRECTION('',(1.,0.,0.));
#7514=DIRECTION('',(1.,0.,0.));
#7515=DIRECTION('',(0.,0.,1.));
#7516=DIRECTION('',(1.,0.,0.));
#7517=DIRECTION('',(0.,-1.,0.));
#7518=DIRECTION('',(0.,0.,-1.));
#7519=DIRECTION('',(-1.,0.,0.));
#7520=DIRECTION('',(0.,0.,-1.));
#7521=DIRECTION('',(-1.,0.,0.));
#7522=DIRECTION('',(0.,0.,-1.));
#7523=DIRECTION('',(1.,0.,0.));
#7524=DIRECTION('',(0.,0.,1.));
#7525=DIRECTION('',(1.,0.,0.));
#7526=DIRECTION('',(0.,0.,1.));
#7527=DIRECTION('',(1.,0.,0.));
#7528=DIRECTION('',(0.,0.,1.));
#7529=DIRECTION('',(0.,0.,1.));
#7530=DIRECTION('',(1.,0.,0.));
#7531=DIRECTION('',(0.,0.,1.));
#7532=DIRECTION('',(0.,0.,1.));
#7533=DIRECTION('',(1.,0.,0.));
#7534=DIRECTION('',(0.,0.,1.));
#7535=DIRECTION('',(0.,0.,1.));
#7536=DIRECTION('',(1.,0.,0.));
#7537=DIRECTION('',(0.,0.,1.));
#7538=DIRECTION('',(1.,0.,0.));
#7539=DIRECTION('',(0.,0.,1.));
#7540=DIRECTION('',(0.,0.,1.));
#7541=DIRECTION('',(1.,0.,0.));
#7542=DIRECTION('',(0.,0.,1.));
#7543=DIRECTION('',(1.,0.,0.));
#7544=DIRECTION('',(0.,0.,1.));
#7545=DIRECTION('',(0.,0.,1.));
#7546=DIRECTION('',(1.,0.,0.));
#7547=DIRECTION('',(0.,0.,1.));
#7548=DIRECTION('',(1.,0.,0.));
#7549=DIRECTION('',(0.,0.,1.));
#7550=DIRECTION('',(0.,0.,1.));
#7551=DIRECTION('',(1.,0.,0.));
#7552=DIRECTION('',(0.,0.,1.));
#7553=DIRECTION('',(1.,0.,0.));
#7554=DIRECTION('',(0.,0.,1.));
#7555=DIRECTION('',(0.,0.,1.));
#7556=DIRECTION('',(1.,0.,0.));
#7557=DIRECTION('',(0.,0.,1.));
#7558=DIRECTION('',(1.,0.,0.));
#7559=DIRECTION('',(0.,0.,1.));
#7560=DIRECTION('',(0.,0.,1.));
#7561=DIRECTION('',(1.,0.,0.));
#7562=DIRECTION('',(0.,0.,1.));
#7563=DIRECTION('',(1.,0.,0.));
#7564=DIRECTION('',(0.,0.,1.));
#7565=DIRECTION('',(0.,0.,1.));
#7566=DIRECTION('',(1.,0.,0.));
#7567=DIRECTION('',(0.,0.,1.));
#7568=DIRECTION('',(1.,0.,0.));
#7569=DIRECTION('',(0.,0.,1.));
#7570=DIRECTION('',(0.,0.,1.));
#7571=DIRECTION('',(1.,0.,0.));
#7572=DIRECTION('',(0.,0.,1.));
#7573=DIRECTION('',(1.,0.,0.));
#7574=DIRECTION('',(0.,0.,1.));
#7575=DIRECTION('',(0.,0.,1.));
#7576=DIRECTION('',(1.,0.,0.));
#7577=DIRECTION('',(0.,0.,1.));
#7578=DIRECTION('',(1.,0.,0.));
#7579=DIRECTION('',(0.,0.,1.));
#7580=DIRECTION('',(0.,0.,1.));
#7581=DIRECTION('',(1.,0.,0.));
#7582=DIRECTION('',(0.,0.,1.));
#7583=DIRECTION('',(1.,0.,0.));
#7584=DIRECTION('',(0.,0.,1.));
#7585=DIRECTION('',(0.,0.,1.));
#7586=DIRECTION('',(1.,0.,0.));
#7587=DIRECTION('',(0.,0.,1.));
#7588=DIRECTION('',(1.,0.,0.));
#7589=DIRECTION('',(0.,0.,1.));
#7590=DIRECTION('',(0.,0.,1.));
#7591=DIRECTION('',(1.,0.,0.));
#7592=DIRECTION('',(0.,0.,1.));
#7593=DIRECTION('',(1.,0.,0.));
#7594=DIRECTION('',(0.,0.,1.));
#7595=DIRECTION('',(0.,0.,1.));
#7596=DIRECTION('',(1.,0.,0.));
#7597=DIRECTION('',(0.,0.,1.));
#7598=DIRECTION('',(1.,0.,0.));
#7599=DIRECTION('',(0.,0.,1.));
#7600=DIRECTION('',(0.,0.,1.));
#7601=DIRECTION('',(1.,0.,0.));
#7602=DIRECTION('',(0.,0.,1.));
#7603=DIRECTION('',(1.,0.,0.));
#7604=DIRECTION('',(0.,0.,1.));
#7605=DIRECTION('',(0.,0.,1.));
#7606=DIRECTION('',(1.,0.,0.));
#7607=DIRECTION('',(0.,0.,1.));
#7608=DIRECTION('',(1.,0.,0.));
#7609=DIRECTION('',(0.,0.,1.));
#7610=DIRECTION('',(0.,0.,1.));
#7611=DIRECTION('',(1.,0.,0.));
#7612=DIRECTION('',(0.,0.,1.));
#7613=DIRECTION('',(1.,0.,0.));
#7614=DIRECTION('',(0.,0.,1.));
#7615=DIRECTION('',(0.,0.,1.));
#7616=DIRECTION('',(1.,0.,0.));
#7617=DIRECTION('',(0.,0.,1.));
#7618=DIRECTION('',(1.,0.,0.));
#7619=DIRECTION('',(0.,0.,1.));
#7620=DIRECTION('',(0.,0.,1.));
#7621=DIRECTION('',(1.,0.,0.));
#7622=DIRECTION('',(0.,0.,1.));
#7623=DIRECTION('',(1.,0.,0.));
#7624=DIRECTION('',(0.,0.,1.));
#7625=DIRECTION('',(0.,0.,1.));
#7626=DIRECTION('',(1.,0.,0.));
#7627=DIRECTION('',(0.,0.,1.));
#7628=DIRECTION('',(1.,0.,0.));
#7629=DIRECTION('',(0.,0.,1.));
#7630=DIRECTION('',(0.,0.,1.));
#7631=DIRECTION('',(1.,0.,0.));
#7632=DIRECTION('',(0.,0.,1.));
#7633=DIRECTION('',(1.,0.,0.));
#7634=DIRECTION('',(0.,0.,1.));
#7635=DIRECTION('',(0.,0.,1.));
#7636=DIRECTION('',(1.,0.,0.));
#7637=DIRECTION('',(0.,0.,1.));
#7638=DIRECTION('',(1.,0.,0.));
#7639=DIRECTION('',(0.,0.,1.));
#7640=DIRECTION('',(0.,0.,1.));
#7641=DIRECTION('',(1.,0.,0.));
#7642=DIRECTION('',(0.,0.,1.));
#7643=DIRECTION('',(1.,0.,0.));
#7644=DIRECTION('',(0.,0.,1.));
#7645=DIRECTION('',(0.,0.,1.));
#7646=DIRECTION('',(1.,0.,0.));
#7647=DIRECTION('',(0.,0.,1.));
#7648=DIRECTION('',(1.,0.,0.));
#7649=DIRECTION('',(0.,0.,1.));
#7650=DIRECTION('',(0.,0.,1.));
#7651=DIRECTION('',(1.,0.,0.));
#7652=DIRECTION('',(0.,0.,1.));
#7653=DIRECTION('',(1.,0.,0.));
#7654=DIRECTION('',(0.,0.,1.));
#7655=DIRECTION('',(0.,0.,1.));
#7656=DIRECTION('',(1.,0.,0.));
#7657=DIRECTION('',(0.,0.,1.));
#7658=DIRECTION('',(1.,0.,0.));
#7659=DIRECTION('',(0.,0.,1.));
#7660=DIRECTION('',(0.,0.,1.));
#7661=DIRECTION('',(1.,0.,0.));
#7662=DIRECTION('',(0.,0.,1.));
#7663=DIRECTION('',(1.,0.,0.));
#7664=DIRECTION('',(0.,0.,1.));
#7665=DIRECTION('',(0.,0.,1.));
#7666=DIRECTION('',(1.,0.,0.));
#7667=DIRECTION('',(0.,0.,1.));
#7668=DIRECTION('',(1.,0.,0.));
#7669=DIRECTION('',(0.,0.,1.));
#7670=DIRECTION('',(0.,0.,1.));
#7671=DIRECTION('',(1.,0.,0.));
#7672=DIRECTION('',(0.,0.,1.));
#7673=DIRECTION('',(1.,0.,0.));
#7674=DIRECTION('',(0.,0.,1.));
#7675=DIRECTION('',(0.,0.,1.));
#7676=DIRECTION('',(1.,0.,0.));
#7677=DIRECTION('',(0.,0.,1.));
#7678=DIRECTION('',(1.,0.,0.));
#7679=DIRECTION('',(0.,0.,1.));
#7680=DIRECTION('',(0.,0.,1.));
#7681=DIRECTION('',(1.,0.,0.));
#7682=DIRECTION('',(0.,0.,1.));
#7683=DIRECTION('',(1.,0.,0.));
#7684=DIRECTION('',(0.,0.,1.));
#7685=DIRECTION('',(0.,0.,1.));
#7686=DIRECTION('',(1.,0.,0.));
#7687=DIRECTION('',(0.,0.,1.));
#7688=DIRECTION('',(1.,0.,0.));
#7689=DIRECTION('',(0.,0.,1.));
#7690=DIRECTION('',(0.,0.,1.));
#7691=DIRECTION('',(1.,0.,0.));
#7692=DIRECTION('',(0.,0.,1.));
#7693=DIRECTION('',(1.,0.,0.));
#7694=DIRECTION('',(0.,0.,1.));
#7695=DIRECTION('',(0.,0.,1.));
#7696=DIRECTION('',(1.,0.,0.));
#7697=DIRECTION('',(0.,0.,1.));
#7698=DIRECTION('',(1.,0.,0.));
#7699=DIRECTION('',(0.,0.,1.));
#7700=DIRECTION('',(0.,0.,1.));
#7701=DIRECTION('',(1.,0.,0.));
#7702=DIRECTION('',(0.,0.,1.));
#7703=DIRECTION('',(1.,0.,0.));
#7704=DIRECTION('',(0.,0.,1.));
#7705=DIRECTION('',(0.,0.,1.));
#7706=DIRECTION('',(1.,0.,0.));
#7707=DIRECTION('',(0.,0.,1.));
#7708=DIRECTION('',(1.,0.,0.));
#7709=DIRECTION('',(0.,0.,1.));
#7710=DIRECTION('',(0.,0.,1.));
#7711=DIRECTION('',(1.,0.,0.));
#7712=DIRECTION('',(0.,0.,1.));
#7713=DIRECTION('',(1.,0.,0.));
#7714=DIRECTION('',(0.,0.,1.));
#7715=DIRECTION('',(0.,0.,1.));
#7716=DIRECTION('',(1.,0.,0.));
#7717=DIRECTION('',(0.,0.,1.));
#7718=DIRECTION('',(1.,0.,0.));
#7719=DIRECTION('',(0.,0.,1.));
#7720=DIRECTION('',(0.,0.,1.));
#7721=DIRECTION('',(1.,0.,0.));
#7722=DIRECTION('',(0.,0.,1.));
#7723=DIRECTION('',(1.,0.,0.));
#7724=DIRECTION('',(0.,0.,1.));
#7725=DIRECTION('',(0.,0.,1.));
#7726=DIRECTION('',(1.,0.,0.));
#7727=DIRECTION('',(0.,0.,1.));
#7728=DIRECTION('',(1.,0.,0.));
#7729=DIRECTION('',(0.,0.,1.));
#7730=DIRECTION('',(0.,0.,1.));
#7731=DIRECTION('',(1.,0.,0.));
#7732=DIRECTION('',(0.,0.,1.));
#7733=DIRECTION('',(1.,0.,0.));
#7734=DIRECTION('',(0.,0.,1.));
#7735=DIRECTION('',(0.,0.,1.));
#7736=DIRECTION('',(1.,0.,0.));
#7737=DIRECTION('',(0.,0.,1.));
#7738=DIRECTION('',(1.,0.,0.));
#7739=DIRECTION('',(0.,0.,1.));
#7740=DIRECTION('',(0.,0.,1.));
#7741=DIRECTION('',(1.,0.,0.));
#7742=DIRECTION('',(0.,0.,1.));
#7743=DIRECTION('',(1.,0.,0.));
#7744=DIRECTION('',(0.,0.,1.));
#7745=DIRECTION('',(0.,0.,1.));
#7746=DIRECTION('',(1.,0.,0.));
#7747=DIRECTION('',(0.,0.,1.));
#7748=DIRECTION('',(1.,0.,0.));
#7749=DIRECTION('',(0.,0.,1.));
#7750=DIRECTION('',(0.,0.,1.));
#7751=DIRECTION('',(1.,0.,0.));
#7752=DIRECTION('',(0.,0.,1.));
#7753=DIRECTION('',(1.,0.,0.));
#7754=DIRECTION('',(0.,0.,1.));
#7755=DIRECTION('',(0.,0.,1.));
#7756=DIRECTION('',(1.,0.,0.));
#7757=DIRECTION('',(0.,0.,1.));
#7758=DIRECTION('',(1.,0.,0.));
#7759=DIRECTION('',(0.,0.,1.));
#7760=DIRECTION('',(0.,0.,1.));
#7761=DIRECTION('',(1.,0.,0.));
#7762=DIRECTION('',(0.,0.,1.));
#7763=DIRECTION('',(1.,0.,0.));
#7764=DIRECTION('',(0.,0.,1.));
#7765=DIRECTION('',(0.,0.,1.));
#7766=DIRECTION('',(1.,0.,0.));
#7767=DIRECTION('',(0.,0.,1.));
#7768=DIRECTION('',(1.,0.,0.));
#7769=DIRECTION('',(0.,0.,1.));
#7770=DIRECTION('',(0.,0.,1.));
#7771=DIRECTION('',(1.,0.,0.));
#7772=DIRECTION('',(0.,0.,1.));
#7773=DIRECTION('',(1.,0.,0.));
#7774=DIRECTION('',(0.,0.,1.));
#7775=DIRECTION('',(0.,0.,1.));
#7776=DIRECTION('',(1.,0.,0.));
#7777=DIRECTION('',(0.,0.,1.));
#7778=DIRECTION('',(1.,0.,0.));
#7779=DIRECTION('',(0.,0.,1.));
#7780=DIRECTION('',(0.,0.,1.));
#7781=DIRECTION('',(1.,0.,0.));
#7782=DIRECTION('',(0.,0.,1.));
#7783=DIRECTION('',(1.,0.,0.));
#7784=DIRECTION('',(0.,0.,1.));
#7785=DIRECTION('',(0.,0.,1.));
#7786=DIRECTION('',(1.,0.,0.));
#7787=DIRECTION('',(0.,0.,1.));
#7788=DIRECTION('',(1.,0.,0.));
#7789=DIRECTION('',(0.,0.,1.));
#7790=DIRECTION('',(0.,0.,1.));
#7791=DIRECTION('',(1.,0.,0.));
#7792=DIRECTION('',(0.,0.,1.));
#7793=DIRECTION('',(1.,0.,0.));
#7794=DIRECTION('',(0.,0.,1.));
#7795=DIRECTION('',(0.,0.,1.));
#7796=DIRECTION('',(1.,0.,0.));
#7797=DIRECTION('',(0.,0.,1.));
#7798=DIRECTION('',(1.,0.,0.));
#7799=DIRECTION('',(0.,0.,1.));
#7800=DIRECTION('',(0.,0.,1.));
#7801=DIRECTION('',(1.,0.,0.));
#7802=DIRECTION('',(0.,0.,1.));
#7803=DIRECTION('',(1.,0.,0.));
#7804=DIRECTION('',(0.,0.,1.));
#7805=DIRECTION('',(0.,0.,1.));
#7806=DIRECTION('',(1.,0.,0.));
#7807=DIRECTION('',(0.,0.,1.));
#7808=DIRECTION('',(1.,0.,0.));
#7809=DIRECTION('',(0.,0.,1.));
#7810=DIRECTION('',(0.,0.,1.));
#7811=DIRECTION('',(1.,0.,0.));
#7812=DIRECTION('',(0.,0.,1.));
#7813=DIRECTION('',(1.,0.,0.));
#7814=DIRECTION('',(0.,0.,1.));
#7815=DIRECTION('',(0.,0.,1.));
#7816=DIRECTION('',(1.,0.,0.));
#7817=DIRECTION('',(0.,0.,1.));
#7818=DIRECTION('',(1.,0.,0.));
#7819=DIRECTION('',(0.,0.,1.));
#7820=DIRECTION('',(0.,0.,1.));
#7821=DIRECTION('',(1.,0.,0.));
#7822=DIRECTION('',(0.,0.,1.));
#7823=DIRECTION('',(1.,0.,0.));
#7824=DIRECTION('',(0.,0.,1.));
#7825=DIRECTION('',(0.,0.,1.));
#7826=DIRECTION('',(1.,0.,0.));
#7827=DIRECTION('',(0.,0.,1.));
#7828=DIRECTION('',(1.,0.,0.));
#7829=DIRECTION('',(0.,0.,1.));
#7830=DIRECTION('',(0.,0.,1.));
#7831=DIRECTION('',(1.,0.,0.));
#7832=DIRECTION('',(0.,0.,1.));
#7833=DIRECTION('',(1.,0.,0.));
#7834=DIRECTION('',(0.,0.,1.));
#7835=DIRECTION('',(0.,0.,1.));
#7836=DIRECTION('',(1.,0.,0.));
#7837=DIRECTION('',(0.,0.,1.));
#7838=DIRECTION('',(1.,0.,0.));
#7839=DIRECTION('',(0.,0.,1.));
#7840=DIRECTION('',(0.,0.,1.));
#7841=DIRECTION('',(1.,0.,0.));
#7842=DIRECTION('',(0.,0.,1.));
#7843=DIRECTION('',(1.,0.,0.));
#7844=DIRECTION('',(0.,0.,1.));
#7845=DIRECTION('',(0.,0.,-1.));
#7846=DIRECTION('',(1.,0.,0.));
#7847=DIRECTION('',(0.,0.,1.));
#7848=DIRECTION('',(1.,0.,0.));
#7849=DIRECTION('',(0.,0.,1.));
#7850=DIRECTION('',(0.,0.,-1.));
#7851=DIRECTION('',(1.,0.,0.));
#7852=DIRECTION('',(0.,0.,1.));
#7853=DIRECTION('',(1.,0.,0.));
#7854=DIRECTION('',(0.,0.,1.));
#7855=DIRECTION('',(0.,0.,-1.));
#7856=DIRECTION('',(1.,0.,0.));
#7857=DIRECTION('',(0.,0.,1.));
#7858=DIRECTION('',(1.,0.,0.));
#7859=DIRECTION('',(0.,0.,1.));
#7860=DIRECTION('',(0.,0.,-1.));
#7861=DIRECTION('',(1.,0.,0.));
#7862=DIRECTION('',(0.,0.,1.));
#7863=DIRECTION('',(1.,0.,0.));
#7864=DIRECTION('',(0.,0.,1.));
#7865=DIRECTION('',(0.,0.,-1.));
#7866=DIRECTION('',(1.,0.,0.));
#7867=DIRECTION('',(0.,0.,1.));
#7868=DIRECTION('',(1.,0.,0.));
#7869=DIRECTION('',(0.,0.,1.));
#7870=DIRECTION('',(0.,0.,-1.));
#7871=DIRECTION('',(1.,0.,0.));
#7872=DIRECTION('',(0.,0.,1.));
#7873=DIRECTION('',(1.,0.,0.));
#7874=DIRECTION('',(0.,0.,1.));
#7875=DIRECTION('',(0.,0.,-1.));
#7876=DIRECTION('',(1.,0.,0.));
#7877=DIRECTION('',(0.,0.,1.));
#7878=DIRECTION('',(1.,0.,0.));
#7879=DIRECTION('',(0.,0.,1.));
#7880=DIRECTION('',(0.,0.,-1.));
#7881=DIRECTION('',(1.,0.,0.));
#7882=DIRECTION('',(0.,0.,1.));
#7883=DIRECTION('',(1.,0.,0.));
#7884=DIRECTION('',(0.,0.,1.));
#7885=DIRECTION('',(0.,0.,-1.));
#7886=DIRECTION('',(1.,0.,0.));
#7887=DIRECTION('',(0.,0.,1.));
#7888=DIRECTION('',(1.,0.,0.));
#7889=DIRECTION('',(0.,0.,1.));
#7890=DIRECTION('',(0.,0.,-1.));
#7891=DIRECTION('',(1.,0.,0.));
#7892=DIRECTION('',(0.,0.,1.));
#7893=DIRECTION('',(1.,0.,0.));
#7894=DIRECTION('',(0.,0.,1.));
#7895=DIRECTION('',(0.,0.,-1.));
#7896=DIRECTION('',(1.,0.,0.));
#7897=DIRECTION('',(0.,0.,1.));
#7898=DIRECTION('',(1.,0.,0.));
#7899=DIRECTION('',(0.,0.,1.));
#7900=DIRECTION('',(0.,0.,-1.));
#7901=DIRECTION('',(1.,0.,0.));
#7902=DIRECTION('',(0.,0.,1.));
#7903=DIRECTION('',(1.,0.,0.));
#7904=DIRECTION('',(0.,0.,1.));
#7905=DIRECTION('',(0.,0.,-1.));
#7906=DIRECTION('',(1.,0.,0.));
#7907=DIRECTION('',(0.,0.,1.));
#7908=DIRECTION('',(1.,0.,0.));
#7909=DIRECTION('',(0.,0.,1.));
#7910=DIRECTION('',(0.,0.,-1.));
#7911=DIRECTION('',(1.,0.,0.));
#7912=DIRECTION('',(0.,0.,1.));
#7913=DIRECTION('',(1.,0.,0.));
#7914=DIRECTION('',(0.,0.,1.));
#7915=DIRECTION('',(0.,0.,-1.));
#7916=DIRECTION('',(1.,0.,0.));
#7917=DIRECTION('',(0.,0.,1.));
#7918=DIRECTION('',(1.,0.,0.));
#7919=DIRECTION('',(0.,0.,1.));
#7920=DIRECTION('',(0.,0.,-1.));
#7921=DIRECTION('',(1.,0.,0.));
#7922=DIRECTION('',(0.,0.,1.));
#7923=DIRECTION('',(1.,0.,0.));
#7924=DIRECTION('',(0.,0.,1.));
#7925=DIRECTION('',(0.,0.,-1.));
#7926=DIRECTION('',(1.,0.,0.));
#7927=DIRECTION('',(0.,0.,1.));
#7928=DIRECTION('',(1.,0.,0.));
#7929=DIRECTION('',(0.,0.,1.));
#7930=DIRECTION('',(0.,0.,-1.));
#7931=DIRECTION('',(1.,0.,0.));
#7932=DIRECTION('',(0.,0.,1.));
#7933=DIRECTION('',(1.,0.,0.));
#7934=DIRECTION('',(0.,0.,1.));
#7935=DIRECTION('',(0.,0.,-1.));
#7936=DIRECTION('',(1.,0.,0.));
#7937=DIRECTION('',(0.,0.,1.));
#7938=DIRECTION('',(1.,0.,0.));
#7939=DIRECTION('',(0.,0.,1.));
#7940=DIRECTION('',(0.,0.,-1.));
#7941=DIRECTION('',(1.,0.,0.));
#7942=DIRECTION('',(0.,0.,1.));
#7943=DIRECTION('',(1.,0.,0.));
#7944=DIRECTION('',(0.,0.,1.));
#7945=DIRECTION('',(0.,0.,-1.));
#7946=DIRECTION('',(1.,0.,0.));
#7947=DIRECTION('',(0.,0.,1.));
#7948=DIRECTION('',(1.,0.,0.));
#7949=DIRECTION('',(0.,0.,1.));
#7950=DIRECTION('',(0.,0.,-1.));
#7951=DIRECTION('',(1.,0.,0.));
#7952=DIRECTION('',(0.,0.,1.));
#7953=DIRECTION('',(1.,0.,0.));
#7954=DIRECTION('',(0.,0.,1.));
#7955=DIRECTION('',(0.,0.,-1.));
#7956=DIRECTION('',(1.,0.,0.));
#7957=DIRECTION('',(0.,0.,1.));
#7958=DIRECTION('',(1.,0.,0.));
#7959=DIRECTION('',(0.,0.,1.));
#7960=DIRECTION('',(0.,0.,-1.));
#7961=DIRECTION('',(1.,0.,0.));
#7962=DIRECTION('',(0.,0.,1.));
#7963=DIRECTION('',(1.,0.,0.));
#7964=DIRECTION('',(0.,0.,1.));
#7965=DIRECTION('',(0.,0.,-1.));
#7966=DIRECTION('',(1.,0.,0.));
#7967=DIRECTION('',(0.,0.,1.));
#7968=DIRECTION('',(1.,0.,0.));
#7969=DIRECTION('',(0.,0.,1.));
#7970=DIRECTION('',(0.,0.,-1.));
#7971=DIRECTION('',(1.,0.,0.));
#7972=DIRECTION('',(0.,0.,1.));
#7973=DIRECTION('',(1.,0.,0.));
#7974=DIRECTION('',(0.,0.,1.));
#7975=DIRECTION('',(0.,0.,-1.));
#7976=DIRECTION('',(1.,0.,0.));
#7977=DIRECTION('',(0.,0.,1.));
#7978=DIRECTION('',(1.,0.,0.));
#7979=DIRECTION('',(0.,0.,1.));
#7980=DIRECTION('',(0.,0.,-1.));
#7981=DIRECTION('',(1.,0.,0.));
#7982=DIRECTION('',(0.,0.,1.));
#7983=DIRECTION('',(1.,0.,0.));
#7984=DIRECTION('',(0.,0.,1.));
#7985=DIRECTION('',(0.,0.,-1.));
#7986=DIRECTION('',(1.,0.,0.));
#7987=DIRECTION('',(0.,0.,1.));
#7988=DIRECTION('',(1.,0.,0.));
#7989=DIRECTION('',(0.,0.,1.));
#7990=DIRECTION('',(0.,0.,-1.));
#7991=DIRECTION('',(1.,0.,0.));
#7992=DIRECTION('',(0.,0.,1.));
#7993=DIRECTION('',(1.,0.,0.));
#7994=DIRECTION('',(0.,0.,1.));
#7995=DIRECTION('',(0.,0.,-1.));
#7996=DIRECTION('',(1.,0.,0.));
#7997=DIRECTION('',(0.,0.,1.));
#7998=DIRECTION('',(1.,0.,0.));
#7999=DIRECTION('',(0.,0.,1.));
#8000=DIRECTION('',(0.,0.,1.));
#8001=DIRECTION('',(1.,0.,0.));
#8002=DIRECTION('',(0.,0.,1.));
#8003=DIRECTION('',(1.,0.,0.));
#8004=DIRECTION('',(0.,0.,1.));
#8005=DIRECTION('',(0.,0.,1.));
#8006=DIRECTION('',(1.,0.,0.));
#8007=DIRECTION('',(0.,0.,1.));
#8008=DIRECTION('',(1.,0.,0.));
#8009=DIRECTION('',(0.,0.,1.));
#8010=DIRECTION('',(0.,0.,1.));
#8011=DIRECTION('',(1.,0.,0.));
#8012=DIRECTION('',(0.,0.,1.));
#8013=DIRECTION('',(1.,0.,0.));
#8014=DIRECTION('',(0.,0.,1.));
#8015=DIRECTION('',(0.,0.,1.));
#8016=DIRECTION('',(1.,0.,0.));
#8017=DIRECTION('',(0.,0.,1.));
#8018=DIRECTION('',(1.,0.,0.));
#8019=DIRECTION('',(0.,0.,1.));
#8020=DIRECTION('',(0.,0.,1.));
#8021=DIRECTION('',(1.,0.,0.));
#8022=DIRECTION('',(0.,0.,1.));
#8023=DIRECTION('',(1.,0.,0.));
#8024=DIRECTION('',(0.,0.,1.));
#8025=DIRECTION('',(0.,0.,1.));
#8026=DIRECTION('',(1.,0.,0.));
#8027=DIRECTION('',(0.,0.,1.));
#8028=DIRECTION('',(1.,0.,0.));
#8029=DIRECTION('',(0.,0.,1.));
#8030=DIRECTION('',(0.,0.,1.));
#8031=DIRECTION('',(1.,0.,0.));
#8032=DIRECTION('',(0.,0.,1.));
#8033=DIRECTION('',(1.,0.,0.));
#8034=DIRECTION('',(0.,0.,1.));
#8035=DIRECTION('',(0.,0.,1.));
#8036=DIRECTION('',(1.,0.,0.));
#8037=DIRECTION('',(0.,0.,1.));
#8038=DIRECTION('',(1.,0.,0.));
#8039=DIRECTION('',(0.,0.,1.));
#8040=DIRECTION('',(0.,0.,1.));
#8041=DIRECTION('',(1.,0.,0.));
#8042=DIRECTION('',(0.,0.,1.));
#8043=DIRECTION('',(1.,0.,0.));
#8044=DIRECTION('',(0.,0.,1.));
#8045=DIRECTION('',(0.,0.,1.));
#8046=DIRECTION('',(1.,0.,0.));
#8047=DIRECTION('',(0.,0.,1.));
#8048=DIRECTION('',(1.,0.,0.));
#8049=DIRECTION('',(0.,0.,1.));
#8050=DIRECTION('',(0.,0.,1.));
#8051=DIRECTION('',(1.,0.,0.));
#8052=DIRECTION('',(0.,0.,1.));
#8053=DIRECTION('',(1.,0.,0.));
#8054=DIRECTION('',(0.,0.,1.));
#8055=DIRECTION('',(0.,0.,1.));
#8056=DIRECTION('',(1.,0.,0.));
#8057=DIRECTION('',(0.,0.,1.));
#8058=DIRECTION('',(1.,0.,0.));
#8059=DIRECTION('',(0.,0.,1.));
#8060=DIRECTION('',(0.,0.,1.));
#8061=DIRECTION('',(1.,0.,0.));
#8062=DIRECTION('',(0.,0.,1.));
#8063=DIRECTION('',(1.,0.,0.));
#8064=DIRECTION('',(0.,0.,1.));
#8065=DIRECTION('',(0.,0.,1.));
#8066=DIRECTION('',(1.,0.,0.));
#8067=DIRECTION('',(0.,0.,1.));
#8068=DIRECTION('',(1.,0.,0.));
#8069=DIRECTION('',(0.,0.,1.));
#8070=DIRECTION('',(1.,0.,0.));
#8071=DIRECTION('',(0.,0.,1.));
#8072=DIRECTION('',(1.,0.,0.));
#8073=DIRECTION('',(0.,0.,1.));
#8074=DIRECTION('',(1.,0.,0.));
#8075=DIRECTION('',(0.,0.,1.));
#8076=DIRECTION('',(0.,0.,1.));
#8077=DIRECTION('',(1.,0.,0.));
#8078=DIRECTION('',(0.,0.,1.));
#8079=DIRECTION('',(0.,0.,1.));
#8080=DIRECTION('',(1.,0.,0.));
#8081=DIRECTION('',(0.,0.,1.));
#8082=DIRECTION('',(0.,0.,1.));
#8083=DIRECTION('',(1.,0.,0.));
#8084=DIRECTION('',(0.,0.,1.));
#8085=DIRECTION('',(1.,0.,0.));
#8086=DIRECTION('',(0.,0.,1.));
#8087=DIRECTION('',(0.,0.,1.));
#8088=DIRECTION('',(1.,0.,0.));
#8089=DIRECTION('',(0.,0.,1.));
#8090=DIRECTION('',(1.,0.,0.));
#8091=DIRECTION('',(0.,0.,1.));
#8092=DIRECTION('',(0.,0.,1.));
#8093=DIRECTION('',(1.,0.,0.));
#8094=DIRECTION('',(0.,0.,1.));
#8095=DIRECTION('',(1.,0.,0.));
#8096=DIRECTION('',(0.,0.,1.));
#8097=DIRECTION('',(0.,0.,1.));
#8098=DIRECTION('',(1.,0.,0.));
#8099=DIRECTION('',(0.,0.,1.));
#8100=DIRECTION('',(1.,0.,0.));
#8101=DIRECTION('',(0.,0.,1.));
#8102=DIRECTION('',(0.,0.,1.));
#8103=DIRECTION('',(1.,0.,0.));
#8104=DIRECTION('',(0.,0.,1.));
#8105=DIRECTION('',(1.,0.,0.));
#8106=DIRECTION('',(0.,0.,1.));
#8107=DIRECTION('',(0.,0.,1.));
#8108=DIRECTION('',(1.,0.,0.));
#8109=DIRECTION('',(0.,0.,1.));
#8110=DIRECTION('',(1.,0.,0.));
#8111=DIRECTION('',(0.,0.,1.));
#8112=DIRECTION('',(0.,0.,1.));
#8113=DIRECTION('',(1.,0.,0.));
#8114=DIRECTION('',(0.,0.,1.));
#8115=DIRECTION('',(1.,0.,0.));
#8116=DIRECTION('',(0.,0.,1.));
#8117=DIRECTION('',(0.,0.,1.));
#8118=DIRECTION('',(1.,0.,0.));
#8119=DIRECTION('',(0.,0.,1.));
#8120=DIRECTION('',(1.,0.,0.));
#8121=DIRECTION('',(0.,0.,1.));
#8122=DIRECTION('',(0.,0.,1.));
#8123=DIRECTION('',(1.,0.,0.));
#8124=DIRECTION('',(0.,0.,1.));
#8125=DIRECTION('',(1.,0.,0.));
#8126=DIRECTION('',(0.,0.,1.));
#8127=DIRECTION('',(0.,0.,1.));
#8128=DIRECTION('',(1.,0.,0.));
#8129=DIRECTION('',(0.,0.,1.));
#8130=DIRECTION('',(1.,0.,0.));
#8131=DIRECTION('',(0.,0.,1.));
#8132=DIRECTION('',(0.,0.,1.));
#8133=DIRECTION('',(1.,0.,0.));
#8134=DIRECTION('',(0.,0.,1.));
#8135=DIRECTION('',(1.,0.,0.));
#8136=DIRECTION('',(0.,0.,1.));
#8137=DIRECTION('',(0.,0.,1.));
#8138=DIRECTION('',(1.,0.,0.));
#8139=DIRECTION('',(0.,0.,1.));
#8140=DIRECTION('',(1.,0.,0.));
#8141=DIRECTION('',(0.,0.,1.));
#8142=DIRECTION('',(0.,0.,1.));
#8143=DIRECTION('',(1.,0.,0.));
#8144=DIRECTION('',(0.,0.,1.));
#8145=DIRECTION('',(1.,0.,0.));
#8146=DIRECTION('',(0.,0.,1.));
#8147=DIRECTION('',(0.,0.,1.));
#8148=DIRECTION('',(1.,0.,0.));
#8149=DIRECTION('',(0.,0.,1.));
#8150=DIRECTION('',(1.,0.,0.));
#8151=DIRECTION('',(0.,0.,1.));
#8152=DIRECTION('',(0.,0.,1.));
#8153=DIRECTION('',(1.,0.,0.));
#8154=DIRECTION('',(0.,0.,1.));
#8155=DIRECTION('',(1.,0.,0.));
#8156=DIRECTION('',(0.,0.,1.));
#8157=DIRECTION('',(0.,0.,1.));
#8158=DIRECTION('',(1.,0.,0.));
#8159=DIRECTION('',(0.,0.,1.));
#8160=DIRECTION('',(1.,0.,0.));
#8161=DIRECTION('',(0.,0.,1.));
#8162=DIRECTION('',(0.,0.,1.));
#8163=DIRECTION('',(1.,0.,0.));
#8164=DIRECTION('',(0.,0.,1.));
#8165=DIRECTION('',(1.,0.,0.));
#8166=DIRECTION('',(0.,0.,1.));
#8167=DIRECTION('',(0.,0.,1.));
#8168=DIRECTION('',(1.,0.,0.));
#8169=DIRECTION('',(0.,0.,1.));
#8170=DIRECTION('',(1.,0.,0.));
#8171=DIRECTION('',(0.,0.,1.));
#8172=DIRECTION('',(0.,0.,1.));
#8173=DIRECTION('',(1.,0.,0.));
#8174=DIRECTION('',(0.,0.,1.));
#8175=DIRECTION('',(1.,0.,0.));
#8176=DIRECTION('',(0.,0.,1.));
#8177=DIRECTION('',(0.,0.,1.));
#8178=DIRECTION('',(1.,0.,0.));
#8179=DIRECTION('',(0.,0.,1.));
#8180=DIRECTION('',(1.,0.,0.));
#8181=DIRECTION('',(0.,0.,1.));
#8182=DIRECTION('',(0.,0.,1.));
#8183=DIRECTION('',(1.,0.,0.));
#8184=DIRECTION('',(0.,0.,1.));
#8185=DIRECTION('',(1.,0.,0.));
#8186=DIRECTION('',(0.,0.,1.));
#8187=DIRECTION('',(0.,0.,1.));
#8188=DIRECTION('',(1.,0.,0.));
#8189=DIRECTION('',(0.,0.,1.));
#8190=DIRECTION('',(1.,0.,0.));
#8191=DIRECTION('',(0.,0.,1.));
#8192=DIRECTION('',(0.,0.,1.));
#8193=DIRECTION('',(1.,0.,0.));
#8194=DIRECTION('',(0.,0.,1.));
#8195=DIRECTION('',(1.,0.,0.));
#8196=DIRECTION('',(0.,0.,1.));
#8197=DIRECTION('',(0.,0.,1.));
#8198=DIRECTION('',(1.,0.,0.));
#8199=DIRECTION('',(0.,0.,1.));
#8200=DIRECTION('',(1.,0.,0.));
#8201=DIRECTION('',(0.,0.,1.));
#8202=DIRECTION('',(0.,0.,1.));
#8203=DIRECTION('',(1.,0.,0.));
#8204=DIRECTION('',(0.,0.,1.));
#8205=DIRECTION('',(1.,0.,0.));
#8206=DIRECTION('',(0.,0.,1.));
#8207=DIRECTION('',(0.,0.,1.));
#8208=DIRECTION('',(1.,0.,0.));
#8209=DIRECTION('',(0.,0.,1.));
#8210=DIRECTION('',(1.,0.,0.));
#8211=DIRECTION('',(0.,0.,1.));
#8212=DIRECTION('',(0.,0.,1.));
#8213=DIRECTION('',(1.,0.,0.));
#8214=DIRECTION('',(0.,0.,1.));
#8215=DIRECTION('',(1.,0.,0.));
#8216=DIRECTION('',(0.,0.,1.));
#8217=DIRECTION('',(0.,0.,1.));
#8218=DIRECTION('',(1.,0.,0.));
#8219=DIRECTION('',(0.,0.,1.));
#8220=DIRECTION('',(1.,0.,0.));
#8221=DIRECTION('',(0.,0.,1.));
#8222=DIRECTION('',(0.,0.,1.));
#8223=DIRECTION('',(1.,0.,0.));
#8224=DIRECTION('',(0.,0.,1.));
#8225=DIRECTION('',(1.,0.,0.));
#8226=DIRECTION('',(0.,0.,1.));
#8227=DIRECTION('',(1.,0.,0.));
#8228=DIRECTION('',(0.,0.,1.));
#8229=DIRECTION('',(1.,0.,0.));
#8230=DIRECTION('',(1.,0.,0.));
#8231=DIRECTION('',(0.,0.,-1.));
#8232=DIRECTION('',(0.,0.,-1.));
#8233=DIRECTION('',(0.,-1.,0.));
#8234=DIRECTION('',(0.,1.,0.));
#8235=DIRECTION('',(0.,0.,1.));
#8236=DIRECTION('',(0.,0.,-1.));
#8237=DIRECTION('',(1.,0.,0.));
#8238=DIRECTION('',(0.,0.,-1.));
#8239=DIRECTION('',(1.,0.,0.));
#8240=DIRECTION('',(0.,0.,-1.));
#8241=DIRECTION('',(0.,-1.,0.));
#8242=DIRECTION('',(0.,0.,-1.));
#8243=DIRECTION('',(0.,0.,1.));
#8244=DIRECTION('',(1.,0.,0.));
#8245=DIRECTION('',(0.,0.,1.));
#8246=DIRECTION('',(1.,0.,0.));
#8247=DIRECTION('',(0.,0.,1.));
#8248=DIRECTION('',(1.,0.,0.));
#8249=DIRECTION('',(0.,0.,1.));
#8250=DIRECTION('',(1.,0.,0.));
#8251=DIRECTION('',(0.,0.,-1.));
#8252=DIRECTION('',(-1.,0.,0.));
#8253=DIRECTION('',(0.,0.,1.));
#8254=DIRECTION('',(1.,0.,0.));
#8255=DIRECTION('',(0.,0.,1.));
#8256=DIRECTION('',(1.,0.,0.));
#8257=DIRECTION('',(0.,0.,1.));
#8258=DIRECTION('',(1.,0.,0.));
#8259=DIRECTION('',(0.,0.,1.));
#8260=DIRECTION('',(0.,0.,1.));
#8261=DIRECTION('',(1.,0.,0.));
#8262=DIRECTION('',(0.,0.,1.));
#8263=DIRECTION('',(0.,0.,1.));
#8264=DIRECTION('',(1.,0.,0.));
#8265=DIRECTION('',(0.,0.,1.));
#8266=DIRECTION('',(1.,0.,0.));
#8267=DIRECTION('',(0.,0.,1.));
#8268=DIRECTION('',(1.,0.,0.));
#8269=DIRECTION('',(0.,0.,1.));
#8270=DIRECTION('',(0.,0.,1.));
#8271=DIRECTION('',(1.,0.,0.));
#8272=DIRECTION('',(0.,0.,1.));
#8273=DIRECTION('',(1.,0.,0.));
#8274=DIRECTION('',(0.,0.,1.));
#8275=DIRECTION('',(1.,0.,0.));
#8276=DIRECTION('',(0.,0.,1.));
#8277=DIRECTION('',(0.,0.,1.));
#8278=DIRECTION('',(1.,0.,0.));
#8279=DIRECTION('',(0.,0.,1.));
#8280=DIRECTION('',(1.,0.,0.));
#8281=DIRECTION('',(0.,0.,1.));
#8282=DIRECTION('',(1.,0.,0.));
#8283=DIRECTION('',(0.,0.,1.));
#8284=DIRECTION('',(0.,0.,1.));
#8285=DIRECTION('',(1.,0.,0.));
#8286=DIRECTION('',(0.,0.,1.));
#8287=DIRECTION('',(1.,0.,0.));
#8288=DIRECTION('',(0.,0.,1.));
#8289=DIRECTION('',(1.,0.,0.));
#8290=DIRECTION('',(0.,0.,1.));
#8291=DIRECTION('',(0.,0.,1.));
#8292=DIRECTION('',(1.,0.,0.));
#8293=DIRECTION('',(0.,0.,1.));
#8294=DIRECTION('',(1.,0.,0.));
#8295=DIRECTION('',(0.,0.,1.));
#8296=DIRECTION('',(1.,0.,0.));
#8297=DIRECTION('',(0.,0.,1.));
#8298=DIRECTION('',(0.,0.,1.));
#8299=DIRECTION('',(1.,0.,0.));
#8300=DIRECTION('',(0.,0.,1.));
#8301=DIRECTION('',(1.,0.,0.));
#8302=DIRECTION('',(0.,0.,1.));
#8303=DIRECTION('',(1.,0.,0.));
#8304=DIRECTION('',(0.,0.,1.));
#8305=DIRECTION('',(0.,0.,1.));
#8306=DIRECTION('',(1.,0.,0.));
#8307=DIRECTION('',(0.,0.,1.));
#8308=DIRECTION('',(1.,0.,0.));
#8309=DIRECTION('',(0.,0.,1.));
#8310=DIRECTION('',(1.,0.,0.));
#8311=DIRECTION('',(0.,0.,1.));
#8312=DIRECTION('',(0.,0.,1.));
#8313=DIRECTION('',(1.,0.,0.));
#8314=DIRECTION('',(0.,0.,1.));
#8315=DIRECTION('',(1.,0.,0.));
#8316=DIRECTION('',(0.,0.,1.));
#8317=DIRECTION('',(1.,0.,0.));
#8318=DIRECTION('',(0.,0.,1.));
#8319=DIRECTION('',(0.,0.,1.));
#8320=DIRECTION('',(1.,0.,0.));
#8321=DIRECTION('',(0.,0.,1.));
#8322=DIRECTION('',(1.,0.,0.));
#8323=DIRECTION('',(0.,0.,1.));
#8324=DIRECTION('',(1.,0.,0.));
#8325=DIRECTION('',(0.,0.,1.));
#8326=DIRECTION('',(0.,0.,1.));
#8327=DIRECTION('',(1.,0.,0.));
#8328=DIRECTION('',(0.,0.,1.));
#8329=DIRECTION('',(1.,0.,0.));
#8330=DIRECTION('',(0.,0.,1.));
#8331=DIRECTION('',(1.,0.,0.));
#8332=DIRECTION('',(0.,0.,1.));
#8333=DIRECTION('',(0.,0.,1.));
#8334=DIRECTION('',(1.,0.,0.));
#8335=DIRECTION('',(0.,0.,1.));
#8336=DIRECTION('',(1.,0.,0.));
#8337=DIRECTION('',(0.,0.,1.));
#8338=DIRECTION('',(1.,0.,0.));
#8339=DIRECTION('',(0.,0.,1.));
#8340=DIRECTION('',(0.,0.,1.));
#8341=DIRECTION('',(1.,0.,0.));
#8342=DIRECTION('',(0.,0.,1.));
#8343=DIRECTION('',(1.,0.,0.));
#8344=DIRECTION('',(0.,0.,1.));
#8345=DIRECTION('',(1.,0.,0.));
#8346=DIRECTION('',(0.,0.,1.));
#8347=DIRECTION('',(0.,0.,1.));
#8348=DIRECTION('',(1.,0.,0.));
#8349=DIRECTION('',(0.,0.,1.));
#8350=DIRECTION('',(1.,0.,0.));
#8351=DIRECTION('',(0.,0.,1.));
#8352=DIRECTION('',(1.,0.,0.));
#8353=DIRECTION('',(0.,0.,1.));
#8354=DIRECTION('',(0.,0.,1.));
#8355=DIRECTION('',(1.,0.,0.));
#8356=DIRECTION('',(0.,0.,1.));
#8357=DIRECTION('',(1.,0.,0.));
#8358=DIRECTION('',(0.,0.,1.));
#8359=DIRECTION('',(1.,0.,0.));
#8360=DIRECTION('',(0.,0.,1.));
#8361=DIRECTION('',(0.,0.,1.));
#8362=DIRECTION('',(1.,0.,0.));
#8363=DIRECTION('',(0.,0.,1.));
#8364=DIRECTION('',(1.,0.,0.));
#8365=DIRECTION('',(0.,0.,1.));
#8366=DIRECTION('',(1.,0.,0.));
#8367=DIRECTION('',(0.,0.,1.));
#8368=DIRECTION('',(0.,0.,1.));
#8369=DIRECTION('',(1.,0.,0.));
#8370=DIRECTION('',(0.,0.,1.));
#8371=DIRECTION('',(1.,0.,0.));
#8372=DIRECTION('',(0.,0.,1.));
#8373=DIRECTION('',(1.,0.,0.));
#8374=DIRECTION('',(0.,0.,1.));
#8375=DIRECTION('',(0.,0.,1.));
#8376=DIRECTION('',(1.,0.,0.));
#8377=DIRECTION('',(0.,0.,1.));
#8378=DIRECTION('',(1.,0.,0.));
#8379=DIRECTION('',(0.,0.,1.));
#8380=DIRECTION('',(1.,0.,0.));
#8381=DIRECTION('',(0.,0.,1.));
#8382=DIRECTION('',(0.,0.,1.));
#8383=DIRECTION('',(1.,0.,0.));
#8384=DIRECTION('',(0.,0.,1.));
#8385=DIRECTION('',(1.,0.,0.));
#8386=DIRECTION('',(0.,0.,1.));
#8387=DIRECTION('',(1.,0.,0.));
#8388=DIRECTION('',(0.,0.,1.));
#8389=DIRECTION('',(0.,0.,1.));
#8390=DIRECTION('',(1.,0.,0.));
#8391=DIRECTION('',(0.,0.,1.));
#8392=DIRECTION('',(1.,0.,0.));
#8393=DIRECTION('',(0.,0.,1.));
#8394=DIRECTION('',(1.,0.,0.));
#8395=DIRECTION('',(0.,0.,1.));
#8396=DIRECTION('',(0.,0.,1.));
#8397=DIRECTION('',(1.,0.,0.));
#8398=DIRECTION('',(0.,0.,1.));
#8399=DIRECTION('',(1.,0.,0.));
#8400=DIRECTION('',(0.,0.,1.));
#8401=DIRECTION('',(1.,0.,0.));
#8402=DIRECTION('',(0.,0.,1.));
#8403=DIRECTION('',(0.,0.,1.));
#8404=DIRECTION('',(1.,0.,0.));
#8405=DIRECTION('',(0.,0.,1.));
#8406=DIRECTION('',(1.,0.,0.));
#8407=DIRECTION('',(0.,0.,1.));
#8408=DIRECTION('',(1.,0.,0.));
#8409=DIRECTION('',(0.,0.,1.));
#8410=DIRECTION('',(0.,0.,1.));
#8411=DIRECTION('',(1.,0.,0.));
#8412=DIRECTION('',(0.,0.,1.));
#8413=DIRECTION('',(1.,0.,0.));
#8414=DIRECTION('',(0.,0.,1.));
#8415=DIRECTION('',(1.,0.,0.));
#8416=DIRECTION('',(0.,0.,1.));
#8417=DIRECTION('',(0.,0.,1.));
#8418=DIRECTION('',(1.,0.,0.));
#8419=DIRECTION('',(0.,0.,1.));
#8420=DIRECTION('',(1.,0.,0.));
#8421=DIRECTION('',(0.,0.,1.));
#8422=DIRECTION('',(1.,0.,0.));
#8423=DIRECTION('',(0.,0.,1.));
#8424=DIRECTION('',(0.,0.,1.));
#8425=DIRECTION('',(1.,0.,0.));
#8426=DIRECTION('',(0.,0.,1.));
#8427=DIRECTION('',(1.,0.,0.));
#8428=DIRECTION('',(0.,0.,1.));
#8429=DIRECTION('',(1.,0.,0.));
#8430=DIRECTION('',(0.,0.,1.));
#8431=DIRECTION('',(0.,0.,1.));
#8432=DIRECTION('',(1.,0.,0.));
#8433=DIRECTION('',(0.,0.,1.));
#8434=DIRECTION('',(1.,0.,0.));
#8435=DIRECTION('',(0.,0.,1.));
#8436=DIRECTION('',(1.,0.,0.));
#8437=DIRECTION('',(0.,0.,1.));
#8438=DIRECTION('',(0.,0.,1.));
#8439=DIRECTION('',(1.,0.,0.));
#8440=DIRECTION('',(0.,0.,1.));
#8441=DIRECTION('',(1.,0.,0.));
#8442=DIRECTION('',(0.,0.,1.));
#8443=DIRECTION('',(1.,0.,0.));
#8444=DIRECTION('',(0.,0.,1.));
#8445=DIRECTION('',(0.,0.,1.));
#8446=DIRECTION('',(1.,0.,0.));
#8447=DIRECTION('',(0.,0.,1.));
#8448=DIRECTION('',(1.,0.,0.));
#8449=DIRECTION('',(0.,0.,1.));
#8450=DIRECTION('',(1.,0.,0.));
#8451=DIRECTION('',(0.,0.,1.));
#8452=DIRECTION('',(0.,0.,1.));
#8453=DIRECTION('',(1.,0.,0.));
#8454=DIRECTION('',(0.,0.,1.));
#8455=DIRECTION('',(1.,0.,0.));
#8456=DIRECTION('',(0.,0.,1.));
#8457=DIRECTION('',(1.,0.,0.));
#8458=DIRECTION('',(0.,0.,1.));
#8459=DIRECTION('',(0.,0.,1.));
#8460=DIRECTION('',(1.,0.,0.));
#8461=DIRECTION('',(0.,0.,1.));
#8462=DIRECTION('',(1.,0.,0.));
#8463=DIRECTION('',(0.,0.,1.));
#8464=DIRECTION('',(1.,0.,0.));
#8465=DIRECTION('',(0.,0.,1.));
#8466=DIRECTION('',(0.,0.,1.));
#8467=DIRECTION('',(1.,0.,0.));
#8468=DIRECTION('',(0.,0.,1.));
#8469=DIRECTION('',(1.,0.,0.));
#8470=DIRECTION('',(0.,0.,1.));
#8471=DIRECTION('',(1.,0.,0.));
#8472=DIRECTION('',(0.,0.,1.));
#8473=DIRECTION('',(1.,0.,0.));
#8474=DIRECTION('',(0.,0.,1.));
#8475=DIRECTION('',(1.,0.,0.));
#8476=CARTESIAN_POINT('',(0.,0.,0.));
#8477=CARTESIAN_POINT('',(-0.000635891314162792,0.0014742982567378,0.004));
#8478=CARTESIAN_POINT('',(-0.000635891314162792,0.0014742982567378,0.005));
#8479=CARTESIAN_POINT('',(-0.000695769845217399,0.00181114301810657,0.005));
#8480=CARTESIAN_POINT('',(-0.0007587956302752,0.00179358552680001,0.005));
#8481=CARTESIAN_POINT('',(-0.000695769845217399,0.00181114301810657,0.004));
#8482=CARTESIAN_POINT('',(-0.000695769845217399,0.00181114301810657,0.004));
#8483=CARTESIAN_POINT('',(-0.000635891314162792,0.0014742982567378,0.004));
#8484=CARTESIAN_POINT('',(-0.0007587956302752,0.00179358552680001,0.004));
#8485=CARTESIAN_POINT('',(-0.0007587956302752,0.00179358552680001,0.004));
#8486=CARTESIAN_POINT('',(-0.000410949132469543,0.000889934245413884,0.004));
#8487=CARTESIAN_POINT('',(-0.000410949132469543,0.000889934245413884,0.005));
#8488=CARTESIAN_POINT('',(-0.000832563999028649,0.00176161292972525,0.005));
#8489=CARTESIAN_POINT('',(-0.000410949132469543,0.000889934245413884,0.004));
#8490=CARTESIAN_POINT('',(-0.000832563999028649,0.00176161292972525,0.004));
#8491=CARTESIAN_POINT('',(-0.000832563999028649,0.00176161292972525,0.004));
#8492=CARTESIAN_POINT('',(0.000493260768490003,-0.000979492642052329,0.004));
#8493=CARTESIAN_POINT('',(0.000493260768490003,-0.000979492642052329,0.005));
#8494=CARTESIAN_POINT('',(-0.000928648811891054,0.00171302369309154,0.005));
#8495=CARTESIAN_POINT('',(0.000493260768490003,-0.000979492642052329,0.004));
#8496=CARTESIAN_POINT('',(-0.000928648811891054,0.00171302369309154,0.004));
#8497=CARTESIAN_POINT('',(-0.000928648811891054,0.00171302369309154,0.004));
#8498=CARTESIAN_POINT('',(0.000528260873587661,-0.00104577048237385,0.004));
#8499=CARTESIAN_POINT('',(0.000528260873587661,-0.00104577048237385,0.005));
#8500=CARTESIAN_POINT('',(-0.00102578564019052,0.00165949670724667,0.005));
#8501=CARTESIAN_POINT('',(0.000528260873587661,-0.00104577048237385,0.004));
#8502=CARTESIAN_POINT('',(-0.00102578564019052,0.00165949670724667,0.004));
#8503=CARTESIAN_POINT('',(-0.00102578564019052,0.00165949670724667,0.004));
#8504=CARTESIAN_POINT('',(-0.000279702274081709,0.000360716829491199,0.004));
#8505=CARTESIAN_POINT('',(-0.000279702274081709,0.000360716829491199,0.005));
#8506=CARTESIAN_POINT('',(-0.00110425871794376,0.00161114724776019,0.005));
#8507=CARTESIAN_POINT('',(-0.000279702274081709,0.000360716829491199,0.004));
#8508=CARTESIAN_POINT('',(-0.00110425871794376,0.00161114724776019,0.004));
#8509=CARTESIAN_POINT('',(-0.00110425871794376,0.00161114724776019,0.004));
#8510=CARTESIAN_POINT('',(4.44548678656799E-5,-0.00013086782003596,0.004));
#8511=CARTESIAN_POINT('',(4.44548678656799E-5,-0.00013086782003596,0.005));
#8512=CARTESIAN_POINT('',(-0.0014408813740936,0.00133471590223113,0.005));
#8513=CARTESIAN_POINT('',(4.44548678656799E-5,-0.00013086782003596,0.004));
#8514=CARTESIAN_POINT('',(-0.0014408813740936,0.00133471590223113,0.004));
#8515=CARTESIAN_POINT('',(-0.0014408813740936,0.00133471590223113,0.004));
#8516=CARTESIAN_POINT('',(-3.59978598146054E-5,-5.14843991135031E-5,0.004));
#8517=CARTESIAN_POINT('',(-3.59978598146054E-5,-5.14843991135031E-5,0.005));
#8518=CARTESIAN_POINT('',(-0.00170748025943122,0.000997989541445646,0.005));
#8519=CARTESIAN_POINT('',(-3.59978598146054E-5,-5.14843991135031E-5,0.004));
#8520=CARTESIAN_POINT('',(-0.00170748025943122,0.000997989541445646,0.004));
#8521=CARTESIAN_POINT('',(-0.00170748025943122,0.000997989541445646,0.004));
#8522=CARTESIAN_POINT('',(-1.38147181349153E-5,-6.54117189413328E-5,0.004));
#8523=CARTESIAN_POINT('',(-1.38147181349153E-5,-6.54117189413328E-5,0.005));
#8524=CARTESIAN_POINT('',(-0.00189638513885196,0.000609313274969782,0.005));
#8525=CARTESIAN_POINT('',(-1.38147181349153E-5,-6.54117189413328E-5,0.004));
#8526=CARTESIAN_POINT('',(-0.00189638513885196,0.000609313274969782,0.004));
#8527=CARTESIAN_POINT('',(-0.00189638513885196,0.000609313274969782,0.004));
#8528=CARTESIAN_POINT('',(0.000182160001875851,-0.000135648843515573,0.004));
#8529=CARTESIAN_POINT('',(0.000182160001875851,-0.000135648843515573,0.005));
#8530=CARTESIAN_POINT('',(-0.00200327568250239,0.000179294531502187,0.005));
#8531=CARTESIAN_POINT('',(0.000182160001875851,-0.000135648843515573,0.004));
#8532=CARTESIAN_POINT('',(-0.00200327568250239,0.000179294531502187,0.004));
#8533=CARTESIAN_POINT('',(-0.00200327568250239,0.000179294531502187,0.004));
#8534=CARTESIAN_POINT('',(-0.00114958366351049,5.62697656847231E-5,0.004));
#8535=CARTESIAN_POINT('',(-0.00114958366351049,5.62697656847231E-5,0.005));
#8536=CARTESIAN_POINT('',(-0.00201173786862973,8.10746621795659E-5,0.005));
#8537=CARTESIAN_POINT('',(-0.00114958366351049,5.62697656847231E-5,0.004));
#8538=CARTESIAN_POINT('',(-0.00201173786862973,8.10746621795659E-5,0.004));
#8539=CARTESIAN_POINT('',(-0.00201173786862973,8.10746621795659E-5,0.004));
#8540=CARTESIAN_POINT('',(0.00359010733967806,-8.00934538017655E-5,0.004));
#8541=CARTESIAN_POINT('',(0.00359010733967806,-8.00934538017655E-5,0.005));
#8542=CARTESIAN_POINT('',(-0.00201405582482786,-7.97398368012301E-5,0.005));
#8543=CARTESIAN_POINT('',(0.00359010733967806,-8.00934538017655E-5,0.004));
#8544=CARTESIAN_POINT('',(-0.00201405582482786,-7.97398368012301E-5,0.004));
#8545=CARTESIAN_POINT('',(-0.00201405582482786,-7.97398368012301E-5,0.004));
#8546=CARTESIAN_POINT('',(0.00358755858199419,-8.00898262655844E-5,0.004));
#8547=CARTESIAN_POINT('',(0.00358755858199419,-8.00898262655844E-5,0.005));
#8548=CARTESIAN_POINT('',(-0.00201175654175083,-0.000240571071927861,0.005));
#8549=CARTESIAN_POINT('',(0.00358755858199419,-8.00898262655844E-5,0.004));
#8550=CARTESIAN_POINT('',(-0.00201175654175083,-0.000240571071927861,0.004));
#8551=CARTESIAN_POINT('',(-0.00201175654175083,-0.000240571071927861,0.004));
#8552=CARTESIAN_POINT('',(-0.00114602981065107,-0.000215757394147686,0.004));
#8553=CARTESIAN_POINT('',(-0.00114602981065107,-0.000215757394147686,0.005));
#8554=CARTESIAN_POINT('',(-0.00200330845816262,-0.000338931303992351,0.005));
#8555=CARTESIAN_POINT('',(-0.00114602981065107,-0.000215757394147686,0.004));
#8556=CARTESIAN_POINT('',(-0.00200330845816262,-0.000338931303992351,0.004));
#8557=CARTESIAN_POINT('',(-0.00200330845816262,-0.000338931303992351,0.004));
#8558=CARTESIAN_POINT('',(0.000237764719209223,-1.69329683645289E-5,0.004));
#8559=CARTESIAN_POINT('',(0.000237764719209223,-1.69329683645289E-5,0.005));
#8560=CARTESIAN_POINT('',(-0.00194622297692001,-0.000613833008269632,0.005));
#8561=CARTESIAN_POINT('',(0.000237764719209223,-1.69329683645289E-5,0.004));
#8562=CARTESIAN_POINT('',(-0.00194622297692001,-0.000613833008269632,0.004));
#8563=CARTESIAN_POINT('',(-0.00194622297692001,-0.000613833008269632,0.004));
#8564=CARTESIAN_POINT('',(2.86293849629654E-5,-7.40918477381803E-5,0.004));
#8565=CARTESIAN_POINT('',(2.86293849629654E-5,-7.40918477381803E-5,0.005));
#8566=CARTESIAN_POINT('',(-0.00185655549900212,-0.000872490447985029,0.005));
#8567=CARTESIAN_POINT('',(2.86293849629654E-5,-7.40918477381803E-5,0.004));
#8568=CARTESIAN_POINT('',(-0.00185655549900212,-0.000872490447985029,0.004));
#8569=CARTESIAN_POINT('',(-0.00185655549900212,-0.000872490447985029,0.004));
#8570=CARTESIAN_POINT('',(-4.87007643381102E-6,-8.82806326326986E-5,0.004));
#8571=CARTESIAN_POINT('',(-4.87007643381102E-6,-8.82806326326986E-5,0.005));
#8572=CARTESIAN_POINT('',(-0.00173408603329404,-0.00111469970552003,0.005));
#8573=CARTESIAN_POINT('',(-4.87007643381102E-6,-8.82806326326986E-5,0.004));
#8574=CARTESIAN_POINT('',(-0.00173408603329404,-0.00111469970552003,0.004));
#8575=CARTESIAN_POINT('',(-0.00173408603329404,-0.00111469970552003,0.004));
#8576=CARTESIAN_POINT('',(5.86093639157906E-5,-5.06001985215718E-5,0.004));
#8577=CARTESIAN_POINT('',(5.86093639157906E-5,-5.06001985215718E-5,0.005));
#8578=CARTESIAN_POINT('',(-0.00157912278823979,-0.00134052188055018,0.005));
#8579=CARTESIAN_POINT('',(5.86093639157906E-5,-5.06001985215718E-5,0.004));
#8580=CARTESIAN_POINT('',(-0.00157912278823979,-0.00134052188055018,0.004));
#8581=CARTESIAN_POINT('',(-0.00157912278823979,-0.00134052188055018,0.004));
#8582=CARTESIAN_POINT('',(-0.00076764272213788,-0.000701378277836111,0.004));
#8583=CARTESIAN_POINT('',(-0.00076764272213788,-0.000701378277836111,0.005));
#8584=CARTESIAN_POINT('',(-0.00151902772320082,-0.00141019773492568,0.005));
#8585=CARTESIAN_POINT('',(-0.00076764272213788,-0.000701378277836111,0.004));
#8586=CARTESIAN_POINT('',(-0.00151902772320082,-0.00141019773492568,0.004));
#8587=CARTESIAN_POINT('',(-0.00151902772320082,-0.00141019773492568,0.004));
#8588=CARTESIAN_POINT('',(0.00186776308680443,0.00178472688230986,0.004));
#8589=CARTESIAN_POINT('',(0.00186776308680443,0.00178472688230986,0.005));
#8590=CARTESIAN_POINT('',(-0.00132715928013699,-0.0016020661779895,0.005));
#8591=CARTESIAN_POINT('',(0.00186776308680443,0.00178472688230986,0.004));
#8592=CARTESIAN_POINT('',(-0.00132715928013699,-0.0016020661779895,0.004));
#8593=CARTESIAN_POINT('',(-0.00132715928013699,-0.0016020661779895,0.004));
#8594=CARTESIAN_POINT('',(-0.000618339823047458,-0.000850681176926603,0.004));
#8595=CARTESIAN_POINT('',(-0.000618339823047458,-0.000850681176926603,0.005));
#8596=CARTESIAN_POINT('',(-0.00125748342576149,-0.00166216124302849,0.005));
#8597=CARTESIAN_POINT('',(-0.000618339823047458,-0.000850681176926603,0.004));
#8598=CARTESIAN_POINT('',(-0.00125748342576149,-0.00166216124302849,0.004));
#8599=CARTESIAN_POINT('',(-0.00125748342576149,-0.00166216124302849,0.004));
#8600=CARTESIAN_POINT('',(3.24382562671075E-5,-2.44290908729119E-5,0.004));
#8601=CARTESIAN_POINT('',(3.24382562671075E-5,-2.44290908729119E-5,0.005));
#8602=CARTESIAN_POINT('',(-0.00103166125073134,-0.00181712448808274,0.005));
#8603=CARTESIAN_POINT('',(3.24382562671075E-5,-2.44290908729119E-5,0.004));
#8604=CARTESIAN_POINT('',(-0.00103166125073134,-0.00181712448808274,0.004));
#8605=CARTESIAN_POINT('',(-0.00103166125073134,-0.00181712448808274,0.004));
#8606=CARTESIAN_POINT('',(-5.2421778440448E-6,-8.79085312225621E-5,0.004));
#8607=CARTESIAN_POINT('',(-5.2421778440448E-6,-8.79085312225621E-5,0.005));
#8608=CARTESIAN_POINT('',(-0.000789451993196341,-0.00193959395379081,0.005));
#8609=CARTESIAN_POINT('',(-5.2421778440448E-6,-8.79085312225621E-5,0.004));
#8610=CARTESIAN_POINT('',(-0.000789451993196341,-0.00193959395379081,0.004));
#8611=CARTESIAN_POINT('',(-0.000789451993196341,-0.00193959395379081,0.004));
#8612=CARTESIAN_POINT('',(8.94660705050325E-6,-5.44090698257234E-5,0.004));
#8613=CARTESIAN_POINT('',(8.94660705050325E-6,-5.44090698257234E-5,0.005));
#8614=CARTESIAN_POINT('',(-0.000530794553480944,-0.0020292614317087,0.005));
#8615=CARTESIAN_POINT('',(8.94660705050325E-6,-5.44090698257234E-5,0.004));
#8616=CARTESIAN_POINT('',(-0.000530794553480944,-0.0020292614317087,0.004));
#8617=CARTESIAN_POINT('',(-0.000530794553480944,-0.0020292614317087,0.004));
#8618=CARTESIAN_POINT('',(6.61054864241764E-5,0.000154726264420581,0.004));
#8619=CARTESIAN_POINT('',(6.61054864241764E-5,0.000154726264420581,0.005));
#8620=CARTESIAN_POINT('',(-0.000255892849203663,-0.0020863469129513,0.005));
#8621=CARTESIAN_POINT('',(6.61054864241764E-5,0.000154726264420581,0.004));
#8622=CARTESIAN_POINT('',(-0.000255892849203663,-0.0020863469129513,0.004));
#8623=CARTESIAN_POINT('',(-0.000255892849203663,-0.0020863469129513,0.004));
#8624=CARTESIAN_POINT('',(-0.000132860255765138,-0.00123005084577493,0.004));
#8625=CARTESIAN_POINT('',(-0.000132860255765138,-0.00123005084577493,0.005));
#8626=CARTESIAN_POINT('',(-0.000157631530309708,-0.00209478569396099,0.005));
#8627=CARTESIAN_POINT('',(-0.000132860255765138,-0.00123005084577493,0.004));
#8628=CARTESIAN_POINT('',(-0.000157631530309708,-0.00209478569396099,0.004));
#8629=CARTESIAN_POINT('',(-0.000157631530309708,-0.00209478569396099,0.004));
#8630=CARTESIAN_POINT('',(3.2256971937004E-6,0.00352088603403214,0.004));
#8631=CARTESIAN_POINT('',(3.2256971937004E-6,0.00352088603403214,0.005));
#8632=CARTESIAN_POINT('',(3.22006854360541E-6,-0.00209708904638516,0.005));
#8633=CARTESIAN_POINT('',(3.2256971937004E-6,0.00352088603403214,0.004));
#8634=CARTESIAN_POINT('',(3.22006854360541E-6,-0.00209708904638516,0.004));
#8635=CARTESIAN_POINT('',(3.22006854360541E-6,-0.00209708904638516,0.004));
#8636=CARTESIAN_POINT('',(3.21443989351035E-6,0.00352088603403217,0.004));
#8637=CARTESIAN_POINT('',(3.21443989351035E-6,0.00352088603403217,0.005));
#8638=CARTESIAN_POINT('',(0.00016407166739692,-0.00209478569396099,0.005));
#8639=CARTESIAN_POINT('',(3.21443989351035E-6,0.00352088603403217,0.004));
#8640=CARTESIAN_POINT('',(0.00016407166739692,-0.00209478569396099,0.004));
#8641=CARTESIAN_POINT('',(0.00016407166739692,-0.00209478569396099,0.004));
#8642=CARTESIAN_POINT('',(0.000139300392852349,-0.00123005084577493,0.004));
#8643=CARTESIAN_POINT('',(0.000139300392852349,-0.00123005084577493,0.005));
#8644=CARTESIAN_POINT('',(0.000262332986290874,-0.0020863469129513,0.005));
#8645=CARTESIAN_POINT('',(0.000139300392852349,-0.00123005084577493,0.004));
#8646=CARTESIAN_POINT('',(0.000262332986290874,-0.0020863469129513,0.004));
#8647=CARTESIAN_POINT('',(0.000262332986290874,-0.0020863469129513,0.004));
#8648=CARTESIAN_POINT('',(-5.96653493369658E-5,0.000154726264420587,0.004));
#8649=CARTESIAN_POINT('',(-5.96653493369658E-5,0.000154726264420587,0.005));
#8650=CARTESIAN_POINT('',(0.000537234690568156,-0.0020292614317087,0.005));
#8651=CARTESIAN_POINT('',(-5.96653493369658E-5,0.000154726264420587,0.004));
#8652=CARTESIAN_POINT('',(0.000537234690568156,-0.0020292614317087,0.004));
#8653=CARTESIAN_POINT('',(0.000537234690568156,-0.0020292614317087,0.004));
#8654=CARTESIAN_POINT('',(-2.50646996329126E-6,-5.44090698257288E-5,0.004));
#8655=CARTESIAN_POINT('',(-2.50646996329126E-6,-5.44090698257288E-5,0.005));
#8656=CARTESIAN_POINT('',(0.000795892130283552,-0.00193959395379081,0.005));
#8657=CARTESIAN_POINT('',(-2.50646996329126E-6,-5.44090698257288E-5,0.004));
#8658=CARTESIAN_POINT('',(0.000795892130283552,-0.00193959395379081,0.004));
#8659=CARTESIAN_POINT('',(0.000795892130283552,-0.00193959395379081,0.004));
#8660=CARTESIAN_POINT('',(1.16823149312538E-5,-8.79085312225648E-5,0.004));
#8661=CARTESIAN_POINT('',(1.16823149312538E-5,-8.79085312225648E-5,0.005));
#8662=CARTESIAN_POINT('',(0.00103810138781855,-0.00181712448808274,0.005));
#8663=CARTESIAN_POINT('',(1.16823149312538E-5,-8.79085312225648E-5,0.004));
#8664=CARTESIAN_POINT('',(0.00103810138781855,-0.00181712448808274,0.004));
#8665=CARTESIAN_POINT('',(0.00103810138781855,-0.00181712448808274,0.004));
#8666=CARTESIAN_POINT('',(-2.59981191798753E-5,-2.44290908729396E-5,0.004));
#8667=CARTESIAN_POINT('',(-2.59981191798753E-5,-2.44290908729396E-5,0.005));
#8668=CARTESIAN_POINT('',(0.0012639235628487,-0.00166216124302849,0.005));
#8669=CARTESIAN_POINT('',(-2.59981191798753E-5,-2.44290908729396E-5,0.004));
#8670=CARTESIAN_POINT('',(0.0012639235628487,-0.00166216124302849,0.004));
#8671=CARTESIAN_POINT('',(0.0012639235628487,-0.00166216124302849,0.004));
#8672=CARTESIAN_POINT('',(0.000624779960134667,-0.000850681176926602,0.004));
#8673=CARTESIAN_POINT('',(0.000624779960134667,-0.000850681176926602,0.005));
#8674=CARTESIAN_POINT('',(0.0013335994172242,-0.0016020661779895,0.005));
#8675=CARTESIAN_POINT('',(0.000624779960134667,-0.000850681176926602,0.004));
#8676=CARTESIAN_POINT('',(0.0013335994172242,-0.0016020661779895,0.004));
#8677=CARTESIAN_POINT('',(0.0013335994172242,-0.0016020661779895,0.004));
#8678=CARTESIAN_POINT('',(-0.0018613252000117,0.00178472463201613,0.004));
#8679=CARTESIAN_POINT('',(-0.0018613252000117,0.00178472463201613,0.005));
#8680=CARTESIAN_POINT('',(0.00152546786028803,-0.00141019773492567,0.005));
#8681=CARTESIAN_POINT('',(-0.0018613252000117,0.00178472463201613,0.004));
#8682=CARTESIAN_POINT('',(0.00152546786028803,-0.00141019773492567,0.004));
#8683=CARTESIAN_POINT('',(0.00152546786028803,-0.00141019773492567,0.004));
#8684=CARTESIAN_POINT('',(0.000774082859225142,-0.00070137827783616,0.004));
#8685=CARTESIAN_POINT('',(0.000774082859225142,-0.00070137827783616,0.005));
#8686=CARTESIAN_POINT('',(0.001585562925327,-0.00134052188055018,0.005));
#8687=CARTESIAN_POINT('',(0.000774082859225142,-0.00070137827783616,0.004));
#8688=CARTESIAN_POINT('',(0.001585562925327,-0.00134052188055018,0.004));
#8689=CARTESIAN_POINT('',(0.001585562925327,-0.00134052188055018,0.004));
#8690=CARTESIAN_POINT('',(-5.21692268285649E-5,-5.06001985215903E-5,0.004));
#8691=CARTESIAN_POINT('',(-5.21692268285649E-5,-5.06001985215903E-5,0.005));
#8692=CARTESIAN_POINT('',(0.00174052617038125,-0.00111469970552003,0.005));
#8693=CARTESIAN_POINT('',(-5.21692268285649E-5,-5.06001985215903E-5,0.004));
#8694=CARTESIAN_POINT('',(0.00174052617038125,-0.00111469970552003,0.004));
#8695=CARTESIAN_POINT('',(0.00174052617038125,-0.00111469970552003,0.004));
#8696=CARTESIAN_POINT('',(1.13102135210813E-5,-8.828063263273E-5,0.004));
#8697=CARTESIAN_POINT('',(1.13102135210813E-5,-8.828063263273E-5,0.005));
#8698=CARTESIAN_POINT('',(0.00186299563608934,-0.000872490447985029,0.005));
#8699=CARTESIAN_POINT('',(1.13102135210813E-5,-8.828063263273E-5,0.004));
#8700=CARTESIAN_POINT('',(0.00186299563608934,-0.000872490447985029,0.004));
#8701=CARTESIAN_POINT('',(0.00186299563608934,-0.000872490447985029,0.004));
#8702=CARTESIAN_POINT('',(-2.2189247875747E-5,-7.40918477381813E-5,0.004));
#8703=CARTESIAN_POINT('',(-2.2189247875747E-5,-7.40918477381813E-5,0.005));
#8704=CARTESIAN_POINT('',(0.00195266311400722,-0.000613833008269632,0.005));
#8705=CARTESIAN_POINT('',(-2.2189247875747E-5,-7.40918477381813E-5,0.004));
#8706=CARTESIAN_POINT('',(0.00195266311400722,-0.000613833008269632,0.004));
#8707=CARTESIAN_POINT('',(0.00195266311400722,-0.000613833008269632,0.004));
#8708=CARTESIAN_POINT('',(-0.000231324582122133,-1.69329683645006E-5,0.004));
#8709=CARTESIAN_POINT('',(-0.000231324582122133,-1.69329683645006E-5,0.005));
#8710=CARTESIAN_POINT('',(0.00200974859524982,-0.000338931303992351,0.005));
#8711=CARTESIAN_POINT('',(-0.000231324582122133,-1.69329683645006E-5,0.004));
#8712=CARTESIAN_POINT('',(0.00200974859524982,-0.000338931303992351,0.004));
#8713=CARTESIAN_POINT('',(0.00200974859524982,-0.000338931303992351,0.004));
#8714=CARTESIAN_POINT('',(0.000817660800235819,-0.000167650947537474,0.004));
#8715=CARTESIAN_POINT('',(0.000817660800235819,-0.000167650947537474,0.005));
#8716=CARTESIAN_POINT('',(0.00202164736627098,-0.000196401953355188,0.005));
#8717=CARTESIAN_POINT('',(0.000817660800235819,-0.000167650947537474,0.004));
#8718=CARTESIAN_POINT('',(0.00202164736627098,-0.000196401953355188,0.004));
#8719=CARTESIAN_POINT('',(0.00202164736627098,-0.000196401953355188,0.004));
#8720=CARTESIAN_POINT('',(-0.000987443600296892,-0.000124545904735973,0.004));
#8721=CARTESIAN_POINT('',(-0.000987443600296892,-0.000124545904735973,0.005));
#8722=CARTESIAN_POINT('',(0.0020205466715874,-1.59813568715891E-5,0.005));
#8723=CARTESIAN_POINT('',(-0.000987443600296892,-0.000124545904735973,0.004));
#8724=CARTESIAN_POINT('',(0.0020205466715874,-1.59813568715891E-5,0.004));
#8725=CARTESIAN_POINT('',(0.0020205466715874,-1.59813568715891E-5,0.004));
#8726=CARTESIAN_POINT('',(-0.0010461739890846,-0.000126667989585149,0.004));
#8727=CARTESIAN_POINT('',(-0.0010461739890846,-0.000126667989585149,0.005));
#8728=CARTESIAN_POINT('',(0.00200843821449949,0.000167222171817154,0.005));
#8729=CARTESIAN_POINT('',(-0.0010461739890846,-0.000126667989585149,0.004));
#8730=CARTESIAN_POINT('',(0.00200843821449949,0.000167222171817154,0.004));
#8731=CARTESIAN_POINT('',(0.00200843821449949,0.000167222171817154,0.004));
#8732=CARTESIAN_POINT('',(0.000491182948353807,2.12436436159122E-5,0.004));
#8733=CARTESIAN_POINT('',(0.000491182948353807,2.12436436159122E-5,0.005));
#8734=CARTESIAN_POINT('',(0.00198598530708569,0.00031947037225071,0.005));
#8735=CARTESIAN_POINT('',(0.000491182948353807,2.12436436159122E-5,0.004));
#8736=CARTESIAN_POINT('',(0.00198598530708569,0.00031947037225071,0.004));
#8737=CARTESIAN_POINT('',(0.00198598530708569,0.00031947037225071,0.004));
#8738=CARTESIAN_POINT('',(5.09128865936981E-5,-6.65932338687204E-5,0.004));
#8739=CARTESIAN_POINT('',(5.09128865936981E-5,-6.65932338687204E-5,0.005));
#8740=CARTESIAN_POINT('',(0.0018476274195591,0.000749107242746084,0.005));
#8741=CARTESIAN_POINT('',(5.09128865936981E-5,-6.65932338687204E-5,0.004));
#8742=CARTESIAN_POINT('',(0.0018476274195591,0.000749107242746084,0.004));
#8743=CARTESIAN_POINT('',(0.0018476274195591,0.000749107242746084,0.004));
#8744=CARTESIAN_POINT('',(-9.52632020381945E-6,-9.40300881643792E-5,0.004));
#8745=CARTESIAN_POINT('',(-9.52632020381945E-6,-9.40300881643792E-5,0.005));
#8746=CARTESIAN_POINT('',(0.00161439813222065,0.00113997556202856,0.005));
#8747=CARTESIAN_POINT('',(-9.52632020381945E-6,-9.40300881643792E-5,0.004));
#8748=CARTESIAN_POINT('',(0.00161439813222065,0.00113997556202856,0.004));
#8749=CARTESIAN_POINT('',(0.00161439813222065,0.00113997556202856,0.004));
#8750=CARTESIAN_POINT('',(-1.61893219868427E-5,-9.90934664762428E-5,0.004));
#8751=CARTESIAN_POINT('',(-1.61893219868427E-5,-9.90934664762428E-5,0.005));
#8752=CARTESIAN_POINT('',(0.00129975534524286,0.001470109240636,0.005));
#8753=CARTESIAN_POINT('',(-1.61893219868427E-5,-9.90934664762428E-5,0.004));
#8754=CARTESIAN_POINT('',(0.00129975534524286,0.001470109240636,0.004));
#8755=CARTESIAN_POINT('',(0.00129975534524286,0.001470109240636,0.004));
#8756=CARTESIAN_POINT('',(8.62714036258927E-6,-6.95016000795544E-5,0.004));
#8757=CARTESIAN_POINT('',(8.62714036258927E-6,-6.95016000795544E-5,0.005));
#8758=CARTESIAN_POINT('',(0.000921276964632016,0.00172060562591201,0.005));
#8759=CARTESIAN_POINT('',(8.62714036258927E-6,-6.95016000795544E-5,0.004));
#8760=CARTESIAN_POINT('',(0.000921276964632016,0.00172060562591201,0.004));
#8761=CARTESIAN_POINT('',(0.000921276964632016,0.00172060562591201,0.004));
#8762=CARTESIAN_POINT('',(-0.00045535310631812,-0.000979559919965193,0.004));
#8763=CARTESIAN_POINT('',(-0.00045535310631812,-0.000979559919965193,0.005));
#8764=CARTESIAN_POINT('',(0.000796832761148008,0.00178051886164678,0.005));
#8765=CARTESIAN_POINT('',(-0.00045535310631812,-0.000979559919965193,0.004));
#8766=CARTESIAN_POINT('',(0.000796832761148008,0.00178051886164678,0.004));
#8767=CARTESIAN_POINT('',(0.000796832761148008,0.00178051886164678,0.004));
#8768=CARTESIAN_POINT('',(0.000610459156193114,0.00136971438207003,0.004));
#8769=CARTESIAN_POINT('',(0.000610459156193114,0.00136971438207003,0.005));
#8770=CARTESIAN_POINT('',(0.000717635297127314,0.0018079023735516,0.005));
#8771=CARTESIAN_POINT('',(0.000610459156193114,0.00136971438207003,0.004));
#8772=CARTESIAN_POINT('',(0.000717635297127314,0.0018079023735516,0.004));
#8773=CARTESIAN_POINT('',(0.000717635297127314,0.0018079023735516,0.004));
#8774=CARTESIAN_POINT('',(0.000676683453616885,0.00164047254871763,0.004));
#8775=CARTESIAN_POINT('',(0.000676683453616885,0.00164047254871763,0.005));
#8776=CARTESIAN_POINT('',(0.000660939088442221,0.0018121172826773,0.005));
#8777=CARTESIAN_POINT('',(0.000676683453616885,0.00164047254871763,0.004));
#8778=CARTESIAN_POINT('',(0.000660939088442221,0.0018121172826773,0.004));
#8779=CARTESIAN_POINT('',(0.000660939088442221,0.0018121172826773,0.004));
#8780=CARTESIAN_POINT('',(0.000669879199492114,0.00171465119271182,0.004));
#8781=CARTESIAN_POINT('',(0.000669879199492114,0.00171465119271182,0.005));
#8782=CARTESIAN_POINT('',(0.000614810073741729,0.00179556445286015,0.005));
#8783=CARTESIAN_POINT('',(0.000669879199492114,0.00171465119271182,0.004));
#8784=CARTESIAN_POINT('',(0.000614810073741729,0.00179556445286015,0.004));
#8785=CARTESIAN_POINT('',(0.000614810073741729,0.00179556445286015,0.004));
#8786=CARTESIAN_POINT('',(0.000734630140394501,0.00161951197570323,0.004));
#8787=CARTESIAN_POINT('',(0.000734630140394501,0.00161951197570323,0.005));
#8788=CARTESIAN_POINT('',(0.000577154068442585,0.00176287379017403,0.005));
#8789=CARTESIAN_POINT('',(0.000734630140394501,0.00161951197570323,0.004));
#8790=CARTESIAN_POINT('',(0.000577154068442585,0.00176287379017403,0.004));
#8791=CARTESIAN_POINT('',(0.000577154068442585,0.00176287379017403,0.004));
#8792=CARTESIAN_POINT('',(0.000634590364986308,0.00171058541262502,0.004));
#8793=CARTESIAN_POINT('',(0.000634590364986308,0.00171058541262502,0.005));
#8794=CARTESIAN_POINT('',(0.000559151794945583,0.00172907932344931,0.005));
#8795=CARTESIAN_POINT('',(0.000634590364986308,0.00171058541262502,0.004));
#8796=CARTESIAN_POINT('',(0.000559151794945583,0.00172907932344931,0.004));
#8797=CARTESIAN_POINT('',(0.000559151794945583,0.00172907932344931,0.004));
#8798=CARTESIAN_POINT('',(0.000815360910847389,0.00166626924870357,0.004));
#8799=CARTESIAN_POINT('',(0.000815360910847389,0.00166626924870357,0.005));
#8800=CARTESIAN_POINT('',(0.000551680040335938,0.00167405481785895,0.005));
#8801=CARTESIAN_POINT('',(0.000815360910847389,0.00166626924870357,0.004));
#8802=CARTESIAN_POINT('',(0.000551680040335938,0.00167405481785895,0.004));
#8803=CARTESIAN_POINT('',(0.000551680040335938,0.00167405481785895,0.004));
#8804=CARTESIAN_POINT('',(0.00966746992917258,0.00140489908857888,0.004));
#8805=CARTESIAN_POINT('',(0.00966746992917258,0.00140489908857888,0.005));
#8806=CARTESIAN_POINT('',(0.000548499153166661,0.00152507433715639,0.005));
#8807=CARTESIAN_POINT('',(0.00966746992917258,0.00140489908857888,0.004));
#8808=CARTESIAN_POINT('',(0.000548499153166661,0.00152507433715639,0.004));
#8809=CARTESIAN_POINT('',(0.000548499153166661,0.00152507433715639,0.004));
#8810=CARTESIAN_POINT('',(0.0114430587490996,0.0013815035730542,0.004));
#8811=CARTESIAN_POINT('',(0.0114430587490996,0.0013815035730542,0.005));
#8812=CARTESIAN_POINT('',(0.00054760174743419,0.00141403169165242,0.005));
#8813=CARTESIAN_POINT('',(0.0114430587490996,0.0013815035730542,0.004));
#8814=CARTESIAN_POINT('',(0.00054760174743419,0.00141403169165242,0.004));
#8815=CARTESIAN_POINT('',(0.00054760174743419,0.00141403169165242,0.004));
#8816=CARTESIAN_POINT('',(0.00186228924124581,0.00141010574921455,0.004));
#8817=CARTESIAN_POINT('',(0.00186228924124581,0.00141010574921455,0.005));
#8818=CARTESIAN_POINT('',(0.000548948845759289,0.00135047668757501,0.005));
#8819=CARTESIAN_POINT('',(0.00186228924124581,0.00141010574921455,0.004));
#8820=CARTESIAN_POINT('',(0.000548948845759289,0.00135047668757501,0.004));
#8821=CARTESIAN_POINT('',(0.000548948845759289,0.00135047668757501,0.004));
#8822=CARTESIAN_POINT('',(0.00105889528423839,0.00137362924606067,0.004));
#8823=CARTESIAN_POINT('',(0.00105889528423839,0.00137362924606067,0.005));
#8824=CARTESIAN_POINT('',(0.000552720247020359,0.00130753656280998,0.005));
#8825=CARTESIAN_POINT('',(0.00105889528423839,0.00137362924606067,0.004));
#8826=CARTESIAN_POINT('',(0.000552720247020359,0.00130753656280998,0.004));
#8827=CARTESIAN_POINT('',(0.000552720247020359,0.00130753656280998,0.004));
#8828=CARTESIAN_POINT('',(0.000781241439366764,0.00133737506378859,0.004));
#8829=CARTESIAN_POINT('',(0.000781241439366764,0.00133737506378859,0.005));
#8830=CARTESIAN_POINT('',(0.000559941970407635,0.00127304142926915,0.005));
#8831=CARTESIAN_POINT('',(0.000781241439366764,0.00133737506378859,0.004));
#8832=CARTESIAN_POINT('',(0.000559941970407635,0.00127304142926915,0.004));
#8833=CARTESIAN_POINT('',(0.000559941970407635,0.00127304142926915,0.004));
#8834=CARTESIAN_POINT('',(0.000951581781800587,0.0013868938053566,0.004));
#8835=CARTESIAN_POINT('',(0.000951581781800587,0.0013868938053566,0.005));
#8836=CARTESIAN_POINT('',(0.000587335829838162,0.00120340268326168,0.005));
#8837=CARTESIAN_POINT('',(0.000951581781800587,0.0013868938053566,0.004));
#8838=CARTESIAN_POINT('',(0.000587335829838162,0.00120340268326168,0.004));
#8839=CARTESIAN_POINT('',(0.000587335829838162,0.00120340268326168,0.004));
#8840=CARTESIAN_POINT('',(0.000894412942542523,0.00135809406799912,0.004));
#8841=CARTESIAN_POINT('',(0.000894412942542523,0.00135809406799912,0.005));
#8842=CARTESIAN_POINT('',(0.000626078129939063,0.00114310056576266,0.005));
#8843=CARTESIAN_POINT('',(0.000894412942542523,0.00135809406799912,0.004));
#8844=CARTESIAN_POINT('',(0.000626078129939063,0.00114310056576266,0.004));
#8845=CARTESIAN_POINT('',(0.000626078129939063,0.00114310056576266,0.004));
#8846=CARTESIAN_POINT('',(0.000948285397933322,0.00140125661900917,0.004));
#8847=CARTESIAN_POINT('',(0.000948285397933322,0.00140125661900917,0.005));
#8848=CARTESIAN_POINT('',(0.000680051427165369,0.0010873894364268,0.005));
#8849=CARTESIAN_POINT('',(0.000948285397933322,0.00140125661900917,0.004));
#8850=CARTESIAN_POINT('',(0.000680051427165369,0.0010873894364268,0.004));
#8851=CARTESIAN_POINT('',(0.000680051427165369,0.0010873894364268,0.004));
#8852=CARTESIAN_POINT('',(0.00121648632857709,0.00171508487891881,0.004));
#8853=CARTESIAN_POINT('',(0.00121648632857709,0.00171508487891881,0.005));
#8854=CARTESIAN_POINT('',(0.000753582958216491,0.00103135653982013,0.005));
#8855=CARTESIAN_POINT('',(0.00121648632857709,0.00171508487891881,0.004));
#8856=CARTESIAN_POINT('',(0.000753582958216491,0.00103135653982013,0.004));
#8857=CARTESIAN_POINT('',(0.000753582958216491,0.00103135653982013,0.004));
#8858=CARTESIAN_POINT('',(0.000263340247188496,0.00030724538942433,0.004));
#8859=CARTESIAN_POINT('',(0.000263340247188496,0.00030724538942433,0.005));
#8860=CARTESIAN_POINT('',(0.000843968059979457,0.000961115572914285,0.005));
#8861=CARTESIAN_POINT('',(0.000263340247188496,0.00030724538942433,0.004));
#8862=CARTESIAN_POINT('',(0.000843968059979457,0.000961115572914285,0.004));
#8863=CARTESIAN_POINT('',(0.000843968059979457,0.000961115572914285,0.004));
#8864=CARTESIAN_POINT('',(-0.000685391712500009,-0.000761160787470161,0.004));
#8865=CARTESIAN_POINT('',(-0.000685391712500009,-0.000761160787470161,0.005));
#8866=CARTESIAN_POINT('',(0.000950291350232157,0.000860479768728611,0.005));
#8867=CARTESIAN_POINT('',(-0.000685391712500009,-0.000761160787470161,0.004));
#8868=CARTESIAN_POINT('',(0.000950291350232157,0.000860479768728611,0.004));
#8869=CARTESIAN_POINT('',(0.000950291350232157,0.000860479768728611,0.004));
#8870=CARTESIAN_POINT('',(-0.000683111903739866,-0.000758897751705495,0.004));
#8871=CARTESIAN_POINT('',(-0.000683111903739866,-0.000758897751705495,0.005));
#8872=CARTESIAN_POINT('',(0.00104983125119935,0.000753483736386384,0.005));
#8873=CARTESIAN_POINT('',(-0.000683111903739866,-0.000758897751705495,0.004));
#8874=CARTESIAN_POINT('',(0.00104983125119935,0.000753483736386384,0.004));
#8875=CARTESIAN_POINT('',(0.00104983125119935,0.000753483736386384,0.004));
#8876=CARTESIAN_POINT('',(0.000408230051687158,0.000193542784342889,0.004));
#8877=CARTESIAN_POINT('',(0.000408230051687158,0.000193542784342889,0.005));
#8878=CARTESIAN_POINT('',(0.00111860684535253,0.000663171126771849,0.005));
#8879=CARTESIAN_POINT('',(0.000408230051687158,0.000193542784342889,0.004));
#8880=CARTESIAN_POINT('',(0.00111860684535253,0.000663171126771849,0.004));
#8881=CARTESIAN_POINT('',(0.00111860684535253,0.000663171126771849,0.004));
#8882=CARTESIAN_POINT('',(-5.46294662243041E-5,-0.000112454349493453,0.004));
#8883=CARTESIAN_POINT('',(-5.46294662243041E-5,-0.000112454349493453,0.005));
#8884=CARTESIAN_POINT('',(0.00118619085140878,0.000549696133088204,0.005));
#8885=CARTESIAN_POINT('',(-5.46294662243041E-5,-0.000112454349493453,0.004));
#8886=CARTESIAN_POINT('',(0.00118619085140878,0.000549696133088204,0.004));
#8887=CARTESIAN_POINT('',(0.00118619085140878,0.000549696133088204,0.004));
#8888=CARTESIAN_POINT('',(-2.34340137311121E-6,-8.45534268684312E-5,0.004));
#8889=CARTESIAN_POINT('',(-2.34340137311121E-6,-8.45534268684312E-5,0.005));
#8890=CARTESIAN_POINT('',(0.00124204243693707,0.000431576459646637,0.005));
#8891=CARTESIAN_POINT('',(-2.34340137311121E-6,-8.45534268684312E-5,0.004));
#8892=CARTESIAN_POINT('',(0.00124204243693707,0.000431576459646637,0.004));
#8893=CARTESIAN_POINT('',(0.00124204243693707,0.000431576459646637,0.004));
#8894=CARTESIAN_POINT('',(-3.23026516286135E-5,-9.69790702987875E-5,0.004));
#8895=CARTESIAN_POINT('',(-3.23026516286135E-5,-9.69790702987875E-5,0.005));
#8896=CARTESIAN_POINT('',(0.00128677097605141,0.000307212861518812,0.005));
#8897=CARTESIAN_POINT('',(-3.23026516286135E-5,-9.69790702987875E-5,0.004));
#8898=CARTESIAN_POINT('',(0.00128677097605141,0.000307212861518812,0.004));
#8899=CARTESIAN_POINT('',(0.00128677097605141,0.000307212861518812,0.004));
#8900=CARTESIAN_POINT('',(-0.000215562871493488,-0.000153134828410662,0.004));
#8901=CARTESIAN_POINT('',(-0.000215562871493488,-0.000153134828410662,0.005));
#8902=CARTESIAN_POINT('',(0.00132106454522874,0.000175046778752232,0.005));
#8903=CARTESIAN_POINT('',(-0.000215562871493488,-0.000153134828410662,0.004));
#8904=CARTESIAN_POINT('',(0.00132106454522874,0.000175046778752232,0.004));
#8905=CARTESIAN_POINT('',(0.00132106454522874,0.000175046778752232,0.004));
#8906=CARTESIAN_POINT('',(0.000538098358478113,7.82585190471379E-6,0.004));
#8907=CARTESIAN_POINT('',(0.000538098358478113,7.82585190471379E-6,0.005));
#8908=CARTESIAN_POINT('',(0.0013367889952956,6.34329974045179E-5,0.005));
#8909=CARTESIAN_POINT('',(0.000538098358478113,7.82585190471379E-6,0.004));
#8910=CARTESIAN_POINT('',(0.0013367889952956,6.34329974045179E-5,0.004));
#8911=CARTESIAN_POINT('',(0.0013367889952956,6.34329974045179E-5,0.004));
#8912=CARTESIAN_POINT('',(-0.000720794810825154,-7.98203213075171E-5,0.004));
#8913=CARTESIAN_POINT('',(-0.000720794810825154,-7.98203213075171E-5,0.005));
#8914=CARTESIAN_POINT('',(0.0013367889952956,-0.000223069769894682,0.005));
#8915=CARTESIAN_POINT('',(-0.000720794810825154,-7.98203213075171E-5,0.004));
#8916=CARTESIAN_POINT('',(0.0013367889952956,-0.000223069769894682,0.004));
#8917=CARTESIAN_POINT('',(0.0013367889952956,-0.000223069769894682,0.004));
#8918=CARTESIAN_POINT('',(0.000538098358478117,-0.000167462624394879,0.004));
#8919=CARTESIAN_POINT('',(0.000538098358478117,-0.000167462624394879,0.005));
#8920=CARTESIAN_POINT('',(0.00132106454522874,-0.000334683551242396,0.005));
#8921=CARTESIAN_POINT('',(0.000538098358478117,-0.000167462624394879,0.004));
#8922=CARTESIAN_POINT('',(0.00132106454522874,-0.000334683551242396,0.004));
#8923=CARTESIAN_POINT('',(0.00132106454522874,-0.000334683551242396,0.004));
#8924=CARTESIAN_POINT('',(-0.00010241247237001,-3.06677639658857E-5,0.004));
#8925=CARTESIAN_POINT('',(-0.00010241247237001,-3.06677639658857E-5,0.005));
#8926=CARTESIAN_POINT('',(0.00118371359598703,-0.000712277736631825,0.005));
#8927=CARTESIAN_POINT('',(-0.00010241247237001,-3.06677639658857E-5,0.004));
#8928=CARTESIAN_POINT('',(0.00118371359598703,-0.000712277736631825,0.004));
#8929=CARTESIAN_POINT('',(0.00118371359598703,-0.000712277736631825,0.004));
#8930=CARTESIAN_POINT('',(1.7758278828146E-5,-9.43562835970545E-5,0.004));
#8931=CARTESIAN_POINT('',(1.7758278828146E-5,-9.43562835970545E-5,0.005));
#8932=CARTESIAN_POINT('',(0.000635679418930348,-0.0012603119136885,0.005));
#8933=CARTESIAN_POINT('',(1.7758278828146E-5,-9.43562835970545E-5,0.004));
#8934=CARTESIAN_POINT('',(0.000635679418930348,-0.0012603119136885,0.004));
#8935=CARTESIAN_POINT('',(0.000635679418930348,-0.0012603119136885,0.004));
#8936=CARTESIAN_POINT('',(-4.59305537355928E-5,2.58141546685345E-5,0.004));
#8937=CARTESIAN_POINT('',(-4.59305537355928E-5,2.58141546685345E-5,0.005));
#8938=CARTESIAN_POINT('',(0.000258085233540919,-0.00139766286293022,0.005));
#8939=CARTESIAN_POINT('',(-4.59305537355928E-5,2.58141546685345E-5,0.004));
#8940=CARTESIAN_POINT('',(0.000258085233540919,-0.00139766286293022,0.004));
#8941=CARTESIAN_POINT('',(0.000258085233540919,-0.00139766286293022,0.004));
#8942=CARTESIAN_POINT('',(9.08643066933965E-5,-0.000614696676179586,0.004));
#8943=CARTESIAN_POINT('',(9.08643066933965E-5,-0.000614696676179586,0.005));
#8944=CARTESIAN_POINT('',(0.000146471452193205,-0.00141338731299708,0.005));
#8945=CARTESIAN_POINT('',(9.08643066933965E-5,-0.000614696676179586,0.004));
#8946=CARTESIAN_POINT('',(0.000146471452193205,-0.00141338731299708,0.004));
#8947=CARTESIAN_POINT('',(0.000146471452193205,-0.00141338731299708,0.004));
#8948=CARTESIAN_POINT('',(3.21813348117061E-6,0.000644196493123806,0.004));
#8949=CARTESIAN_POINT('',(3.21813348117061E-6,0.000644196493123806,0.005));
#8950=CARTESIAN_POINT('',(-0.000140031315105995,-0.00141338731299708,0.005));
#8951=CARTESIAN_POINT('',(3.21813348117061E-6,0.000644196493123806,0.004));
#8952=CARTESIAN_POINT('',(-0.000140031315105995,-0.00141338731299708,0.004));
#8953=CARTESIAN_POINT('',(-0.000140031315105995,-0.00141338731299708,0.004));
#8954=CARTESIAN_POINT('',(-8.44241696061863E-5,-0.000614696676179591,0.004));
#8955=CARTESIAN_POINT('',(-8.44241696061863E-5,-0.000614696676179591,0.005));
#8956=CARTESIAN_POINT('',(-0.000251645096453709,-0.00139766286293022,0.005));
#8957=CARTESIAN_POINT('',(-8.44241696061863E-5,-0.000614696676179591,0.004));
#8958=CARTESIAN_POINT('',(-0.000251645096453709,-0.00139766286293022,0.004));
#8959=CARTESIAN_POINT('',(-0.000251645096453709,-0.00139766286293022,0.004));
#8960=CARTESIAN_POINT('',(5.23706908228043E-5,2.5814154668534E-5,0.004));
#8961=CARTESIAN_POINT('',(5.23706908228043E-5,2.5814154668534E-5,0.005));
#8962=CARTESIAN_POINT('',(-0.000629239281843137,-0.0012603119136885,0.005));
#8963=CARTESIAN_POINT('',(5.23706908228043E-5,2.5814154668534E-5,0.004));
#8964=CARTESIAN_POINT('',(-0.000629239281843137,-0.0012603119136885,0.004));
#8965=CARTESIAN_POINT('',(-0.000629239281843137,-0.0012603119136885,0.004));
#8966=CARTESIAN_POINT('',(-1.13178288083725E-5,-9.43565965296326E-5,0.004));
#8967=CARTESIAN_POINT('',(-1.13178288083725E-5,-9.43565965296326E-5,0.005));
#8968=CARTESIAN_POINT('',(-0.00117727345889981,-0.000712277736631825,0.005));
#8969=CARTESIAN_POINT('',(-1.13178288083725E-5,-9.43565965296326E-5,0.004));
#8970=CARTESIAN_POINT('',(-0.00117727345889981,-0.000712277736631825,0.004));
#8971=CARTESIAN_POINT('',(-0.00117727345889981,-0.000712277736631825,0.004));
#8972=CARTESIAN_POINT('',(0.000108852609457222,-3.06677639658841E-5,0.004));
#8973=CARTESIAN_POINT('',(0.000108852609457222,-3.06677639658841E-5,0.005));
#8974=CARTESIAN_POINT('',(-0.00131462440814153,-0.000334683551242396,0.005));
#8975=CARTESIAN_POINT('',(0.000108852609457222,-3.06677639658841E-5,0.004));
#8976=CARTESIAN_POINT('',(-0.00131462440814153,-0.000334683551242396,0.004));
#8977=CARTESIAN_POINT('',(-0.00131462440814153,-0.000334683551242396,0.004));
#8978=CARTESIAN_POINT('',(-0.000531658221390905,-0.000167462624394874,0.004));
#8979=CARTESIAN_POINT('',(-0.000531658221390905,-0.000167462624394874,0.005));
#8980=CARTESIAN_POINT('',(-0.00133034885820839,-0.000223069769894682,0.005));
#8981=CARTESIAN_POINT('',(-0.000531658221390905,-0.000167462624394874,0.004));
#8982=CARTESIAN_POINT('',(-0.00133034885820839,-0.000223069769894682,0.004));
#8983=CARTESIAN_POINT('',(-0.00133034885820839,-0.000223069769894682,0.004));
#8984=CARTESIAN_POINT('',(0.000727234947912366,-7.98164511826473E-5,0.004));
#8985=CARTESIAN_POINT('',(0.000727234947912366,-7.98164511826473E-5,0.005));
#8986=CARTESIAN_POINT('',(-0.00133034885820839,6.34329974045179E-5,0.005));
#8987=CARTESIAN_POINT('',(0.000727234947912366,-7.98164511826473E-5,0.004));
#8988=CARTESIAN_POINT('',(-0.00133034885820839,6.34329974045179E-5,0.004));
#8989=CARTESIAN_POINT('',(-0.00133034885820839,6.34329974045179E-5,0.004));
#8990=CARTESIAN_POINT('',(-0.000531658221390903,7.82585190470944E-6,0.004));
#8991=CARTESIAN_POINT('',(-0.000531658221390903,7.82585190470944E-6,0.005));
#8992=CARTESIAN_POINT('',(-0.00131462440814153,0.000175046778752232,0.005));
#8993=CARTESIAN_POINT('',(-0.000531658221390903,7.82585190470944E-6,0.004));
#8994=CARTESIAN_POINT('',(-0.00131462440814153,0.000175046778752232,0.004));
#8995=CARTESIAN_POINT('',(-0.00131462440814153,0.000175046778752232,0.004));
#8996=CARTESIAN_POINT('',(0.000222003008580699,-0.00015313482841067,0.004));
#8997=CARTESIAN_POINT('',(0.000222003008580699,-0.00015313482841067,0.005));
#8998=CARTESIAN_POINT('',(-0.00128033083896419,0.000307212861518812,0.005));
#8999=CARTESIAN_POINT('',(0.000222003008580699,-0.00015313482841067,0.004));
#9000=CARTESIAN_POINT('',(-0.00128033083896419,0.000307212861518812,0.004));
#9001=CARTESIAN_POINT('',(-0.00128033083896419,0.000307212861518812,0.004));
#9002=CARTESIAN_POINT('',(3.87427887158733E-5,-9.69790702988117E-5,0.004));
#9003=CARTESIAN_POINT('',(3.87427887158733E-5,-9.69790702988117E-5,0.005));
#9004=CARTESIAN_POINT('',(-0.00123560229984986,0.000431576459646637,0.005));
#9005=CARTESIAN_POINT('',(3.87427887158733E-5,-9.69790702988117E-5,0.004));
#9006=CARTESIAN_POINT('',(-0.00123560229984986,0.000431576459646637,0.004));
#9007=CARTESIAN_POINT('',(-0.00123560229984986,0.000431576459646637,0.004));
#9008=CARTESIAN_POINT('',(8.78353846037422E-6,-8.45534268684585E-5,0.004));
#9009=CARTESIAN_POINT('',(8.78353846037422E-6,-8.45534268684585E-5,0.005));
#9010=CARTESIAN_POINT('',(-0.00117975071432157,0.000549696133088204,0.005));
#9011=CARTESIAN_POINT('',(8.78353846037422E-6,-8.45534268684585E-5,0.004));
#9012=CARTESIAN_POINT('',(-0.00117975071432157,0.000549696133088204,0.004));
#9013=CARTESIAN_POINT('',(-0.00117975071432157,0.000549696133088204,0.004));
#9014=CARTESIAN_POINT('',(6.10696033115191E-5,-0.000112454349493454,0.004));
#9015=CARTESIAN_POINT('',(6.10696033115191E-5,-0.000112454349493454,0.005));
#9016=CARTESIAN_POINT('',(-0.00111216670826532,0.000663171126771849,0.005));
#9017=CARTESIAN_POINT('',(6.10696033115191E-5,-0.000112454349493454,0.004));
#9018=CARTESIAN_POINT('',(-0.00111216670826532,0.000663171126771849,0.004));
#9019=CARTESIAN_POINT('',(-0.00111216670826532,0.000663171126771849,0.004));
#9020=CARTESIAN_POINT('',(-0.000401789914599967,0.000193542784342904,0.004));
#9021=CARTESIAN_POINT('',(-0.000401789914599967,0.000193542784342904,0.005));
#9022=CARTESIAN_POINT('',(-0.00104339111411214,0.000753483736386384,0.005));
#9023=CARTESIAN_POINT('',(-0.000401789914599967,0.000193542784342904,0.004));
#9024=CARTESIAN_POINT('',(-0.00104339111411214,0.000753483736386384,0.004));
#9025=CARTESIAN_POINT('',(-0.00104339111411214,0.000753483736386384,0.004));
#9026=CARTESIAN_POINT('',(0.000689552040826951,-0.000758897751705373,0.004));
#9027=CARTESIAN_POINT('',(0.000689552040826951,-0.000758897751705373,0.005));
#9028=CARTESIAN_POINT('',(-0.000943851213144946,0.00086047976872861,0.005));
#9029=CARTESIAN_POINT('',(0.000689552040826951,-0.000758897751705373,0.004));
#9030=CARTESIAN_POINT('',(-0.000943851213144946,0.00086047976872861,0.004));
#9031=CARTESIAN_POINT('',(-0.000943851213144946,0.00086047976872861,0.004));
#9032=CARTESIAN_POINT('',(0.000691831849587194,-0.000761160787470132,0.004));
#9033=CARTESIAN_POINT('',(0.000691831849587194,-0.000761160787470132,0.005));
#9034=CARTESIAN_POINT('',(-0.000837527922892247,0.000961115572914285,0.005));
#9035=CARTESIAN_POINT('',(0.000691831849587194,-0.000761160787470132,0.004));
#9036=CARTESIAN_POINT('',(-0.000837527922892247,0.000961115572914285,0.004));
#9037=CARTESIAN_POINT('',(-0.000837527922892247,0.000961115572914285,0.004));
#9038=CARTESIAN_POINT('',(-0.000256900110101286,0.000307245389424333,0.004));
#9039=CARTESIAN_POINT('',(-0.000256900110101286,0.000307245389424333,0.005));
#9040=CARTESIAN_POINT('',(-0.000747142821129281,0.00103135653982013,0.005));
#9041=CARTESIAN_POINT('',(-0.000256900110101286,0.000307245389424333,0.004));
#9042=CARTESIAN_POINT('',(-0.000747142821129281,0.00103135653982013,0.004));
#9043=CARTESIAN_POINT('',(-0.000747142821129281,0.00103135653982013,0.004));
#9044=CARTESIAN_POINT('',(-0.00121004619148988,0.00171508487891882,0.004));
#9045=CARTESIAN_POINT('',(-0.00121004619148988,0.00171508487891882,0.005));
#9046=CARTESIAN_POINT('',(-0.000673611290078158,0.0010873894364268,0.005));
#9047=CARTESIAN_POINT('',(-0.00121004619148988,0.00171508487891882,0.004));
#9048=CARTESIAN_POINT('',(-0.000673611290078158,0.0010873894364268,0.004));
#9049=CARTESIAN_POINT('',(-0.000673611290078158,0.0010873894364268,0.004));
#9050=CARTESIAN_POINT('',(-0.0009418452608461,0.00140125661900916,0.004));
#9051=CARTESIAN_POINT('',(-0.0009418452608461,0.00140125661900916,0.005));
#9052=CARTESIAN_POINT('',(-0.000619637992851852,0.00114310056576266,0.005));
#9053=CARTESIAN_POINT('',(-0.0009418452608461,0.00140125661900916,0.004));
#9054=CARTESIAN_POINT('',(-0.000619637992851852,0.00114310056576266,0.004));
#9055=CARTESIAN_POINT('',(-0.000619637992851852,0.00114310056576266,0.004));
#9056=CARTESIAN_POINT('',(-0.00088797280545532,0.00135809406799912,0.004));
#9057=CARTESIAN_POINT('',(-0.00088797280545532,0.00135809406799912,0.005));
#9058=CARTESIAN_POINT('',(-0.000580895692750951,0.00120340268326168,0.005));
#9059=CARTESIAN_POINT('',(-0.00088797280545532,0.00135809406799912,0.004));
#9060=CARTESIAN_POINT('',(-0.000580895692750951,0.00120340268326168,0.004));
#9061=CARTESIAN_POINT('',(-0.000580895692750951,0.00120340268326168,0.004));
#9062=CARTESIAN_POINT('',(-0.000945141644713388,0.0013868938053566,0.004));
#9063=CARTESIAN_POINT('',(-0.000945141644713388,0.0013868938053566,0.005));
#9064=CARTESIAN_POINT('',(-0.000553501833320424,0.00127304142926915,0.005));
#9065=CARTESIAN_POINT('',(-0.000945141644713388,0.0013868938053566,0.004));
#9066=CARTESIAN_POINT('',(-0.000553501833320424,0.00127304142926915,0.004));
#9067=CARTESIAN_POINT('',(-0.000553501833320424,0.00127304142926915,0.004));
#9068=CARTESIAN_POINT('',(-0.000774801302279579,0.0013373750637886,0.004));
#9069=CARTESIAN_POINT('',(-0.000774801302279579,0.0013373750637886,0.005));
#9070=CARTESIAN_POINT('',(-0.000546280109933148,0.00130753656280998,0.005));
#9071=CARTESIAN_POINT('',(-0.000774801302279579,0.0013373750637886,0.004));
#9072=CARTESIAN_POINT('',(-0.000546280109933148,0.00130753656280998,0.004));
#9073=CARTESIAN_POINT('',(-0.000546280109933148,0.00130753656280998,0.004));
#9074=CARTESIAN_POINT('',(-0.00105245514715118,0.00137362924606067,0.004));
#9075=CARTESIAN_POINT('',(-0.00105245514715118,0.00137362924606067,0.005));
#9076=CARTESIAN_POINT('',(-0.000542508708672078,0.00135047668757501,0.005));
#9077=CARTESIAN_POINT('',(-0.00105245514715118,0.00137362924606067,0.004));
#9078=CARTESIAN_POINT('',(-0.000542508708672078,0.00135047668757501,0.004));
#9079=CARTESIAN_POINT('',(-0.000542508708672078,0.00135047668757501,0.004));
#9080=CARTESIAN_POINT('',(-0.00185584910415832,0.00141010574921454,0.004));
#9081=CARTESIAN_POINT('',(-0.00185584910415832,0.00141010574921454,0.005));
#9082=CARTESIAN_POINT('',(-0.000541161610346978,0.00141403169165242,0.005));
#9083=CARTESIAN_POINT('',(-0.00185584910415832,0.00141010574921454,0.004));
#9084=CARTESIAN_POINT('',(-0.000541161610346978,0.00141403169165242,0.004));
#9085=CARTESIAN_POINT('',(-0.000541161610346978,0.00141403169165242,0.004));
#9086=CARTESIAN_POINT('',(-0.0114366186120124,0.00138150357305423,0.004));
#9087=CARTESIAN_POINT('',(-0.0114366186120124,0.00138150357305423,0.005));
#9088=CARTESIAN_POINT('',(-0.000542059016079444,0.00152507433715639,0.005));
#9089=CARTESIAN_POINT('',(-0.0114366186120124,0.00138150357305423,0.004));
#9090=CARTESIAN_POINT('',(-0.000542059016079444,0.00152507433715639,0.004));
#9091=CARTESIAN_POINT('',(-0.000542059016079444,0.00152507433715639,0.004));
#9092=CARTESIAN_POINT('',(-0.0188603995391442,0.0012836699081108,0.004));
#9093=CARTESIAN_POINT('',(-0.0188603995391442,0.0012836699081108,0.005));
#9094=CARTESIAN_POINT('',(-0.000544134323649486,0.00165014524558562,0.005));
#9095=CARTESIAN_POINT('',(-0.0188603995391442,0.0012836699081108,0.004));
#9096=CARTESIAN_POINT('',(-0.000544134323649486,0.00165014524558562,0.004));
#9097=CARTESIAN_POINT('',(-0.000544134323649486,0.00165014524558562,0.004));
#9098=CARTESIAN_POINT('',(-0.00128812178998613,0.00163525951963054,0.004));
#9099=CARTESIAN_POINT('',(-0.00128812178998613,0.00163525951963054,0.005));
#9100=CARTESIAN_POINT('',(-0.000546976996249306,0.0017019178245897,0.005));
#9101=CARTESIAN_POINT('',(-0.00128812178998613,0.00163525951963054,0.004));
#9102=CARTESIAN_POINT('',(-0.000546976996249306,0.0017019178245897,0.004));
#9103=CARTESIAN_POINT('',(-0.000546976996249306,0.0017019178245897,0.004));
#9104=CARTESIAN_POINT('',(-0.000715999705500897,0.00168671625650079,0.004));
#9105=CARTESIAN_POINT('',(-0.000715999705500897,0.00168671625650079,0.005));
#9106=CARTESIAN_POINT('',(-0.000552316395969483,0.00173152181526255,0.005));
#9107=CARTESIAN_POINT('',(-0.000715999705500897,0.00168671625650079,0.004));
#9108=CARTESIAN_POINT('',(-0.000552316395969483,0.00173152181526255,0.004));
#9109=CARTESIAN_POINT('',(-0.000552316395969483,0.00173152181526255,0.004));
#9110=CARTESIAN_POINT('',(-0.000613281634870022,0.00171483362178311,0.004));
#9111=CARTESIAN_POINT('',(-0.000613281634870022,0.00171483362178311,0.005));
#9112=CARTESIAN_POINT('',(-0.000562512191940146,0.00175248624214872,0.005));
#9113=CARTESIAN_POINT('',(-0.000613281634870022,0.00171483362178311,0.004));
#9114=CARTESIAN_POINT('',(-0.000562512191940146,0.00175248624214872,0.004));
#9115=CARTESIAN_POINT('',(-0.000562512191940146,0.00175248624214872,0.004));
#9116=CARTESIAN_POINT('',(-0.000711130837119747,0.00164226474372377,0.004));
#9117=CARTESIAN_POINT('',(-0.000711130837119747,0.00164226474372377,0.005));
#9118=CARTESIAN_POINT('',(-0.000600894010751675,0.00179087201986581,0.005));
#9119=CARTESIAN_POINT('',(-0.000711130837119747,0.00164226474372377,0.004));
#9120=CARTESIAN_POINT('',(-0.000600894010751675,0.00179087201986581,0.004));
#9121=CARTESIAN_POINT('',(-0.000600894010751675,0.00179087201986581,0.004));
#9122=CARTESIAN_POINT('',(-0.000666996878386818,0.00170176049070027,0.004));
#9123=CARTESIAN_POINT('',(-0.000666996878386818,0.00170176049070027,0.005));
#9124=CARTESIAN_POINT('',(-0.000644257950799582,0.00181035788897478,0.005));
#9125=CARTESIAN_POINT('',(-0.000666996878386818,0.00170176049070027,0.004));
#9126=CARTESIAN_POINT('',(-0.000644257950799582,0.00181035788897478,0.004));
#9127=CARTESIAN_POINT('',(-0.000644257950799582,0.00181035788897478,0.004));
#9128=CARTESIAN_POINT('',(-0.000672042352278471,0.00167766467445474,0.004));
#9129=CARTESIAN_POINT('',(-0.000672042352278471,0.00167766467445474,0.005));
#9130=CARTESIAN_POINT('',(-0.000672042352278471,0.00167766467445474,0.004));
#9131=CARTESIAN_POINT('',(8.67361737988404E-19,-2.60208521396521E-18,0.004));
#9132=CARTESIAN_POINT('',(8.67361737988404E-19,-2.60208521396521E-18,0.005));
#9133=CARTESIAN_POINT('',(0.,0.,0.));
#9134=CARTESIAN_POINT('',(8.02635995939691E-19,-3.03576608295941E-18,0.005));
#9135=CARTESIAN_POINT('',(8.02635995939691E-19,-3.03576608295941E-18,0.00425));
#9136=CARTESIAN_POINT('',(0.003675,-3.03576608295941E-18,0.00425));
#9137=CARTESIAN_POINT('',(-0.002,-0.00308311936194497,0.002));
#9138=CARTESIAN_POINT('',(-0.002,-0.00308311936194497,0.002));
#9139=CARTESIAN_POINT('',(-0.002,-0.00308311936194497,0.));
#9140=CARTESIAN_POINT('',(-4.33680868994202E-19,1.3010426069826E-18,0.002));
#9141=CARTESIAN_POINT('',(0.002,-0.00308311936194498,0.002));
#9142=CARTESIAN_POINT('',(0.002,-0.00308311936194498,0.002));
#9143=CARTESIAN_POINT('',(0.002,-0.00308311936194498,0.));
#9144=CARTESIAN_POINT('',(8.02635995939691E-19,-3.03576608295941E-18,0.));
#9145=CARTESIAN_POINT('',(0.,-0.00075,0.005));
#9146=CARTESIAN_POINT('',(3.70825712416554E-7,0.00190857486635116,0.005));
#9147=CARTESIAN_POINT('',(2.91278261880442E-5,0.00224558931320252,0.005));
#9148=CARTESIAN_POINT('',(-0.000102973750205275,0.00223063945784062,0.005));
#9149=CARTESIAN_POINT('',(-4.5222904228597E-7,0.00189893204748198,0.005));
#9150=CARTESIAN_POINT('',(0.000157879650249266,0.00220873400929674,0.005));
#9151=CARTESIAN_POINT('',(1.27068587503554E-6,0.00190230360291727,0.005));
#9152=CARTESIAN_POINT('',(0.000262560580883217,0.00212625349115763,0.005));
#9153=CARTESIAN_POINT('',(1.52063690318833E-5,0.0019142475208465,0.005));
#9154=CARTESIAN_POINT('',(0.000326189470371963,0.00201130496903603,0.005));
#9155=CARTESIAN_POINT('',(9.99475306507469E-5,0.00194069482027876,0.005));
#9156=CARTESIAN_POINT('',(0.000336278715712644,0.00195854921367595,0.005));
#9157=CARTESIAN_POINT('',(-0.00136688830534584,0.00182987881756075,0.005));
#9158=CARTESIAN_POINT('',(0.00034069987022536,0.00186830530721439,0.005));
#9159=CARTESIAN_POINT('',(-0.00753783325449478,0.00169101866004776,0.005));
#9160=CARTESIAN_POINT('',(0.000342684038012393,0.00170374481702948,0.005));
#9161=CARTESIAN_POINT('',(-0.272722275377421,0.00126265612668734,0.005));
#9162=CARTESIAN_POINT('',(0.000343030216405013,0.00126247148273396,0.005));
#9163=CARTESIAN_POINT('',(-0.272722315666025,0.0012622868387942,0.005));
#9164=CARTESIAN_POINT('',(0.000342653821633603,0.000821198164721787,0.005));
#9165=CARTESIAN_POINT('',(-0.00753783325449479,0.000833924305433785,0.005));
#9166=CARTESIAN_POINT('',(0.000340699870225362,0.000656637658267143,0.005));
#9167=CARTESIAN_POINT('',(-0.00136688830534591,0.000695064147920796,0.005));
#9168=CARTESIAN_POINT('',(0.000336278715712645,0.000566393751805586,0.005));
#9169=CARTESIAN_POINT('',(9.9947530650742E-5,0.000584248145202784,0.005));
#9170=CARTESIAN_POINT('',(0.000326189470371962,0.000513637996445505,0.005));
#9171=CARTESIAN_POINT('',(2.3745244877196E-5,0.000608030465879821,0.005));
#9172=CARTESIAN_POINT('',(0.000278943101301607,0.000420263317801615,0.005));
#9173=CARTESIAN_POINT('',(-7.71016272696811E-6,0.000631174155600573,0.005));
#9174=CARTESIAN_POINT('',(0.000202631755895858,0.000344103166907249,0.005));
#9175=CARTESIAN_POINT('',(-8.3942796660311E-6,0.00063210803027124,0.005));
#9176=CARTESIAN_POINT('',(0.000106882371077106,0.000294187798856009,0.005));
#9177=CARTESIAN_POINT('',(3.21979838681773E-6,0.000598060389791895,0.005));
#9178=CARTESIAN_POINT('',(-0.000100442233989896,0.000294187798856009,0.005));
#9179=CARTESIAN_POINT('',(1.48344167532409E-5,0.000632108030271239,0.005));
#9180=CARTESIAN_POINT('',(-0.000196191618808648,0.000344103166907249,0.005));
#9181=CARTESIAN_POINT('',(1.41502998141814E-5,0.000631174155600575,0.005));
#9182=CARTESIAN_POINT('',(-0.000272502964214396,0.000420263317801615,0.005));
#9183=CARTESIAN_POINT('',(-1.73051077899836E-5,0.000608030465879824,0.005));
#9184=CARTESIAN_POINT('',(-0.000319749333284751,0.000513637996445505,0.005));
#9185=CARTESIAN_POINT('',(-9.35073935635288E-5,0.000584248145202786,0.005));
#9186=CARTESIAN_POINT('',(-0.000329838578625434,0.000566393751805586,0.005));
#9187=CARTESIAN_POINT('',(0.00137332844243324,0.000695064147920799,0.005));
#9188=CARTESIAN_POINT('',(-0.000334259733138148,0.000656637658267143,0.005));
#9189=CARTESIAN_POINT('',(0.00754427339158124,0.000833924305433783,0.005));
#9190=CARTESIAN_POINT('',(-0.000336243900925181,0.000821198148452058,0.005));
#9191=CARTESIAN_POINT('',(0.272728715514696,0.0012622868387942,0.005));
#9192=CARTESIAN_POINT('',(-0.000336600151452815,0.00126247148274077,0.005));
#9193=CARTESIAN_POINT('',(0.272728715514696,0.00126265612668734,0.005));
#9194=CARTESIAN_POINT('',(-0.000336243900925181,0.00170374481702948,0.005));
#9195=CARTESIAN_POINT('',(0.00754427339158125,0.00169101866004776,0.005));
#9196=CARTESIAN_POINT('',(-0.000334259733138151,0.00186830530721439,0.005));
#9197=CARTESIAN_POINT('',(0.00137332844243322,0.00182987881756074,0.005));
#9198=CARTESIAN_POINT('',(-0.000329838578625434,0.00195854921367595,0.005));
#9199=CARTESIAN_POINT('',(-9.35073935635237E-5,0.00194069482027876,0.005));
#9200=CARTESIAN_POINT('',(-0.000319749333284751,0.00201130496903603,0.005));
#9201=CARTESIAN_POINT('',(-2.8164199228841E-5,0.00192030127495256,0.005));
#9202=CARTESIAN_POINT('',(-0.000287248247803853,0.00208210059050496,0.005));
#9203=CARTESIAN_POINT('',(2.69575418274319E-5,0.00188587716910259,0.005));
#9204=CARTESIAN_POINT('',(-0.000236518670505502,0.00214627915619055,0.005));
#9205=CARTESIAN_POINT('',(2.59477423265746E-5,0.00188687515011408,0.005));
#9206=CARTESIAN_POINT('',(-0.00017305220658641,0.00219764528472501,0.005));
#9207=CARTESIAN_POINT('',(-1.13635528285413E-5,0.00194514347216772,0.005));
#9208=CARTESIAN_POINT('',(-0.000635891314162792,0.0014742982567378,0.005));
#9209=CARTESIAN_POINT('',(-0.000695769845217399,0.00181114301810657,0.005));
#9210=CARTESIAN_POINT('',(-0.0007587956302752,0.00179358552680001,0.005));
#9211=CARTESIAN_POINT('',(-0.000672042352278471,0.00167766467445474,0.005));
#9212=CARTESIAN_POINT('',(-0.000644257950799582,0.00181035788897478,0.005));
#9213=CARTESIAN_POINT('',(-0.000666996878386818,0.00170176049070027,0.005));
#9214=CARTESIAN_POINT('',(-0.000600894010751675,0.00179087201986581,0.005));
#9215=CARTESIAN_POINT('',(-0.000711130837119747,0.00164226474372377,0.005));
#9216=CARTESIAN_POINT('',(-0.000562512191940146,0.00175248624214872,0.005));
#9217=CARTESIAN_POINT('',(-0.000613281634870022,0.00171483362178311,0.005));
#9218=CARTESIAN_POINT('',(-0.000552316395969483,0.00173152181526255,0.005));
#9219=CARTESIAN_POINT('',(-0.000715999705500897,0.00168671625650079,0.005));
#9220=CARTESIAN_POINT('',(-0.000546976996249306,0.0017019178245897,0.005));
#9221=CARTESIAN_POINT('',(-0.00128812178998613,0.00163525951963054,0.005));
#9222=CARTESIAN_POINT('',(-0.000544134323649486,0.00165014524558562,0.005));
#9223=CARTESIAN_POINT('',(-0.0188603995391442,0.0012836699081108,0.005));
#9224=CARTESIAN_POINT('',(-0.000542059016079444,0.00152507433715639,0.005));
#9225=CARTESIAN_POINT('',(-0.0114366186120124,0.00138150357305423,0.005));
#9226=CARTESIAN_POINT('',(-0.000541161610346978,0.00141403169165242,0.005));
#9227=CARTESIAN_POINT('',(-0.00185584910415832,0.00141010574921454,0.005));
#9228=CARTESIAN_POINT('',(-0.000542508708672078,0.00135047668757501,0.005));
#9229=CARTESIAN_POINT('',(-0.00105245514715118,0.00137362924606067,0.005));
#9230=CARTESIAN_POINT('',(-0.000546280109933148,0.00130753656280998,0.005));
#9231=CARTESIAN_POINT('',(-0.000774801302279579,0.0013373750637886,0.005));
#9232=CARTESIAN_POINT('',(-0.000553501833320424,0.00127304142926915,0.005));
#9233=CARTESIAN_POINT('',(-0.000945141644713388,0.0013868938053566,0.005));
#9234=CARTESIAN_POINT('',(-0.000580895692750951,0.00120340268326168,0.005));
#9235=CARTESIAN_POINT('',(-0.00088797280545532,0.00135809406799912,0.005));
#9236=CARTESIAN_POINT('',(-0.000619637992851852,0.00114310056576266,0.005));
#9237=CARTESIAN_POINT('',(-0.0009418452608461,0.00140125661900916,0.005));
#9238=CARTESIAN_POINT('',(-0.000673611290078158,0.0010873894364268,0.005));
#9239=CARTESIAN_POINT('',(-0.00121004619148988,0.00171508487891882,0.005));
#9240=CARTESIAN_POINT('',(-0.000747142821129281,0.00103135653982013,0.005));
#9241=CARTESIAN_POINT('',(-0.000256900110101286,0.000307245389424333,0.005));
#9242=CARTESIAN_POINT('',(-0.000837527922892247,0.000961115572914285,0.005));
#9243=CARTESIAN_POINT('',(0.000691831849587194,-0.000761160787470132,0.005));
#9244=CARTESIAN_POINT('',(-0.000943851213144946,0.00086047976872861,0.005));
#9245=CARTESIAN_POINT('',(0.000689552040826951,-0.000758897751705373,0.005));
#9246=CARTESIAN_POINT('',(-0.00104339111411214,0.000753483736386384,0.005));
#9247=CARTESIAN_POINT('',(-0.000401789914599967,0.000193542784342904,0.005));
#9248=CARTESIAN_POINT('',(-0.00111216670826532,0.000663171126771849,0.005));
#9249=CARTESIAN_POINT('',(6.10696033115191E-5,-0.000112454349493454,0.005));
#9250=CARTESIAN_POINT('',(-0.00117975071432157,0.000549696133088204,0.005));
#9251=CARTESIAN_POINT('',(8.78353846037422E-6,-8.45534268684585E-5,0.005));
#9252=CARTESIAN_POINT('',(-0.00123560229984986,0.000431576459646637,0.005));
#9253=CARTESIAN_POINT('',(3.87427887158733E-5,-9.69790702988117E-5,0.005));
#9254=CARTESIAN_POINT('',(-0.00128033083896419,0.000307212861518812,0.005));
#9255=CARTESIAN_POINT('',(0.000222003008580699,-0.00015313482841067,0.005));
#9256=CARTESIAN_POINT('',(-0.00131462440814153,0.000175046778752232,0.005));
#9257=CARTESIAN_POINT('',(-0.000531658221390903,7.82585190470944E-6,0.005));
#9258=CARTESIAN_POINT('',(-0.00133034885820839,6.34329974045179E-5,0.005));
#9259=CARTESIAN_POINT('',(0.000727234947912366,-7.98164511826473E-5,0.005));
#9260=CARTESIAN_POINT('',(-0.00133034885820839,-0.000223069769894682,0.005));
#9261=CARTESIAN_POINT('',(-0.000531658221390905,-0.000167462624394874,0.005));
#9262=CARTESIAN_POINT('',(-0.00131462440814153,-0.000334683551242396,0.005));
#9263=CARTESIAN_POINT('',(0.000108852609457222,-3.06677639658841E-5,0.005));
#9264=CARTESIAN_POINT('',(-0.00117727345889981,-0.000712277736631825,0.005));
#9265=CARTESIAN_POINT('',(-1.13178288083725E-5,-9.43565965296326E-5,0.005));
#9266=CARTESIAN_POINT('',(-0.000629239281843137,-0.0012603119136885,0.005));
#9267=CARTESIAN_POINT('',(5.23706908228043E-5,2.5814154668534E-5,0.005));
#9268=CARTESIAN_POINT('',(-0.000251645096453709,-0.00139766286293022,0.005));
#9269=CARTESIAN_POINT('',(-8.44241696061863E-5,-0.000614696676179591,0.005));
#9270=CARTESIAN_POINT('',(-0.000140031315105995,-0.00141338731299708,0.005));
#9271=CARTESIAN_POINT('',(3.21813348117061E-6,0.000644196493123806,0.005));
#9272=CARTESIAN_POINT('',(0.000146471452193205,-0.00141338731299708,0.005));
#9273=CARTESIAN_POINT('',(9.08643066933965E-5,-0.000614696676179586,0.005));
#9274=CARTESIAN_POINT('',(0.000258085233540919,-0.00139766286293022,0.005));
#9275=CARTESIAN_POINT('',(-4.59305537355928E-5,2.58141546685345E-5,0.005));
#9276=CARTESIAN_POINT('',(0.000635679418930348,-0.0012603119136885,0.005));
#9277=CARTESIAN_POINT('',(1.7758278828146E-5,-9.43562835970545E-5,0.005));
#9278=CARTESIAN_POINT('',(0.00118371359598703,-0.000712277736631825,0.005));
#9279=CARTESIAN_POINT('',(-0.00010241247237001,-3.06677639658857E-5,0.005));
#9280=CARTESIAN_POINT('',(0.00132106454522874,-0.000334683551242396,0.005));
#9281=CARTESIAN_POINT('',(0.000538098358478117,-0.000167462624394879,0.005));
#9282=CARTESIAN_POINT('',(0.0013367889952956,-0.000223069769894682,0.005));
#9283=CARTESIAN_POINT('',(-0.000720794810825154,-7.98203213075171E-5,0.005));
#9284=CARTESIAN_POINT('',(0.0013367889952956,6.34329974045179E-5,0.005));
#9285=CARTESIAN_POINT('',(0.000538098358478113,7.82585190471379E-6,0.005));
#9286=CARTESIAN_POINT('',(0.00132106454522874,0.000175046778752232,0.005));
#9287=CARTESIAN_POINT('',(-0.000215562871493488,-0.000153134828410662,0.005));
#9288=CARTESIAN_POINT('',(0.00128677097605141,0.000307212861518812,0.005));
#9289=CARTESIAN_POINT('',(-3.23026516286135E-5,-9.69790702987875E-5,0.005));
#9290=CARTESIAN_POINT('',(0.00124204243693707,0.000431576459646637,0.005));
#9291=CARTESIAN_POINT('',(-2.34340137311121E-6,-8.45534268684312E-5,0.005));
#9292=CARTESIAN_POINT('',(0.00118619085140878,0.000549696133088204,0.005));
#9293=CARTESIAN_POINT('',(-5.46294662243041E-5,-0.000112454349493453,0.005));
#9294=CARTESIAN_POINT('',(0.00111860684535253,0.000663171126771849,0.005));
#9295=CARTESIAN_POINT('',(0.000408230051687158,0.000193542784342889,0.005));
#9296=CARTESIAN_POINT('',(0.00104983125119935,0.000753483736386384,0.005));
#9297=CARTESIAN_POINT('',(-0.000683111903739866,-0.000758897751705495,0.005));
#9298=CARTESIAN_POINT('',(0.000950291350232157,0.000860479768728611,0.005));
#9299=CARTESIAN_POINT('',(-0.000685391712500009,-0.000761160787470161,0.005));
#9300=CARTESIAN_POINT('',(0.000843968059979457,0.000961115572914285,0.005));
#9301=CARTESIAN_POINT('',(0.000263340247188496,0.00030724538942433,0.005));
#9302=CARTESIAN_POINT('',(0.000753582958216491,0.00103135653982013,0.005));
#9303=CARTESIAN_POINT('',(0.00121648632857709,0.00171508487891881,0.005));
#9304=CARTESIAN_POINT('',(0.000680051427165369,0.0010873894364268,0.005));
#9305=CARTESIAN_POINT('',(0.000948285397933322,0.00140125661900917,0.005));
#9306=CARTESIAN_POINT('',(0.000626078129939063,0.00114310056576266,0.005));
#9307=CARTESIAN_POINT('',(0.000894412942542523,0.00135809406799912,0.005));
#9308=CARTESIAN_POINT('',(0.000587335829838162,0.00120340268326168,0.005));
#9309=CARTESIAN_POINT('',(0.000951581781800587,0.0013868938053566,0.005));
#9310=CARTESIAN_POINT('',(0.000559941970407635,0.00127304142926915,0.005));
#9311=CARTESIAN_POINT('',(0.000781241439366764,0.00133737506378859,0.005));
#9312=CARTESIAN_POINT('',(0.000552720247020359,0.00130753656280998,0.005));
#9313=CARTESIAN_POINT('',(0.00105889528423839,0.00137362924606067,0.005));
#9314=CARTESIAN_POINT('',(0.000548948845759289,0.00135047668757501,0.005));
#9315=CARTESIAN_POINT('',(0.00186228924124581,0.00141010574921455,0.005));
#9316=CARTESIAN_POINT('',(0.00054760174743419,0.00141403169165242,0.005));
#9317=CARTESIAN_POINT('',(0.0114430587490996,0.0013815035730542,0.005));
#9318=CARTESIAN_POINT('',(0.000548499153166661,0.00152507433715639,0.005));
#9319=CARTESIAN_POINT('',(0.00966746992917258,0.00140489908857888,0.005));
#9320=CARTESIAN_POINT('',(0.000551680040335938,0.00167405481785895,0.005));
#9321=CARTESIAN_POINT('',(0.000815360910847389,0.00166626924870357,0.005));
#9322=CARTESIAN_POINT('',(0.000559151794945583,0.00172907932344931,0.005));
#9323=CARTESIAN_POINT('',(0.000634590364986308,0.00171058541262502,0.005));
#9324=CARTESIAN_POINT('',(0.000577154068442585,0.00176287379017403,0.005));
#9325=CARTESIAN_POINT('',(0.000734630140394501,0.00161951197570323,0.005));
#9326=CARTESIAN_POINT('',(0.000614810073741729,0.00179556445286015,0.005));
#9327=CARTESIAN_POINT('',(0.000669879199492114,0.00171465119271182,0.005));
#9328=CARTESIAN_POINT('',(0.000660939088442221,0.0018121172826773,0.005));
#9329=CARTESIAN_POINT('',(0.000676683453616885,0.00164047254871763,0.005));
#9330=CARTESIAN_POINT('',(0.000717635297127314,0.0018079023735516,0.005));
#9331=CARTESIAN_POINT('',(0.000610459156193114,0.00136971438207003,0.005));
#9332=CARTESIAN_POINT('',(0.000796832761148008,0.00178051886164678,0.005));
#9333=CARTESIAN_POINT('',(-0.00045535310631812,-0.000979559919965193,0.005));
#9334=CARTESIAN_POINT('',(0.000921276964632016,0.00172060562591201,0.005));
#9335=CARTESIAN_POINT('',(8.62714036258927E-6,-6.95016000795544E-5,0.005));
#9336=CARTESIAN_POINT('',(0.00129975534524286,0.001470109240636,0.005));
#9337=CARTESIAN_POINT('',(-1.61893219868427E-5,-9.90934664762428E-5,0.005));
#9338=CARTESIAN_POINT('',(0.00161439813222065,0.00113997556202856,0.005));
#9339=CARTESIAN_POINT('',(-9.52632020381945E-6,-9.40300881643792E-5,0.005));
#9340=CARTESIAN_POINT('',(0.0018476274195591,0.000749107242746084,0.005));
#9341=CARTESIAN_POINT('',(5.09128865936981E-5,-6.65932338687204E-5,0.005));
#9342=CARTESIAN_POINT('',(0.00198598530708569,0.00031947037225071,0.005));
#9343=CARTESIAN_POINT('',(0.000491182948353807,2.12436436159122E-5,0.005));
#9344=CARTESIAN_POINT('',(0.00200843821449949,0.000167222171817154,0.005));
#9345=CARTESIAN_POINT('',(-0.0010461739890846,-0.000126667989585149,0.005));
#9346=CARTESIAN_POINT('',(0.0020205466715874,-1.59813568715891E-5,0.005));
#9347=CARTESIAN_POINT('',(-0.000987443600296892,-0.000124545904735973,0.005));
#9348=CARTESIAN_POINT('',(0.00202164736627098,-0.000196401953355188,0.005));
#9349=CARTESIAN_POINT('',(0.000817660800235819,-0.000167650947537474,0.005));
#9350=CARTESIAN_POINT('',(0.00200974859524982,-0.000338931303992351,0.005));
#9351=CARTESIAN_POINT('',(-0.000231324582122133,-1.69329683645006E-5,0.005));
#9352=CARTESIAN_POINT('',(0.00195266311400722,-0.000613833008269632,0.005));
#9353=CARTESIAN_POINT('',(-2.2189247875747E-5,-7.40918477381813E-5,0.005));
#9354=CARTESIAN_POINT('',(0.00186299563608934,-0.000872490447985029,0.005));
#9355=CARTESIAN_POINT('',(1.13102135210813E-5,-8.828063263273E-5,0.005));
#9356=CARTESIAN_POINT('',(0.00174052617038125,-0.00111469970552003,0.005));
#9357=CARTESIAN_POINT('',(-5.21692268285649E-5,-5.06001985215903E-5,0.005));
#9358=CARTESIAN_POINT('',(0.001585562925327,-0.00134052188055018,0.005));
#9359=CARTESIAN_POINT('',(0.000774082859225142,-0.00070137827783616,0.005));
#9360=CARTESIAN_POINT('',(0.00152546786028803,-0.00141019773492567,0.005));
#9361=CARTESIAN_POINT('',(-0.0018613252000117,0.00178472463201613,0.005));
#9362=CARTESIAN_POINT('',(0.0013335994172242,-0.0016020661779895,0.005));
#9363=CARTESIAN_POINT('',(0.000624779960134667,-0.000850681176926602,0.005));
#9364=CARTESIAN_POINT('',(0.0012639235628487,-0.00166216124302849,0.005));
#9365=CARTESIAN_POINT('',(-2.59981191798753E-5,-2.44290908729396E-5,0.005));
#9366=CARTESIAN_POINT('',(0.00103810138781855,-0.00181712448808274,0.005));
#9367=CARTESIAN_POINT('',(1.16823149312538E-5,-8.79085312225648E-5,0.005));
#9368=CARTESIAN_POINT('',(0.000795892130283552,-0.00193959395379081,0.005));
#9369=CARTESIAN_POINT('',(-2.50646996329126E-6,-5.44090698257288E-5,0.005));
#9370=CARTESIAN_POINT('',(0.000537234690568156,-0.0020292614317087,0.005));
#9371=CARTESIAN_POINT('',(-5.96653493369658E-5,0.000154726264420587,0.005));
#9372=CARTESIAN_POINT('',(0.000262332986290874,-0.0020863469129513,0.005));
#9373=CARTESIAN_POINT('',(0.000139300392852349,-0.00123005084577493,0.005));
#9374=CARTESIAN_POINT('',(0.00016407166739692,-0.00209478569396099,0.005));
#9375=CARTESIAN_POINT('',(3.21443989351035E-6,0.00352088603403217,0.005));
#9376=CARTESIAN_POINT('',(3.22006854360541E-6,-0.00209708904638516,0.005));
#9377=CARTESIAN_POINT('',(3.2256971937004E-6,0.00352088603403214,0.005));
#9378=CARTESIAN_POINT('',(-0.000157631530309708,-0.00209478569396099,0.005));
#9379=CARTESIAN_POINT('',(-0.000132860255765138,-0.00123005084577493,0.005));
#9380=CARTESIAN_POINT('',(-0.000255892849203663,-0.0020863469129513,0.005));
#9381=CARTESIAN_POINT('',(6.61054864241764E-5,0.000154726264420581,0.005));
#9382=CARTESIAN_POINT('',(-0.000530794553480944,-0.0020292614317087,0.005));
#9383=CARTESIAN_POINT('',(8.94660705050325E-6,-5.44090698257234E-5,0.005));
#9384=CARTESIAN_POINT('',(-0.000789451993196341,-0.00193959395379081,0.005));
#9385=CARTESIAN_POINT('',(-5.2421778440448E-6,-8.79085312225621E-5,0.005));
#9386=CARTESIAN_POINT('',(-0.00103166125073134,-0.00181712448808274,0.005));
#9387=CARTESIAN_POINT('',(3.24382562671075E-5,-2.44290908729119E-5,0.005));
#9388=CARTESIAN_POINT('',(-0.00125748342576149,-0.00166216124302849,0.005));
#9389=CARTESIAN_POINT('',(-0.000618339823047458,-0.000850681176926603,0.005));
#9390=CARTESIAN_POINT('',(-0.00132715928013699,-0.0016020661779895,0.005));
#9391=CARTESIAN_POINT('',(0.00186776308680443,0.00178472688230986,0.005));
#9392=CARTESIAN_POINT('',(-0.00151902772320082,-0.00141019773492568,0.005));
#9393=CARTESIAN_POINT('',(-0.00076764272213788,-0.000701378277836111,0.005));
#9394=CARTESIAN_POINT('',(-0.00157912278823979,-0.00134052188055018,0.005));
#9395=CARTESIAN_POINT('',(5.86093639157906E-5,-5.06001985215718E-5,0.005));
#9396=CARTESIAN_POINT('',(-0.00173408603329404,-0.00111469970552003,0.005));
#9397=CARTESIAN_POINT('',(-4.87007643381102E-6,-8.82806326326986E-5,0.005));
#9398=CARTESIAN_POINT('',(-0.00185655549900212,-0.000872490447985029,0.005));
#9399=CARTESIAN_POINT('',(2.86293849629654E-5,-7.40918477381803E-5,0.005));
#9400=CARTESIAN_POINT('',(-0.00194622297692001,-0.000613833008269632,0.005));
#9401=CARTESIAN_POINT('',(0.000237764719209223,-1.69329683645289E-5,0.005));
#9402=CARTESIAN_POINT('',(-0.00200330845816262,-0.000338931303992351,0.005));
#9403=CARTESIAN_POINT('',(-0.00114602981065107,-0.000215757394147686,0.005));
#9404=CARTESIAN_POINT('',(-0.00201175654175083,-0.000240571071927861,0.005));
#9405=CARTESIAN_POINT('',(0.00358755858199419,-8.00898262655844E-5,0.005));
#9406=CARTESIAN_POINT('',(-0.00201405582482786,-7.97398368012301E-5,0.005));
#9407=CARTESIAN_POINT('',(0.00359010733967806,-8.00934538017655E-5,0.005));
#9408=CARTESIAN_POINT('',(-0.00201173786862973,8.10746621795659E-5,0.005));
#9409=CARTESIAN_POINT('',(-0.00114958366351049,5.62697656847231E-5,0.005));
#9410=CARTESIAN_POINT('',(-0.00200327568250239,0.000179294531502187,0.005));
#9411=CARTESIAN_POINT('',(0.000182160001875851,-0.000135648843515573,0.005));
#9412=CARTESIAN_POINT('',(-0.00189638513885196,0.000609313274969782,0.005));
#9413=CARTESIAN_POINT('',(-1.38147181349153E-5,-6.54117189413328E-5,0.005));
#9414=CARTESIAN_POINT('',(-0.00170748025943122,0.000997989541445646,0.005));
#9415=CARTESIAN_POINT('',(-3.59978598146054E-5,-5.14843991135031E-5,0.005));
#9416=CARTESIAN_POINT('',(-0.0014408813740936,0.00133471590223113,0.005));
#9417=CARTESIAN_POINT('',(4.44548678656799E-5,-0.00013086782003596,0.005));
#9418=CARTESIAN_POINT('',(-0.00110425871794376,0.00161114724776019,0.005));
#9419=CARTESIAN_POINT('',(-0.000279702274081709,0.000360716829491199,0.005));
#9420=CARTESIAN_POINT('',(-0.00102578564019052,0.00165949670724667,0.005));
#9421=CARTESIAN_POINT('',(0.000528260873587661,-0.00104577048237385,0.005));
#9422=CARTESIAN_POINT('',(-0.000928648811891054,0.00171302369309154,0.005));
#9423=CARTESIAN_POINT('',(0.000493260768490003,-0.000979492642052329,0.005));
#9424=CARTESIAN_POINT('',(-0.000832563999028649,0.00176161292972525,0.005));
#9425=CARTESIAN_POINT('',(-0.000410949132469543,0.000889934245413884,0.005));
#9426=CARTESIAN_POINT('',(8.02635995939691E-19,-3.03576608295941E-18,0.005));
#9427=CARTESIAN_POINT('',(0.002925,-3.03576608295941E-18,0.005));
#9428=CARTESIAN_POINT('',(0.,-0.00075,0.));
#9429=CARTESIAN_POINT('',(0.,-1.04094977927525E-19,0.));
#9430=CARTESIAN_POINT('',(-0.0017,-1.04094977927525E-19,0.));
#9431=CARTESIAN_POINT('',(0.002,-0.00412905968097249,0.));
#9432=CARTESIAN_POINT('',(0.002,-0.004425,0.));
#9433=CARTESIAN_POINT('',(0.00125,-0.004425,0.));
#9434=CARTESIAN_POINT('',(0.00125,-0.005175,0.));
#9435=CARTESIAN_POINT('',(4.33680868994202E-19,-0.005175,0.));
#9436=CARTESIAN_POINT('',(-0.00125,-0.005175,0.));
#9437=CARTESIAN_POINT('',(-0.00125,-0.004425,0.));
#9438=CARTESIAN_POINT('',(-0.002,-0.004425,0.));
#9439=CARTESIAN_POINT('',(-0.002,-0.00412905968097249,0.));
#9440=CARTESIAN_POINT('',(0.,-1.04094977927525E-19,0.001));
#9441=CARTESIAN_POINT('',(0.,-1.04094977927525E-19,0.001));
#9442=CARTESIAN_POINT('',(-0.0017,-1.04094977927525E-19,0.001));
#9443=CARTESIAN_POINT('',(8.67361737988404E-19,-2.60208521396521E-18,0.001));
#9444=CARTESIAN_POINT('',(8.02635995939691E-19,-3.03576608295941E-18,0.00425));
#9445=CARTESIAN_POINT('',(-0.000635891314162792,0.0014742982567378,0.004));
#9446=CARTESIAN_POINT('',(-0.0007587956302752,0.00179358552680001,0.004));
#9447=CARTESIAN_POINT('',(-0.0007587956302752,0.00179358552680001,0.004));
#9448=CARTESIAN_POINT('',(-0.000635891314162792,0.0014742982567378,0.004));
#9449=CARTESIAN_POINT('',(-0.000695769845217399,0.00181114301810657,0.004));
#9450=CARTESIAN_POINT('',(-0.000695769845217399,0.00181114301810657,0.004));
#9451=CARTESIAN_POINT('',(-0.000410949132469543,0.000889934245413884,0.004));
#9452=CARTESIAN_POINT('',(-0.000832563999028649,0.00176161292972525,0.004));
#9453=CARTESIAN_POINT('',(-0.000832563999028649,0.00176161292972525,0.004));
#9454=CARTESIAN_POINT('',(-0.000410949132469543,0.000889934245413884,0.004));
#9455=CARTESIAN_POINT('',(0.000493260768490003,-0.000979492642052329,0.004));
#9456=CARTESIAN_POINT('',(-0.000928648811891054,0.00171302369309154,0.004));
#9457=CARTESIAN_POINT('',(-0.000928648811891054,0.00171302369309154,0.004));
#9458=CARTESIAN_POINT('',(0.000493260768490003,-0.000979492642052329,0.004));
#9459=CARTESIAN_POINT('',(0.000528260873587661,-0.00104577048237385,0.004));
#9460=CARTESIAN_POINT('',(-0.00102578564019052,0.00165949670724667,0.004));
#9461=CARTESIAN_POINT('',(-0.00102578564019052,0.00165949670724667,0.004));
#9462=CARTESIAN_POINT('',(0.000528260873587661,-0.00104577048237385,0.004));
#9463=CARTESIAN_POINT('',(-0.000279702274081709,0.000360716829491199,0.004));
#9464=CARTESIAN_POINT('',(-0.00110425871794376,0.00161114724776019,0.004));
#9465=CARTESIAN_POINT('',(-0.00110425871794376,0.00161114724776019,0.004));
#9466=CARTESIAN_POINT('',(-0.000279702274081709,0.000360716829491199,0.004));
#9467=CARTESIAN_POINT('',(4.44548678656799E-5,-0.00013086782003596,0.004));
#9468=CARTESIAN_POINT('',(-0.0014408813740936,0.00133471590223113,0.004));
#9469=CARTESIAN_POINT('',(-0.0014408813740936,0.00133471590223113,0.004));
#9470=CARTESIAN_POINT('',(4.44548678656799E-5,-0.00013086782003596,0.004));
#9471=CARTESIAN_POINT('',(-3.59978598146054E-5,-5.14843991135031E-5,0.004));
#9472=CARTESIAN_POINT('',(-0.00170748025943122,0.000997989541445646,0.004));
#9473=CARTESIAN_POINT('',(-0.00170748025943122,0.000997989541445646,0.004));
#9474=CARTESIAN_POINT('',(-3.59978598146054E-5,-5.14843991135031E-5,0.004));
#9475=CARTESIAN_POINT('',(-1.38147181349153E-5,-6.54117189413328E-5,0.004));
#9476=CARTESIAN_POINT('',(-0.00189638513885196,0.000609313274969782,0.004));
#9477=CARTESIAN_POINT('',(-0.00189638513885196,0.000609313274969782,0.004));
#9478=CARTESIAN_POINT('',(-1.38147181349153E-5,-6.54117189413328E-5,0.004));
#9479=CARTESIAN_POINT('',(0.000182160001875851,-0.000135648843515573,0.004));
#9480=CARTESIAN_POINT('',(-0.00200327568250239,0.000179294531502187,0.004));
#9481=CARTESIAN_POINT('',(-0.00200327568250239,0.000179294531502187,0.004));
#9482=CARTESIAN_POINT('',(0.000182160001875851,-0.000135648843515573,0.004));
#9483=CARTESIAN_POINT('',(-0.00114958366351049,5.62697656847231E-5,0.004));
#9484=CARTESIAN_POINT('',(-0.00201173786862973,8.10746621795659E-5,0.004));
#9485=CARTESIAN_POINT('',(-0.00201173786862973,8.10746621795659E-5,0.004));
#9486=CARTESIAN_POINT('',(-0.00114958366351049,5.62697656847231E-5,0.004));
#9487=CARTESIAN_POINT('',(0.00359010733967806,-8.00934538017655E-5,0.004));
#9488=CARTESIAN_POINT('',(-0.00201405582482786,-7.97398368012301E-5,0.004));
#9489=CARTESIAN_POINT('',(-0.00201405582482786,-7.97398368012301E-5,0.004));
#9490=CARTESIAN_POINT('',(0.00359010733967806,-8.00934538017655E-5,0.004));
#9491=CARTESIAN_POINT('',(0.00358755858199419,-8.00898262655844E-5,0.004));
#9492=CARTESIAN_POINT('',(-0.00201175654175083,-0.000240571071927861,0.004));
#9493=CARTESIAN_POINT('',(-0.00201175654175083,-0.000240571071927861,0.004));
#9494=CARTESIAN_POINT('',(0.00358755858199419,-8.00898262655844E-5,0.004));
#9495=CARTESIAN_POINT('',(-0.00114602981065107,-0.000215757394147686,0.004));
#9496=CARTESIAN_POINT('',(-0.00200330845816262,-0.000338931303992351,0.004));
#9497=CARTESIAN_POINT('',(-0.00200330845816262,-0.000338931303992351,0.004));
#9498=CARTESIAN_POINT('',(-0.00114602981065107,-0.000215757394147686,0.004));
#9499=CARTESIAN_POINT('',(0.000237764719209223,-1.69329683645289E-5,0.004));
#9500=CARTESIAN_POINT('',(-0.00194622297692001,-0.000613833008269632,0.004));
#9501=CARTESIAN_POINT('',(-0.00194622297692001,-0.000613833008269632,0.004));
#9502=CARTESIAN_POINT('',(0.000237764719209223,-1.69329683645289E-5,0.004));
#9503=CARTESIAN_POINT('',(2.86293849629654E-5,-7.40918477381803E-5,0.004));
#9504=CARTESIAN_POINT('',(-0.00185655549900212,-0.000872490447985029,0.004));
#9505=CARTESIAN_POINT('',(-0.00185655549900212,-0.000872490447985029,0.004));
#9506=CARTESIAN_POINT('',(2.86293849629654E-5,-7.40918477381803E-5,0.004));
#9507=CARTESIAN_POINT('',(-4.87007643381102E-6,-8.82806326326986E-5,0.004));
#9508=CARTESIAN_POINT('',(-0.00173408603329404,-0.00111469970552003,0.004));
#9509=CARTESIAN_POINT('',(-0.00173408603329404,-0.00111469970552003,0.004));
#9510=CARTESIAN_POINT('',(-4.87007643381102E-6,-8.82806326326986E-5,0.004));
#9511=CARTESIAN_POINT('',(5.86093639157906E-5,-5.06001985215718E-5,0.004));
#9512=CARTESIAN_POINT('',(-0.00157912278823979,-0.00134052188055018,0.004));
#9513=CARTESIAN_POINT('',(-0.00157912278823979,-0.00134052188055018,0.004));
#9514=CARTESIAN_POINT('',(5.86093639157906E-5,-5.06001985215718E-5,0.004));
#9515=CARTESIAN_POINT('',(-0.00076764272213788,-0.000701378277836111,0.004));
#9516=CARTESIAN_POINT('',(-0.00151902772320082,-0.00141019773492568,0.004));
#9517=CARTESIAN_POINT('',(-0.00151902772320082,-0.00141019773492568,0.004));
#9518=CARTESIAN_POINT('',(-0.00076764272213788,-0.000701378277836111,0.004));
#9519=CARTESIAN_POINT('',(0.00186776308680443,0.00178472688230986,0.004));
#9520=CARTESIAN_POINT('',(-0.00132715928013699,-0.0016020661779895,0.004));
#9521=CARTESIAN_POINT('',(-0.00132715928013699,-0.0016020661779895,0.004));
#9522=CARTESIAN_POINT('',(0.00186776308680443,0.00178472688230986,0.004));
#9523=CARTESIAN_POINT('',(-0.000618339823047458,-0.000850681176926603,0.004));
#9524=CARTESIAN_POINT('',(-0.00125748342576149,-0.00166216124302849,0.004));
#9525=CARTESIAN_POINT('',(-0.00125748342576149,-0.00166216124302849,0.004));
#9526=CARTESIAN_POINT('',(-0.000618339823047458,-0.000850681176926603,0.004));
#9527=CARTESIAN_POINT('',(3.24382562671075E-5,-2.44290908729119E-5,0.004));
#9528=CARTESIAN_POINT('',(-0.00103166125073134,-0.00181712448808274,0.004));
#9529=CARTESIAN_POINT('',(-0.00103166125073134,-0.00181712448808274,0.004));
#9530=CARTESIAN_POINT('',(3.24382562671075E-5,-2.44290908729119E-5,0.004));
#9531=CARTESIAN_POINT('',(-5.2421778440448E-6,-8.79085312225621E-5,0.004));
#9532=CARTESIAN_POINT('',(-0.000789451993196341,-0.00193959395379081,0.004));
#9533=CARTESIAN_POINT('',(-0.000789451993196341,-0.00193959395379081,0.004));
#9534=CARTESIAN_POINT('',(-5.2421778440448E-6,-8.79085312225621E-5,0.004));
#9535=CARTESIAN_POINT('',(8.94660705050325E-6,-5.44090698257234E-5,0.004));
#9536=CARTESIAN_POINT('',(-0.000530794553480944,-0.0020292614317087,0.004));
#9537=CARTESIAN_POINT('',(-0.000530794553480944,-0.0020292614317087,0.004));
#9538=CARTESIAN_POINT('',(8.94660705050325E-6,-5.44090698257234E-5,0.004));
#9539=CARTESIAN_POINT('',(6.61054864241764E-5,0.000154726264420581,0.004));
#9540=CARTESIAN_POINT('',(-0.000255892849203663,-0.0020863469129513,0.004));
#9541=CARTESIAN_POINT('',(-0.000255892849203663,-0.0020863469129513,0.004));
#9542=CARTESIAN_POINT('',(6.61054864241764E-5,0.000154726264420581,0.004));
#9543=CARTESIAN_POINT('',(-0.000132860255765138,-0.00123005084577493,0.004));
#9544=CARTESIAN_POINT('',(-0.000157631530309708,-0.00209478569396099,0.004));
#9545=CARTESIAN_POINT('',(-0.000157631530309708,-0.00209478569396099,0.004));
#9546=CARTESIAN_POINT('',(-0.000132860255765138,-0.00123005084577493,0.004));
#9547=CARTESIAN_POINT('',(3.2256971937004E-6,0.00352088603403214,0.004));
#9548=CARTESIAN_POINT('',(3.22006854360541E-6,-0.00209708904638516,0.004));
#9549=CARTESIAN_POINT('',(3.22006854360541E-6,-0.00209708904638516,0.004));
#9550=CARTESIAN_POINT('',(3.2256971937004E-6,0.00352088603403214,0.004));
#9551=CARTESIAN_POINT('',(3.21443989351035E-6,0.00352088603403217,0.004));
#9552=CARTESIAN_POINT('',(0.00016407166739692,-0.00209478569396099,0.004));
#9553=CARTESIAN_POINT('',(0.00016407166739692,-0.00209478569396099,0.004));
#9554=CARTESIAN_POINT('',(3.21443989351035E-6,0.00352088603403217,0.004));
#9555=CARTESIAN_POINT('',(0.000139300392852349,-0.00123005084577493,0.004));
#9556=CARTESIAN_POINT('',(0.000262332986290874,-0.0020863469129513,0.004));
#9557=CARTESIAN_POINT('',(0.000262332986290874,-0.0020863469129513,0.004));
#9558=CARTESIAN_POINT('',(0.000139300392852349,-0.00123005084577493,0.004));
#9559=CARTESIAN_POINT('',(-5.96653493369658E-5,0.000154726264420587,0.004));
#9560=CARTESIAN_POINT('',(0.000537234690568156,-0.0020292614317087,0.004));
#9561=CARTESIAN_POINT('',(0.000537234690568156,-0.0020292614317087,0.004));
#9562=CARTESIAN_POINT('',(-5.96653493369658E-5,0.000154726264420587,0.004));
#9563=CARTESIAN_POINT('',(-2.50646996329126E-6,-5.44090698257288E-5,0.004));
#9564=CARTESIAN_POINT('',(0.000795892130283552,-0.00193959395379081,0.004));
#9565=CARTESIAN_POINT('',(0.000795892130283552,-0.00193959395379081,0.004));
#9566=CARTESIAN_POINT('',(-2.50646996329126E-6,-5.44090698257288E-5,0.004));
#9567=CARTESIAN_POINT('',(1.16823149312538E-5,-8.79085312225648E-5,0.004));
#9568=CARTESIAN_POINT('',(0.00103810138781855,-0.00181712448808274,0.004));
#9569=CARTESIAN_POINT('',(0.00103810138781855,-0.00181712448808274,0.004));
#9570=CARTESIAN_POINT('',(1.16823149312538E-5,-8.79085312225648E-5,0.004));
#9571=CARTESIAN_POINT('',(-2.59981191798753E-5,-2.44290908729396E-5,0.004));
#9572=CARTESIAN_POINT('',(0.0012639235628487,-0.00166216124302849,0.004));
#9573=CARTESIAN_POINT('',(0.0012639235628487,-0.00166216124302849,0.004));
#9574=CARTESIAN_POINT('',(-2.59981191798753E-5,-2.44290908729396E-5,0.004));
#9575=CARTESIAN_POINT('',(0.000624779960134667,-0.000850681176926602,0.004));
#9576=CARTESIAN_POINT('',(0.0013335994172242,-0.0016020661779895,0.004));
#9577=CARTESIAN_POINT('',(0.0013335994172242,-0.0016020661779895,0.004));
#9578=CARTESIAN_POINT('',(0.000624779960134667,-0.000850681176926602,0.004));
#9579=CARTESIAN_POINT('',(-0.0018613252000117,0.00178472463201613,0.004));
#9580=CARTESIAN_POINT('',(0.00152546786028803,-0.00141019773492567,0.004));
#9581=CARTESIAN_POINT('',(0.00152546786028803,-0.00141019773492567,0.004));
#9582=CARTESIAN_POINT('',(-0.0018613252000117,0.00178472463201613,0.004));
#9583=CARTESIAN_POINT('',(0.000774082859225142,-0.00070137827783616,0.004));
#9584=CARTESIAN_POINT('',(0.001585562925327,-0.00134052188055018,0.004));
#9585=CARTESIAN_POINT('',(0.001585562925327,-0.00134052188055018,0.004));
#9586=CARTESIAN_POINT('',(0.000774082859225142,-0.00070137827783616,0.004));
#9587=CARTESIAN_POINT('',(-5.21692268285649E-5,-5.06001985215903E-5,0.004));
#9588=CARTESIAN_POINT('',(0.00174052617038125,-0.00111469970552003,0.004));
#9589=CARTESIAN_POINT('',(0.00174052617038125,-0.00111469970552003,0.004));
#9590=CARTESIAN_POINT('',(-5.21692268285649E-5,-5.06001985215903E-5,0.004));
#9591=CARTESIAN_POINT('',(1.13102135210813E-5,-8.828063263273E-5,0.004));
#9592=CARTESIAN_POINT('',(0.00186299563608934,-0.000872490447985029,0.004));
#9593=CARTESIAN_POINT('',(0.00186299563608934,-0.000872490447985029,0.004));
#9594=CARTESIAN_POINT('',(1.13102135210813E-5,-8.828063263273E-5,0.004));
#9595=CARTESIAN_POINT('',(-2.2189247875747E-5,-7.40918477381813E-5,0.004));
#9596=CARTESIAN_POINT('',(0.00195266311400722,-0.000613833008269632,0.004));
#9597=CARTESIAN_POINT('',(0.00195266311400722,-0.000613833008269632,0.004));
#9598=CARTESIAN_POINT('',(-2.2189247875747E-5,-7.40918477381813E-5,0.004));
#9599=CARTESIAN_POINT('',(-0.000231324582122133,-1.69329683645006E-5,0.004));
#9600=CARTESIAN_POINT('',(0.00200974859524982,-0.000338931303992351,0.004));
#9601=CARTESIAN_POINT('',(0.00200974859524982,-0.000338931303992351,0.004));
#9602=CARTESIAN_POINT('',(-0.000231324582122133,-1.69329683645006E-5,0.004));
#9603=CARTESIAN_POINT('',(0.000817660800235819,-0.000167650947537474,0.004));
#9604=CARTESIAN_POINT('',(0.00202164736627098,-0.000196401953355188,0.004));
#9605=CARTESIAN_POINT('',(0.00202164736627098,-0.000196401953355188,0.004));
#9606=CARTESIAN_POINT('',(0.000817660800235819,-0.000167650947537474,0.004));
#9607=CARTESIAN_POINT('',(-0.000987443600296892,-0.000124545904735973,0.004));
#9608=CARTESIAN_POINT('',(0.0020205466715874,-1.59813568715891E-5,0.004));
#9609=CARTESIAN_POINT('',(0.0020205466715874,-1.59813568715891E-5,0.004));
#9610=CARTESIAN_POINT('',(-0.000987443600296892,-0.000124545904735973,0.004));
#9611=CARTESIAN_POINT('',(-0.0010461739890846,-0.000126667989585149,0.004));
#9612=CARTESIAN_POINT('',(0.00200843821449949,0.000167222171817154,0.004));
#9613=CARTESIAN_POINT('',(0.00200843821449949,0.000167222171817154,0.004));
#9614=CARTESIAN_POINT('',(-0.0010461739890846,-0.000126667989585149,0.004));
#9615=CARTESIAN_POINT('',(0.000491182948353807,2.12436436159122E-5,0.004));
#9616=CARTESIAN_POINT('',(0.00198598530708569,0.00031947037225071,0.004));
#9617=CARTESIAN_POINT('',(0.00198598530708569,0.00031947037225071,0.004));
#9618=CARTESIAN_POINT('',(0.000491182948353807,2.12436436159122E-5,0.004));
#9619=CARTESIAN_POINT('',(5.09128865936981E-5,-6.65932338687204E-5,0.004));
#9620=CARTESIAN_POINT('',(0.0018476274195591,0.000749107242746084,0.004));
#9621=CARTESIAN_POINT('',(0.0018476274195591,0.000749107242746084,0.004));
#9622=CARTESIAN_POINT('',(5.09128865936981E-5,-6.65932338687204E-5,0.004));
#9623=CARTESIAN_POINT('',(-9.52632020381945E-6,-9.40300881643792E-5,0.004));
#9624=CARTESIAN_POINT('',(0.00161439813222065,0.00113997556202856,0.004));
#9625=CARTESIAN_POINT('',(0.00161439813222065,0.00113997556202856,0.004));
#9626=CARTESIAN_POINT('',(-9.52632020381945E-6,-9.40300881643792E-5,0.004));
#9627=CARTESIAN_POINT('',(-1.61893219868427E-5,-9.90934664762428E-5,0.004));
#9628=CARTESIAN_POINT('',(0.00129975534524286,0.001470109240636,0.004));
#9629=CARTESIAN_POINT('',(0.00129975534524286,0.001470109240636,0.004));
#9630=CARTESIAN_POINT('',(-1.61893219868427E-5,-9.90934664762428E-5,0.004));
#9631=CARTESIAN_POINT('',(8.62714036258927E-6,-6.95016000795544E-5,0.004));
#9632=CARTESIAN_POINT('',(0.000921276964632016,0.00172060562591201,0.004));
#9633=CARTESIAN_POINT('',(0.000921276964632016,0.00172060562591201,0.004));
#9634=CARTESIAN_POINT('',(8.62714036258927E-6,-6.95016000795544E-5,0.004));
#9635=CARTESIAN_POINT('',(-0.00045535310631812,-0.000979559919965193,0.004));
#9636=CARTESIAN_POINT('',(0.000796832761148008,0.00178051886164678,0.004));
#9637=CARTESIAN_POINT('',(0.000796832761148008,0.00178051886164678,0.004));
#9638=CARTESIAN_POINT('',(-0.00045535310631812,-0.000979559919965193,0.004));
#9639=CARTESIAN_POINT('',(0.000610459156193114,0.00136971438207003,0.004));
#9640=CARTESIAN_POINT('',(0.000717635297127314,0.0018079023735516,0.004));
#9641=CARTESIAN_POINT('',(0.000717635297127314,0.0018079023735516,0.004));
#9642=CARTESIAN_POINT('',(0.000610459156193114,0.00136971438207003,0.004));
#9643=CARTESIAN_POINT('',(0.000676683453616885,0.00164047254871763,0.004));
#9644=CARTESIAN_POINT('',(0.000660939088442221,0.0018121172826773,0.004));
#9645=CARTESIAN_POINT('',(0.000660939088442221,0.0018121172826773,0.004));
#9646=CARTESIAN_POINT('',(0.000676683453616885,0.00164047254871763,0.004));
#9647=CARTESIAN_POINT('',(0.000669879199492114,0.00171465119271182,0.004));
#9648=CARTESIAN_POINT('',(0.000614810073741729,0.00179556445286015,0.004));
#9649=CARTESIAN_POINT('',(0.000614810073741729,0.00179556445286015,0.004));
#9650=CARTESIAN_POINT('',(0.000669879199492114,0.00171465119271182,0.004));
#9651=CARTESIAN_POINT('',(0.000734630140394501,0.00161951197570323,0.004));
#9652=CARTESIAN_POINT('',(0.000577154068442585,0.00176287379017403,0.004));
#9653=CARTESIAN_POINT('',(0.000577154068442585,0.00176287379017403,0.004));
#9654=CARTESIAN_POINT('',(0.000734630140394501,0.00161951197570323,0.004));
#9655=CARTESIAN_POINT('',(0.000634590364986308,0.00171058541262502,0.004));
#9656=CARTESIAN_POINT('',(0.000559151794945583,0.00172907932344931,0.004));
#9657=CARTESIAN_POINT('',(0.000559151794945583,0.00172907932344931,0.004));
#9658=CARTESIAN_POINT('',(0.000634590364986308,0.00171058541262502,0.004));
#9659=CARTESIAN_POINT('',(0.000815360910847389,0.00166626924870357,0.004));
#9660=CARTESIAN_POINT('',(0.000551680040335938,0.00167405481785895,0.004));
#9661=CARTESIAN_POINT('',(0.000551680040335938,0.00167405481785895,0.004));
#9662=CARTESIAN_POINT('',(0.000815360910847389,0.00166626924870357,0.004));
#9663=CARTESIAN_POINT('',(0.00966746992917258,0.00140489908857888,0.004));
#9664=CARTESIAN_POINT('',(0.000548499153166661,0.00152507433715639,0.004));
#9665=CARTESIAN_POINT('',(0.000548499153166661,0.00152507433715639,0.004));
#9666=CARTESIAN_POINT('',(0.00966746992917258,0.00140489908857888,0.004));
#9667=CARTESIAN_POINT('',(0.0114430587490996,0.0013815035730542,0.004));
#9668=CARTESIAN_POINT('',(0.00054760174743419,0.00141403169165242,0.004));
#9669=CARTESIAN_POINT('',(0.00054760174743419,0.00141403169165242,0.004));
#9670=CARTESIAN_POINT('',(0.0114430587490996,0.0013815035730542,0.004));
#9671=CARTESIAN_POINT('',(0.00186228924124581,0.00141010574921455,0.004));
#9672=CARTESIAN_POINT('',(0.000548948845759289,0.00135047668757501,0.004));
#9673=CARTESIAN_POINT('',(0.000548948845759289,0.00135047668757501,0.004));
#9674=CARTESIAN_POINT('',(0.00186228924124581,0.00141010574921455,0.004));
#9675=CARTESIAN_POINT('',(0.00105889528423839,0.00137362924606067,0.004));
#9676=CARTESIAN_POINT('',(0.000552720247020359,0.00130753656280998,0.004));
#9677=CARTESIAN_POINT('',(0.000552720247020359,0.00130753656280998,0.004));
#9678=CARTESIAN_POINT('',(0.00105889528423839,0.00137362924606067,0.004));
#9679=CARTESIAN_POINT('',(0.000781241439366764,0.00133737506378859,0.004));
#9680=CARTESIAN_POINT('',(0.000559941970407635,0.00127304142926915,0.004));
#9681=CARTESIAN_POINT('',(0.000559941970407635,0.00127304142926915,0.004));
#9682=CARTESIAN_POINT('',(0.000781241439366764,0.00133737506378859,0.004));
#9683=CARTESIAN_POINT('',(0.000951581781800587,0.0013868938053566,0.004));
#9684=CARTESIAN_POINT('',(0.000587335829838162,0.00120340268326168,0.004));
#9685=CARTESIAN_POINT('',(0.000587335829838162,0.00120340268326168,0.004));
#9686=CARTESIAN_POINT('',(0.000951581781800587,0.0013868938053566,0.004));
#9687=CARTESIAN_POINT('',(0.000894412942542523,0.00135809406799912,0.004));
#9688=CARTESIAN_POINT('',(0.000626078129939063,0.00114310056576266,0.004));
#9689=CARTESIAN_POINT('',(0.000626078129939063,0.00114310056576266,0.004));
#9690=CARTESIAN_POINT('',(0.000894412942542523,0.00135809406799912,0.004));
#9691=CARTESIAN_POINT('',(0.000948285397933322,0.00140125661900917,0.004));
#9692=CARTESIAN_POINT('',(0.000680051427165369,0.0010873894364268,0.004));
#9693=CARTESIAN_POINT('',(0.000680051427165369,0.0010873894364268,0.004));
#9694=CARTESIAN_POINT('',(0.000948285397933322,0.00140125661900917,0.004));
#9695=CARTESIAN_POINT('',(0.00121648632857709,0.00171508487891881,0.004));
#9696=CARTESIAN_POINT('',(0.000753582958216491,0.00103135653982013,0.004));
#9697=CARTESIAN_POINT('',(0.000753582958216491,0.00103135653982013,0.004));
#9698=CARTESIAN_POINT('',(0.00121648632857709,0.00171508487891881,0.004));
#9699=CARTESIAN_POINT('',(0.000263340247188496,0.00030724538942433,0.004));
#9700=CARTESIAN_POINT('',(0.000843968059979457,0.000961115572914285,0.004));
#9701=CARTESIAN_POINT('',(0.000843968059979457,0.000961115572914285,0.004));
#9702=CARTESIAN_POINT('',(0.000263340247188496,0.00030724538942433,0.004));
#9703=CARTESIAN_POINT('',(-0.000685391712500009,-0.000761160787470161,0.004));
#9704=CARTESIAN_POINT('',(0.000950291350232157,0.000860479768728611,0.004));
#9705=CARTESIAN_POINT('',(0.000950291350232157,0.000860479768728611,0.004));
#9706=CARTESIAN_POINT('',(-0.000685391712500009,-0.000761160787470161,0.004));
#9707=CARTESIAN_POINT('',(-0.000683111903739866,-0.000758897751705495,0.004));
#9708=CARTESIAN_POINT('',(0.00104983125119935,0.000753483736386384,0.004));
#9709=CARTESIAN_POINT('',(0.00104983125119935,0.000753483736386384,0.004));
#9710=CARTESIAN_POINT('',(-0.000683111903739866,-0.000758897751705495,0.004));
#9711=CARTESIAN_POINT('',(0.000408230051687158,0.000193542784342889,0.004));
#9712=CARTESIAN_POINT('',(0.00111860684535253,0.000663171126771849,0.004));
#9713=CARTESIAN_POINT('',(0.00111860684535253,0.000663171126771849,0.004));
#9714=CARTESIAN_POINT('',(0.000408230051687158,0.000193542784342889,0.004));
#9715=CARTESIAN_POINT('',(-5.46294662243041E-5,-0.000112454349493453,0.004));
#9716=CARTESIAN_POINT('',(0.00118619085140878,0.000549696133088204,0.004));
#9717=CARTESIAN_POINT('',(0.00118619085140878,0.000549696133088204,0.004));
#9718=CARTESIAN_POINT('',(-5.46294662243041E-5,-0.000112454349493453,0.004));
#9719=CARTESIAN_POINT('',(-2.34340137311121E-6,-8.45534268684312E-5,0.004));
#9720=CARTESIAN_POINT('',(0.00124204243693707,0.000431576459646637,0.004));
#9721=CARTESIAN_POINT('',(0.00124204243693707,0.000431576459646637,0.004));
#9722=CARTESIAN_POINT('',(-2.34340137311121E-6,-8.45534268684312E-5,0.004));
#9723=CARTESIAN_POINT('',(-3.23026516286135E-5,-9.69790702987875E-5,0.004));
#9724=CARTESIAN_POINT('',(0.00128677097605141,0.000307212861518812,0.004));
#9725=CARTESIAN_POINT('',(0.00128677097605141,0.000307212861518812,0.004));
#9726=CARTESIAN_POINT('',(-3.23026516286135E-5,-9.69790702987875E-5,0.004));
#9727=CARTESIAN_POINT('',(-0.000215562871493488,-0.000153134828410662,0.004));
#9728=CARTESIAN_POINT('',(0.00132106454522874,0.000175046778752232,0.004));
#9729=CARTESIAN_POINT('',(0.00132106454522874,0.000175046778752232,0.004));
#9730=CARTESIAN_POINT('',(-0.000215562871493488,-0.000153134828410662,0.004));
#9731=CARTESIAN_POINT('',(0.000538098358478113,7.82585190471379E-6,0.004));
#9732=CARTESIAN_POINT('',(0.0013367889952956,6.34329974045179E-5,0.004));
#9733=CARTESIAN_POINT('',(0.0013367889952956,6.34329974045179E-5,0.004));
#9734=CARTESIAN_POINT('',(0.000538098358478113,7.82585190471379E-6,0.004));
#9735=CARTESIAN_POINT('',(-0.000720794810825154,-7.98203213075171E-5,0.004));
#9736=CARTESIAN_POINT('',(0.0013367889952956,-0.000223069769894682,0.004));
#9737=CARTESIAN_POINT('',(0.0013367889952956,-0.000223069769894682,0.004));
#9738=CARTESIAN_POINT('',(-0.000720794810825154,-7.98203213075171E-5,0.004));
#9739=CARTESIAN_POINT('',(0.000538098358478117,-0.000167462624394879,0.004));
#9740=CARTESIAN_POINT('',(0.00132106454522874,-0.000334683551242396,0.004));
#9741=CARTESIAN_POINT('',(0.00132106454522874,-0.000334683551242396,0.004));
#9742=CARTESIAN_POINT('',(0.000538098358478117,-0.000167462624394879,0.004));
#9743=CARTESIAN_POINT('',(-0.00010241247237001,-3.06677639658857E-5,0.004));
#9744=CARTESIAN_POINT('',(0.00118371359598703,-0.000712277736631825,0.004));
#9745=CARTESIAN_POINT('',(0.00118371359598703,-0.000712277736631825,0.004));
#9746=CARTESIAN_POINT('',(-0.00010241247237001,-3.06677639658857E-5,0.004));
#9747=CARTESIAN_POINT('',(1.7758278828146E-5,-9.43562835970545E-5,0.004));
#9748=CARTESIAN_POINT('',(0.000635679418930348,-0.0012603119136885,0.004));
#9749=CARTESIAN_POINT('',(0.000635679418930348,-0.0012603119136885,0.004));
#9750=CARTESIAN_POINT('',(1.7758278828146E-5,-9.43562835970545E-5,0.004));
#9751=CARTESIAN_POINT('',(-4.59305537355928E-5,2.58141546685345E-5,0.004));
#9752=CARTESIAN_POINT('',(0.000258085233540919,-0.00139766286293022,0.004));
#9753=CARTESIAN_POINT('',(0.000258085233540919,-0.00139766286293022,0.004));
#9754=CARTESIAN_POINT('',(-4.59305537355928E-5,2.58141546685345E-5,0.004));
#9755=CARTESIAN_POINT('',(9.08643066933965E-5,-0.000614696676179586,0.004));
#9756=CARTESIAN_POINT('',(0.000146471452193205,-0.00141338731299708,0.004));
#9757=CARTESIAN_POINT('',(0.000146471452193205,-0.00141338731299708,0.004));
#9758=CARTESIAN_POINT('',(9.08643066933965E-5,-0.000614696676179586,0.004));
#9759=CARTESIAN_POINT('',(3.21813348117061E-6,0.000644196493123806,0.004));
#9760=CARTESIAN_POINT('',(-0.000140031315105995,-0.00141338731299708,0.004));
#9761=CARTESIAN_POINT('',(-0.000140031315105995,-0.00141338731299708,0.004));
#9762=CARTESIAN_POINT('',(3.21813348117061E-6,0.000644196493123806,0.004));
#9763=CARTESIAN_POINT('',(-8.44241696061863E-5,-0.000614696676179591,0.004));
#9764=CARTESIAN_POINT('',(-0.000251645096453709,-0.00139766286293022,0.004));
#9765=CARTESIAN_POINT('',(-0.000251645096453709,-0.00139766286293022,0.004));
#9766=CARTESIAN_POINT('',(-8.44241696061863E-5,-0.000614696676179591,0.004));
#9767=CARTESIAN_POINT('',(5.23706908228043E-5,2.5814154668534E-5,0.004));
#9768=CARTESIAN_POINT('',(-0.000629239281843137,-0.0012603119136885,0.004));
#9769=CARTESIAN_POINT('',(-0.000629239281843137,-0.0012603119136885,0.004));
#9770=CARTESIAN_POINT('',(5.23706908228043E-5,2.5814154668534E-5,0.004));
#9771=CARTESIAN_POINT('',(-1.13178288083725E-5,-9.43565965296326E-5,0.004));
#9772=CARTESIAN_POINT('',(-0.00117727345889981,-0.000712277736631825,0.004));
#9773=CARTESIAN_POINT('',(-0.00117727345889981,-0.000712277736631825,0.004));
#9774=CARTESIAN_POINT('',(-1.13178288083725E-5,-9.43565965296326E-5,0.004));
#9775=CARTESIAN_POINT('',(0.000108852609457222,-3.06677639658841E-5,0.004));
#9776=CARTESIAN_POINT('',(-0.00131462440814153,-0.000334683551242396,0.004));
#9777=CARTESIAN_POINT('',(-0.00131462440814153,-0.000334683551242396,0.004));
#9778=CARTESIAN_POINT('',(0.000108852609457222,-3.06677639658841E-5,0.004));
#9779=CARTESIAN_POINT('',(-0.000531658221390905,-0.000167462624394874,0.004));
#9780=CARTESIAN_POINT('',(-0.00133034885820839,-0.000223069769894682,0.004));
#9781=CARTESIAN_POINT('',(-0.00133034885820839,-0.000223069769894682,0.004));
#9782=CARTESIAN_POINT('',(-0.000531658221390905,-0.000167462624394874,0.004));
#9783=CARTESIAN_POINT('',(0.000727234947912366,-7.98164511826473E-5,0.004));
#9784=CARTESIAN_POINT('',(-0.00133034885820839,6.34329974045179E-5,0.004));
#9785=CARTESIAN_POINT('',(-0.00133034885820839,6.34329974045179E-5,0.004));
#9786=CARTESIAN_POINT('',(0.000727234947912366,-7.98164511826473E-5,0.004));
#9787=CARTESIAN_POINT('',(-0.000531658221390903,7.82585190470944E-6,0.004));
#9788=CARTESIAN_POINT('',(-0.00131462440814153,0.000175046778752232,0.004));
#9789=CARTESIAN_POINT('',(-0.00131462440814153,0.000175046778752232,0.004));
#9790=CARTESIAN_POINT('',(-0.000531658221390903,7.82585190470944E-6,0.004));
#9791=CARTESIAN_POINT('',(0.000222003008580699,-0.00015313482841067,0.004));
#9792=CARTESIAN_POINT('',(-0.00128033083896419,0.000307212861518812,0.004));
#9793=CARTESIAN_POINT('',(-0.00128033083896419,0.000307212861518812,0.004));
#9794=CARTESIAN_POINT('',(0.000222003008580699,-0.00015313482841067,0.004));
#9795=CARTESIAN_POINT('',(3.87427887158733E-5,-9.69790702988117E-5,0.004));
#9796=CARTESIAN_POINT('',(-0.00123560229984986,0.000431576459646637,0.004));
#9797=CARTESIAN_POINT('',(-0.00123560229984986,0.000431576459646637,0.004));
#9798=CARTESIAN_POINT('',(3.87427887158733E-5,-9.69790702988117E-5,0.004));
#9799=CARTESIAN_POINT('',(8.78353846037422E-6,-8.45534268684585E-5,0.004));
#9800=CARTESIAN_POINT('',(-0.00117975071432157,0.000549696133088204,0.004));
#9801=CARTESIAN_POINT('',(-0.00117975071432157,0.000549696133088204,0.004));
#9802=CARTESIAN_POINT('',(8.78353846037422E-6,-8.45534268684585E-5,0.004));
#9803=CARTESIAN_POINT('',(6.10696033115191E-5,-0.000112454349493454,0.004));
#9804=CARTESIAN_POINT('',(-0.00111216670826532,0.000663171126771849,0.004));
#9805=CARTESIAN_POINT('',(-0.00111216670826532,0.000663171126771849,0.004));
#9806=CARTESIAN_POINT('',(6.10696033115191E-5,-0.000112454349493454,0.004));
#9807=CARTESIAN_POINT('',(-0.000401789914599967,0.000193542784342904,0.004));
#9808=CARTESIAN_POINT('',(-0.00104339111411214,0.000753483736386384,0.004));
#9809=CARTESIAN_POINT('',(-0.00104339111411214,0.000753483736386384,0.004));
#9810=CARTESIAN_POINT('',(-0.000401789914599967,0.000193542784342904,0.004));
#9811=CARTESIAN_POINT('',(0.000689552040826951,-0.000758897751705373,0.004));
#9812=CARTESIAN_POINT('',(-0.000943851213144946,0.00086047976872861,0.004));
#9813=CARTESIAN_POINT('',(-0.000943851213144946,0.00086047976872861,0.004));
#9814=CARTESIAN_POINT('',(0.000689552040826951,-0.000758897751705373,0.004));
#9815=CARTESIAN_POINT('',(0.000691831849587194,-0.000761160787470132,0.004));
#9816=CARTESIAN_POINT('',(-0.000837527922892247,0.000961115572914285,0.004));
#9817=CARTESIAN_POINT('',(-0.000837527922892247,0.000961115572914285,0.004));
#9818=CARTESIAN_POINT('',(0.000691831849587194,-0.000761160787470132,0.004));
#9819=CARTESIAN_POINT('',(-0.000256900110101286,0.000307245389424333,0.004));
#9820=CARTESIAN_POINT('',(-0.000747142821129281,0.00103135653982013,0.004));
#9821=CARTESIAN_POINT('',(-0.000747142821129281,0.00103135653982013,0.004));
#9822=CARTESIAN_POINT('',(-0.000256900110101286,0.000307245389424333,0.004));
#9823=CARTESIAN_POINT('',(-0.00121004619148988,0.00171508487891882,0.004));
#9824=CARTESIAN_POINT('',(-0.000673611290078158,0.0010873894364268,0.004));
#9825=CARTESIAN_POINT('',(-0.000673611290078158,0.0010873894364268,0.004));
#9826=CARTESIAN_POINT('',(-0.00121004619148988,0.00171508487891882,0.004));
#9827=CARTESIAN_POINT('',(-0.0009418452608461,0.00140125661900916,0.004));
#9828=CARTESIAN_POINT('',(-0.000619637992851852,0.00114310056576266,0.004));
#9829=CARTESIAN_POINT('',(-0.000619637992851852,0.00114310056576266,0.004));
#9830=CARTESIAN_POINT('',(-0.0009418452608461,0.00140125661900916,0.004));
#9831=CARTESIAN_POINT('',(-0.00088797280545532,0.00135809406799912,0.004));
#9832=CARTESIAN_POINT('',(-0.000580895692750951,0.00120340268326168,0.004));
#9833=CARTESIAN_POINT('',(-0.000580895692750951,0.00120340268326168,0.004));
#9834=CARTESIAN_POINT('',(-0.00088797280545532,0.00135809406799912,0.004));
#9835=CARTESIAN_POINT('',(-0.000945141644713388,0.0013868938053566,0.004));
#9836=CARTESIAN_POINT('',(-0.000553501833320424,0.00127304142926915,0.004));
#9837=CARTESIAN_POINT('',(-0.000553501833320424,0.00127304142926915,0.004));
#9838=CARTESIAN_POINT('',(-0.000945141644713388,0.0013868938053566,0.004));
#9839=CARTESIAN_POINT('',(-0.000774801302279579,0.0013373750637886,0.004));
#9840=CARTESIAN_POINT('',(-0.000546280109933148,0.00130753656280998,0.004));
#9841=CARTESIAN_POINT('',(-0.000546280109933148,0.00130753656280998,0.004));
#9842=CARTESIAN_POINT('',(-0.000774801302279579,0.0013373750637886,0.004));
#9843=CARTESIAN_POINT('',(-0.00105245514715118,0.00137362924606067,0.004));
#9844=CARTESIAN_POINT('',(-0.000542508708672078,0.00135047668757501,0.004));
#9845=CARTESIAN_POINT('',(-0.000542508708672078,0.00135047668757501,0.004));
#9846=CARTESIAN_POINT('',(-0.00105245514715118,0.00137362924606067,0.004));
#9847=CARTESIAN_POINT('',(-0.00185584910415832,0.00141010574921454,0.004));
#9848=CARTESIAN_POINT('',(-0.000541161610346978,0.00141403169165242,0.004));
#9849=CARTESIAN_POINT('',(-0.000541161610346978,0.00141403169165242,0.004));
#9850=CARTESIAN_POINT('',(-0.00185584910415832,0.00141010574921454,0.004));
#9851=CARTESIAN_POINT('',(-0.0114366186120124,0.00138150357305423,0.004));
#9852=CARTESIAN_POINT('',(-0.000542059016079444,0.00152507433715639,0.004));
#9853=CARTESIAN_POINT('',(-0.000542059016079444,0.00152507433715639,0.004));
#9854=CARTESIAN_POINT('',(-0.0114366186120124,0.00138150357305423,0.004));
#9855=CARTESIAN_POINT('',(-0.0188603995391442,0.0012836699081108,0.004));
#9856=CARTESIAN_POINT('',(-0.000544134323649486,0.00165014524558562,0.004));
#9857=CARTESIAN_POINT('',(-0.000544134323649486,0.00165014524558562,0.004));
#9858=CARTESIAN_POINT('',(-0.0188603995391442,0.0012836699081108,0.004));
#9859=CARTESIAN_POINT('',(-0.00128812178998613,0.00163525951963054,0.004));
#9860=CARTESIAN_POINT('',(-0.000546976996249306,0.0017019178245897,0.004));
#9861=CARTESIAN_POINT('',(-0.000546976996249306,0.0017019178245897,0.004));
#9862=CARTESIAN_POINT('',(-0.00128812178998613,0.00163525951963054,0.004));
#9863=CARTESIAN_POINT('',(-0.000715999705500897,0.00168671625650079,0.004));
#9864=CARTESIAN_POINT('',(-0.000552316395969483,0.00173152181526255,0.004));
#9865=CARTESIAN_POINT('',(-0.000552316395969483,0.00173152181526255,0.004));
#9866=CARTESIAN_POINT('',(-0.000715999705500897,0.00168671625650079,0.004));
#9867=CARTESIAN_POINT('',(-0.000613281634870022,0.00171483362178311,0.004));
#9868=CARTESIAN_POINT('',(-0.000562512191940146,0.00175248624214872,0.004));
#9869=CARTESIAN_POINT('',(-0.000562512191940146,0.00175248624214872,0.004));
#9870=CARTESIAN_POINT('',(-0.000613281634870022,0.00171483362178311,0.004));
#9871=CARTESIAN_POINT('',(-0.000711130837119747,0.00164226474372377,0.004));
#9872=CARTESIAN_POINT('',(-0.000600894010751675,0.00179087201986581,0.004));
#9873=CARTESIAN_POINT('',(-0.000600894010751675,0.00179087201986581,0.004));
#9874=CARTESIAN_POINT('',(-0.000711130837119747,0.00164226474372377,0.004));
#9875=CARTESIAN_POINT('',(-0.000666996878386818,0.00170176049070027,0.004));
#9876=CARTESIAN_POINT('',(-0.000644257950799582,0.00181035788897478,0.004));
#9877=CARTESIAN_POINT('',(-0.000644257950799582,0.00181035788897478,0.004));
#9878=CARTESIAN_POINT('',(-0.000666996878386818,0.00170176049070027,0.004));
#9879=CARTESIAN_POINT('',(-0.000672042352278471,0.00167766467445474,0.004));
#9880=CARTESIAN_POINT('',(-0.000672042352278471,0.00167766467445474,0.004));
#9881=CARTESIAN_POINT('',(8.67361737988404E-19,-2.60208521396521E-18,0.004));
#9882=CARTESIAN_POINT('',(3.70825712416554E-7,0.00190857486635116,0.004));
#9883=CARTESIAN_POINT('',(-0.000102973750205275,0.00223063945784062,0.004));
#9884=CARTESIAN_POINT('',(-0.000102973750205275,0.00223063945784062,0.004));
#9885=CARTESIAN_POINT('',(3.70825712416554E-7,0.00190857486635116,0.004));
#9886=CARTESIAN_POINT('',(2.91278261880442E-5,0.00224558931320252,0.004));
#9887=CARTESIAN_POINT('',(2.91278261880442E-5,0.00224558931320252,0.004));
#9888=CARTESIAN_POINT('',(-1.13635528285413E-5,0.00194514347216772,0.004));
#9889=CARTESIAN_POINT('',(-0.00017305220658641,0.00219764528472501,0.004));
#9890=CARTESIAN_POINT('',(-0.00017305220658641,0.00219764528472501,0.004));
#9891=CARTESIAN_POINT('',(-1.13635528285413E-5,0.00194514347216772,0.004));
#9892=CARTESIAN_POINT('',(2.59477423265746E-5,0.00188687515011408,0.004));
#9893=CARTESIAN_POINT('',(-0.000236518670505502,0.00214627915619055,0.004));
#9894=CARTESIAN_POINT('',(-0.000236518670505502,0.00214627915619055,0.004));
#9895=CARTESIAN_POINT('',(2.59477423265746E-5,0.00188687515011408,0.004));
#9896=CARTESIAN_POINT('',(2.69575418274319E-5,0.00188587716910259,0.004));
#9897=CARTESIAN_POINT('',(-0.000287248247803853,0.00208210059050496,0.004));
#9898=CARTESIAN_POINT('',(-0.000287248247803853,0.00208210059050496,0.004));
#9899=CARTESIAN_POINT('',(2.69575418274319E-5,0.00188587716910259,0.004));
#9900=CARTESIAN_POINT('',(-2.8164199228841E-5,0.00192030127495256,0.004));
#9901=CARTESIAN_POINT('',(-0.000319749333284751,0.00201130496903603,0.004));
#9902=CARTESIAN_POINT('',(-0.000319749333284751,0.00201130496903603,0.004));
#9903=CARTESIAN_POINT('',(-2.8164199228841E-5,0.00192030127495256,0.004));
#9904=CARTESIAN_POINT('',(-9.35073935635237E-5,0.00194069482027876,0.004));
#9905=CARTESIAN_POINT('',(-0.000329838578625434,0.00195854921367595,0.004));
#9906=CARTESIAN_POINT('',(-0.000329838578625434,0.00195854921367595,0.004));
#9907=CARTESIAN_POINT('',(-9.35073935635237E-5,0.00194069482027876,0.004));
#9908=CARTESIAN_POINT('',(0.00137332844243322,0.00182987881756074,0.004));
#9909=CARTESIAN_POINT('',(-0.000334259733138151,0.00186830530721439,0.004));
#9910=CARTESIAN_POINT('',(-0.000334259733138151,0.00186830530721439,0.004));
#9911=CARTESIAN_POINT('',(0.00137332844243322,0.00182987881756074,0.004));
#9912=CARTESIAN_POINT('',(0.00754427339158125,0.00169101866004776,0.004));
#9913=CARTESIAN_POINT('',(-0.000336243900925181,0.00170374481702948,0.004));
#9914=CARTESIAN_POINT('',(-0.000336243900925181,0.00170374481702948,0.004));
#9915=CARTESIAN_POINT('',(0.00754427339158125,0.00169101866004776,0.004));
#9916=CARTESIAN_POINT('',(0.272728715514696,0.00126265612668734,0.004));
#9917=CARTESIAN_POINT('',(-0.000336600151452815,0.00126247148274077,0.004));
#9918=CARTESIAN_POINT('',(-0.000336600151452815,0.00126247148274077,0.004));
#9919=CARTESIAN_POINT('',(0.272728715514696,0.00126265612668734,0.004));
#9920=CARTESIAN_POINT('',(0.272728715514696,0.0012622868387942,0.004));
#9921=CARTESIAN_POINT('',(-0.000336243900925181,0.000821198148452058,0.004));
#9922=CARTESIAN_POINT('',(-0.000336243900925181,0.000821198148452058,0.004));
#9923=CARTESIAN_POINT('',(0.272728715514696,0.0012622868387942,0.004));
#9924=CARTESIAN_POINT('',(0.00754427339158124,0.000833924305433783,0.004));
#9925=CARTESIAN_POINT('',(-0.000334259733138148,0.000656637658267143,0.004));
#9926=CARTESIAN_POINT('',(-0.000334259733138148,0.000656637658267143,0.004));
#9927=CARTESIAN_POINT('',(0.00754427339158124,0.000833924305433783,0.004));
#9928=CARTESIAN_POINT('',(0.00137332844243324,0.000695064147920799,0.004));
#9929=CARTESIAN_POINT('',(-0.000329838578625434,0.000566393751805586,0.004));
#9930=CARTESIAN_POINT('',(-0.000329838578625434,0.000566393751805586,0.004));
#9931=CARTESIAN_POINT('',(0.00137332844243324,0.000695064147920799,0.004));
#9932=CARTESIAN_POINT('',(-9.35073935635288E-5,0.000584248145202786,0.004));
#9933=CARTESIAN_POINT('',(-0.000319749333284751,0.000513637996445505,0.004));
#9934=CARTESIAN_POINT('',(-0.000319749333284751,0.000513637996445505,0.004));
#9935=CARTESIAN_POINT('',(-9.35073935635288E-5,0.000584248145202786,0.004));
#9936=CARTESIAN_POINT('',(-1.73051077899836E-5,0.000608030465879824,0.004));
#9937=CARTESIAN_POINT('',(-0.000272502964214396,0.000420263317801615,0.004));
#9938=CARTESIAN_POINT('',(-0.000272502964214396,0.000420263317801615,0.004));
#9939=CARTESIAN_POINT('',(-1.73051077899836E-5,0.000608030465879824,0.004));
#9940=CARTESIAN_POINT('',(1.41502998141814E-5,0.000631174155600575,0.004));
#9941=CARTESIAN_POINT('',(-0.000196191618808648,0.000344103166907249,0.004));
#9942=CARTESIAN_POINT('',(-0.000196191618808648,0.000344103166907249,0.004));
#9943=CARTESIAN_POINT('',(1.41502998141814E-5,0.000631174155600575,0.004));
#9944=CARTESIAN_POINT('',(1.48344167532409E-5,0.000632108030271239,0.004));
#9945=CARTESIAN_POINT('',(-0.000100442233989896,0.000294187798856009,0.004));
#9946=CARTESIAN_POINT('',(-0.000100442233989896,0.000294187798856009,0.004));
#9947=CARTESIAN_POINT('',(1.48344167532409E-5,0.000632108030271239,0.004));
#9948=CARTESIAN_POINT('',(3.21979838681773E-6,0.000598060389791895,0.004));
#9949=CARTESIAN_POINT('',(0.000106882371077106,0.000294187798856009,0.004));
#9950=CARTESIAN_POINT('',(0.000106882371077106,0.000294187798856009,0.004));
#9951=CARTESIAN_POINT('',(3.21979838681773E-6,0.000598060389791895,0.004));
#9952=CARTESIAN_POINT('',(-8.3942796660311E-6,0.00063210803027124,0.004));
#9953=CARTESIAN_POINT('',(0.000202631755895858,0.000344103166907249,0.004));
#9954=CARTESIAN_POINT('',(0.000202631755895858,0.000344103166907249,0.004));
#9955=CARTESIAN_POINT('',(-8.3942796660311E-6,0.00063210803027124,0.004));
#9956=CARTESIAN_POINT('',(-7.71016272696811E-6,0.000631174155600573,0.004));
#9957=CARTESIAN_POINT('',(0.000278943101301607,0.000420263317801615,0.004));
#9958=CARTESIAN_POINT('',(0.000278943101301607,0.000420263317801615,0.004));
#9959=CARTESIAN_POINT('',(-7.71016272696811E-6,0.000631174155600573,0.004));
#9960=CARTESIAN_POINT('',(2.3745244877196E-5,0.000608030465879821,0.004));
#9961=CARTESIAN_POINT('',(0.000326189470371962,0.000513637996445505,0.004));
#9962=CARTESIAN_POINT('',(0.000326189470371962,0.000513637996445505,0.004));
#9963=CARTESIAN_POINT('',(2.3745244877196E-5,0.000608030465879821,0.004));
#9964=CARTESIAN_POINT('',(9.9947530650742E-5,0.000584248145202784,0.004));
#9965=CARTESIAN_POINT('',(0.000336278715712645,0.000566393751805586,0.004));
#9966=CARTESIAN_POINT('',(0.000336278715712645,0.000566393751805586,0.004));
#9967=CARTESIAN_POINT('',(9.9947530650742E-5,0.000584248145202784,0.004));
#9968=CARTESIAN_POINT('',(-0.00136688830534591,0.000695064147920796,0.004));
#9969=CARTESIAN_POINT('',(0.000340699870225362,0.000656637658267143,0.004));
#9970=CARTESIAN_POINT('',(0.000340699870225362,0.000656637658267143,0.004));
#9971=CARTESIAN_POINT('',(-0.00136688830534591,0.000695064147920796,0.004));
#9972=CARTESIAN_POINT('',(-0.00753783325449479,0.000833924305433785,0.004));
#9973=CARTESIAN_POINT('',(0.000342663893742343,0.000821198148452058,0.004));
#9974=CARTESIAN_POINT('',(0.000342663893742343,0.000821198148452058,0.004));
#9975=CARTESIAN_POINT('',(-0.00753783325449479,0.000833924305433785,0.004));
#9976=CARTESIAN_POINT('',(-0.272722315666025,0.0012622868387942,0.004));
#9977=CARTESIAN_POINT('',(0.000343020144269985,0.00126247148274077,0.004));
#9978=CARTESIAN_POINT('',(0.000343020144269985,0.00126247148274077,0.004));
#9979=CARTESIAN_POINT('',(-0.272722315666025,0.0012622868387942,0.004));
#9980=CARTESIAN_POINT('',(-0.272722275377421,0.00126265612668734,0.004));
#9981=CARTESIAN_POINT('',(0.000342684038012393,0.00170374481702948,0.004));
#9982=CARTESIAN_POINT('',(0.000342684038012393,0.00170374481702948,0.004));
#9983=CARTESIAN_POINT('',(-0.272722275377421,0.00126265612668734,0.004));
#9984=CARTESIAN_POINT('',(-0.00753783325449478,0.00169101866004776,0.004));
#9985=CARTESIAN_POINT('',(0.00034069987022536,0.00186830530721439,0.004));
#9986=CARTESIAN_POINT('',(0.00034069987022536,0.00186830530721439,0.004));
#9987=CARTESIAN_POINT('',(-0.00753783325449478,0.00169101866004776,0.004));
#9988=CARTESIAN_POINT('',(-0.00136688830534584,0.00182987881756075,0.004));
#9989=CARTESIAN_POINT('',(0.000336278715712644,0.00195854921367595,0.004));
#9990=CARTESIAN_POINT('',(0.000336278715712644,0.00195854921367595,0.004));
#9991=CARTESIAN_POINT('',(-0.00136688830534584,0.00182987881756075,0.004));
#9992=CARTESIAN_POINT('',(9.99475306507469E-5,0.00194069482027876,0.004));
#9993=CARTESIAN_POINT('',(0.000326189470371963,0.00201130496903603,0.004));
#9994=CARTESIAN_POINT('',(0.000326189470371963,0.00201130496903603,0.004));
#9995=CARTESIAN_POINT('',(9.99475306507469E-5,0.00194069482027876,0.004));
#9996=CARTESIAN_POINT('',(1.52063690318833E-5,0.0019142475208465,0.004));
#9997=CARTESIAN_POINT('',(0.000262560580883217,0.00212625349115763,0.004));
#9998=CARTESIAN_POINT('',(0.000262560580883217,0.00212625349115763,0.004));
#9999=CARTESIAN_POINT('',(1.52063690318833E-5,0.0019142475208465,0.004));
#10000=CARTESIAN_POINT('',(1.27068587503554E-6,0.00190230360291727,0.004));
#10001=CARTESIAN_POINT('',(0.000157879650249266,0.00220873400929674,0.004));
#10002=CARTESIAN_POINT('',(0.000157879650249266,0.00220873400929674,0.004));
#10003=CARTESIAN_POINT('',(1.27068587503554E-6,0.00190230360291727,0.004));
#10004=CARTESIAN_POINT('',(-4.5222904228597E-7,0.00189893204748198,0.004));
#10005=CARTESIAN_POINT('',(-4.5222904228597E-7,0.00189893204748198,0.004));
#10006=CARTESIAN_POINT('',(8.67361737988404E-19,-2.60208521396521E-18,0.004));
#10007=CARTESIAN_POINT('',(-0.002,-0.00412905968097249,0.002));
#10008=CARTESIAN_POINT('',(-0.002,-0.004425,0.002));
#10009=CARTESIAN_POINT('',(-0.002,-0.004425,0.002));
#10010=CARTESIAN_POINT('',(-0.002,-0.00412905968097249,0.002));
#10011=CARTESIAN_POINT('',(4.33680868994202E-19,-0.005175,0.002));
#10012=CARTESIAN_POINT('',(0.00125,-0.005175,0.002));
#10013=CARTESIAN_POINT('',(0.00125,-0.005175,0.002));
#10014=CARTESIAN_POINT('',(4.33680868994202E-19,-0.005175,0.002));
#10015=CARTESIAN_POINT('',(-0.00125,-0.005175,0.002));
#10016=CARTESIAN_POINT('',(-0.00125,-0.005175,0.002));
#10017=CARTESIAN_POINT('',(0.002,-0.00412905968097249,0.002));
#10018=CARTESIAN_POINT('',(0.002,-0.00412905968097249,0.002));
#10019=CARTESIAN_POINT('',(0.002,-0.004425,0.002));
#10020=CARTESIAN_POINT('',(0.002,-0.004425,0.));
#10021=CARTESIAN_POINT('',(0.,-0.00075,0.002));
#10022=CARTESIAN_POINT('',(0.00125,-0.004425,0.002));
#10023=CARTESIAN_POINT('',(-0.00125,-0.004425,0.002));
#10024=CARTESIAN_POINT('',(0.00125,-0.004425,0.002));
#10025=CARTESIAN_POINT('',(-0.00125,-0.004425,0.002));
#10026=CARTESIAN_POINT('',(0.,0.,0.));
#10027=CARTESIAN_POINT('',(3.70825712416554E-7,0.00190857486635116,0.004));
#10028=CARTESIAN_POINT('',(3.70825712416554E-7,0.00190857486635116,0.005));
#10029=CARTESIAN_POINT('',(2.91278261880442E-5,0.00224558931320252,0.005));
#10030=CARTESIAN_POINT('',(-0.000102973750205275,0.00223063945784062,0.005));
#10031=CARTESIAN_POINT('',(2.91278261880442E-5,0.00224558931320252,0.004));
#10032=CARTESIAN_POINT('',(2.91278261880442E-5,0.00224558931320252,0.004));
#10033=CARTESIAN_POINT('',(3.70825712416554E-7,0.00190857486635116,0.004));
#10034=CARTESIAN_POINT('',(-0.000102973750205275,0.00223063945784062,0.004));
#10035=CARTESIAN_POINT('',(-0.000102973750205275,0.00223063945784062,0.004));
#10036=CARTESIAN_POINT('',(-1.13635528285413E-5,0.00194514347216772,0.004));
#10037=CARTESIAN_POINT('',(-1.13635528285413E-5,0.00194514347216772,0.005));
#10038=CARTESIAN_POINT('',(-0.00017305220658641,0.00219764528472501,0.005));
#10039=CARTESIAN_POINT('',(-1.13635528285413E-5,0.00194514347216772,0.004));
#10040=CARTESIAN_POINT('',(-0.00017305220658641,0.00219764528472501,0.004));
#10041=CARTESIAN_POINT('',(-0.00017305220658641,0.00219764528472501,0.004));
#10042=CARTESIAN_POINT('',(2.59477423265746E-5,0.00188687515011408,0.004));
#10043=CARTESIAN_POINT('',(2.59477423265746E-5,0.00188687515011408,0.005));
#10044=CARTESIAN_POINT('',(-0.000236518670505502,0.00214627915619055,0.005));
#10045=CARTESIAN_POINT('',(2.59477423265746E-5,0.00188687515011408,0.004));
#10046=CARTESIAN_POINT('',(-0.000236518670505502,0.00214627915619055,0.004));
#10047=CARTESIAN_POINT('',(-0.000236518670505502,0.00214627915619055,0.004));
#10048=CARTESIAN_POINT('',(2.69575418274319E-5,0.00188587716910259,0.004));
#10049=CARTESIAN_POINT('',(2.69575418274319E-5,0.00188587716910259,0.005));
#10050=CARTESIAN_POINT('',(-0.000287248247803853,0.00208210059050496,0.005));
#10051=CARTESIAN_POINT('',(2.69575418274319E-5,0.00188587716910259,0.004));
#10052=CARTESIAN_POINT('',(-0.000287248247803853,0.00208210059050496,0.004));
#10053=CARTESIAN_POINT('',(-0.000287248247803853,0.00208210059050496,0.004));
#10054=CARTESIAN_POINT('',(-2.8164199228841E-5,0.00192030127495256,0.004));
#10055=CARTESIAN_POINT('',(-2.8164199228841E-5,0.00192030127495256,0.005));
#10056=CARTESIAN_POINT('',(-0.000319749333284751,0.00201130496903603,0.005));
#10057=CARTESIAN_POINT('',(-2.8164199228841E-5,0.00192030127495256,0.004));
#10058=CARTESIAN_POINT('',(-0.000319749333284751,0.00201130496903603,0.004));
#10059=CARTESIAN_POINT('',(-0.000319749333284751,0.00201130496903603,0.004));
#10060=CARTESIAN_POINT('',(-9.35073935635237E-5,0.00194069482027876,0.004));
#10061=CARTESIAN_POINT('',(-9.35073935635237E-5,0.00194069482027876,0.005));
#10062=CARTESIAN_POINT('',(-0.000329838578625434,0.00195854921367595,0.005));
#10063=CARTESIAN_POINT('',(-9.35073935635237E-5,0.00194069482027876,0.004));
#10064=CARTESIAN_POINT('',(-0.000329838578625434,0.00195854921367595,0.004));
#10065=CARTESIAN_POINT('',(-0.000329838578625434,0.00195854921367595,0.004));
#10066=CARTESIAN_POINT('',(0.00137332844243322,0.00182987881756074,0.004));
#10067=CARTESIAN_POINT('',(0.00137332844243322,0.00182987881756074,0.005));
#10068=CARTESIAN_POINT('',(-0.000334259733138151,0.00186830530721439,0.005));
#10069=CARTESIAN_POINT('',(0.00137332844243322,0.00182987881756074,0.004));
#10070=CARTESIAN_POINT('',(-0.000334259733138151,0.00186830530721439,0.004));
#10071=CARTESIAN_POINT('',(-0.000334259733138151,0.00186830530721439,0.004));
#10072=CARTESIAN_POINT('',(0.00754427339158125,0.00169101866004776,0.004));
#10073=CARTESIAN_POINT('',(0.00754427339158125,0.00169101866004776,0.005));
#10074=CARTESIAN_POINT('',(-0.000336243900925181,0.00170374481702948,0.005));
#10075=CARTESIAN_POINT('',(0.00754427339158125,0.00169101866004776,0.004));
#10076=CARTESIAN_POINT('',(-0.000336243900925181,0.00170374481702948,0.004));
#10077=CARTESIAN_POINT('',(-0.000336243900925181,0.00170374481702948,0.004));
#10078=CARTESIAN_POINT('',(0.272728715514696,0.00126265612668734,0.004));
#10079=CARTESIAN_POINT('',(0.272728715514696,0.00126265612668734,0.005));
#10080=CARTESIAN_POINT('',(-0.000336600151452815,0.00126247148274077,0.005));
#10081=CARTESIAN_POINT('',(0.272728715514696,0.00126265612668734,0.004));
#10082=CARTESIAN_POINT('',(-0.000336600151452815,0.00126247148274077,0.004));
#10083=CARTESIAN_POINT('',(-0.000336600151452815,0.00126247148274077,0.004));
#10084=CARTESIAN_POINT('',(0.272728715514696,0.0012622868387942,0.004));
#10085=CARTESIAN_POINT('',(0.272728715514696,0.0012622868387942,0.005));
#10086=CARTESIAN_POINT('',(-0.000336243900925181,0.000821198148452058,0.005));
#10087=CARTESIAN_POINT('',(0.272728715514696,0.0012622868387942,0.004));
#10088=CARTESIAN_POINT('',(-0.000336243900925181,0.000821198148452058,0.004));
#10089=CARTESIAN_POINT('',(-0.000336243900925181,0.000821198148452058,0.004));
#10090=CARTESIAN_POINT('',(0.00754427339158124,0.000833924305433783,0.004));
#10091=CARTESIAN_POINT('',(0.00754427339158124,0.000833924305433783,0.005));
#10092=CARTESIAN_POINT('',(-0.000334259733138148,0.000656637658267143,0.005));
#10093=CARTESIAN_POINT('',(0.00754427339158124,0.000833924305433783,0.004));
#10094=CARTESIAN_POINT('',(-0.000334259733138148,0.000656637658267143,0.004));
#10095=CARTESIAN_POINT('',(-0.000334259733138148,0.000656637658267143,0.004));
#10096=CARTESIAN_POINT('',(0.00137332844243324,0.000695064147920799,0.004));
#10097=CARTESIAN_POINT('',(0.00137332844243324,0.000695064147920799,0.005));
#10098=CARTESIAN_POINT('',(-0.000329838578625434,0.000566393751805586,0.005));
#10099=CARTESIAN_POINT('',(0.00137332844243324,0.000695064147920799,0.004));
#10100=CARTESIAN_POINT('',(-0.000329838578625434,0.000566393751805586,0.004));
#10101=CARTESIAN_POINT('',(-0.000329838578625434,0.000566393751805586,0.004));
#10102=CARTESIAN_POINT('',(-9.35073935635288E-5,0.000584248145202786,0.004));
#10103=CARTESIAN_POINT('',(-9.35073935635288E-5,0.000584248145202786,0.005));
#10104=CARTESIAN_POINT('',(-0.000319749333284751,0.000513637996445505,0.005));
#10105=CARTESIAN_POINT('',(-9.35073935635288E-5,0.000584248145202786,0.004));
#10106=CARTESIAN_POINT('',(-0.000319749333284751,0.000513637996445505,0.004));
#10107=CARTESIAN_POINT('',(-0.000319749333284751,0.000513637996445505,0.004));
#10108=CARTESIAN_POINT('',(-1.73051077899836E-5,0.000608030465879824,0.004));
#10109=CARTESIAN_POINT('',(-1.73051077899836E-5,0.000608030465879824,0.005));
#10110=CARTESIAN_POINT('',(-0.000272502964214396,0.000420263317801615,0.005));
#10111=CARTESIAN_POINT('',(-1.73051077899836E-5,0.000608030465879824,0.004));
#10112=CARTESIAN_POINT('',(-0.000272502964214396,0.000420263317801615,0.004));
#10113=CARTESIAN_POINT('',(-0.000272502964214396,0.000420263317801615,0.004));
#10114=CARTESIAN_POINT('',(1.41502998141814E-5,0.000631174155600575,0.004));
#10115=CARTESIAN_POINT('',(1.41502998141814E-5,0.000631174155600575,0.005));
#10116=CARTESIAN_POINT('',(-0.000196191618808648,0.000344103166907249,0.005));
#10117=CARTESIAN_POINT('',(1.41502998141814E-5,0.000631174155600575,0.004));
#10118=CARTESIAN_POINT('',(-0.000196191618808648,0.000344103166907249,0.004));
#10119=CARTESIAN_POINT('',(-0.000196191618808648,0.000344103166907249,0.004));
#10120=CARTESIAN_POINT('',(1.48344167532409E-5,0.000632108030271239,0.004));
#10121=CARTESIAN_POINT('',(1.48344167532409E-5,0.000632108030271239,0.005));
#10122=CARTESIAN_POINT('',(-0.000100442233989896,0.000294187798856009,0.005));
#10123=CARTESIAN_POINT('',(1.48344167532409E-5,0.000632108030271239,0.004));
#10124=CARTESIAN_POINT('',(-0.000100442233989896,0.000294187798856009,0.004));
#10125=CARTESIAN_POINT('',(-0.000100442233989896,0.000294187798856009,0.004));
#10126=CARTESIAN_POINT('',(3.21979838681773E-6,0.000598060389791895,0.004));
#10127=CARTESIAN_POINT('',(3.21979838681773E-6,0.000598060389791895,0.005));
#10128=CARTESIAN_POINT('',(0.000106882371077106,0.000294187798856009,0.005));
#10129=CARTESIAN_POINT('',(3.21979838681773E-6,0.000598060389791895,0.004));
#10130=CARTESIAN_POINT('',(0.000106882371077106,0.000294187798856009,0.004));
#10131=CARTESIAN_POINT('',(0.000106882371077106,0.000294187798856009,0.004));
#10132=CARTESIAN_POINT('',(-8.3942796660311E-6,0.00063210803027124,0.004));
#10133=CARTESIAN_POINT('',(-8.3942796660311E-6,0.00063210803027124,0.005));
#10134=CARTESIAN_POINT('',(0.000202631755895858,0.000344103166907249,0.005));
#10135=CARTESIAN_POINT('',(-8.3942796660311E-6,0.00063210803027124,0.004));
#10136=CARTESIAN_POINT('',(0.000202631755895858,0.000344103166907249,0.004));
#10137=CARTESIAN_POINT('',(0.000202631755895858,0.000344103166907249,0.004));
#10138=CARTESIAN_POINT('',(-7.71016272696811E-6,0.000631174155600573,0.004));
#10139=CARTESIAN_POINT('',(-7.71016272696811E-6,0.000631174155600573,0.005));
#10140=CARTESIAN_POINT('',(0.000278943101301607,0.000420263317801615,0.005));
#10141=CARTESIAN_POINT('',(-7.71016272696811E-6,0.000631174155600573,0.004));
#10142=CARTESIAN_POINT('',(0.000278943101301607,0.000420263317801615,0.004));
#10143=CARTESIAN_POINT('',(0.000278943101301607,0.000420263317801615,0.004));
#10144=CARTESIAN_POINT('',(2.3745244877196E-5,0.000608030465879821,0.004));
#10145=CARTESIAN_POINT('',(2.3745244877196E-5,0.000608030465879821,0.005));
#10146=CARTESIAN_POINT('',(0.000326189470371962,0.000513637996445505,0.005));
#10147=CARTESIAN_POINT('',(2.3745244877196E-5,0.000608030465879821,0.004));
#10148=CARTESIAN_POINT('',(0.000326189470371962,0.000513637996445505,0.004));
#10149=CARTESIAN_POINT('',(0.000326189470371962,0.000513637996445505,0.004));
#10150=CARTESIAN_POINT('',(9.9947530650742E-5,0.000584248145202784,0.004));
#10151=CARTESIAN_POINT('',(9.9947530650742E-5,0.000584248145202784,0.005));
#10152=CARTESIAN_POINT('',(0.000336278715712645,0.000566393751805586,0.005));
#10153=CARTESIAN_POINT('',(9.9947530650742E-5,0.000584248145202784,0.004));
#10154=CARTESIAN_POINT('',(0.000336278715712645,0.000566393751805586,0.004));
#10155=CARTESIAN_POINT('',(0.000336278715712645,0.000566393751805586,0.004));
#10156=CARTESIAN_POINT('',(-0.00136688830534591,0.000695064147920796,0.004));
#10157=CARTESIAN_POINT('',(-0.00136688830534591,0.000695064147920796,0.005));
#10158=CARTESIAN_POINT('',(0.000340699870225362,0.000656637658267143,0.005));
#10159=CARTESIAN_POINT('',(-0.00136688830534591,0.000695064147920796,0.004));
#10160=CARTESIAN_POINT('',(0.000340699870225362,0.000656637658267143,0.004));
#10161=CARTESIAN_POINT('',(0.000340699870225362,0.000656637658267143,0.004));
#10162=CARTESIAN_POINT('',(-0.00753783325449479,0.000833924305433785,0.004));
#10163=CARTESIAN_POINT('',(-0.00753783325449479,0.000833924305433785,0.005));
#10164=CARTESIAN_POINT('',(0.000342663893742343,0.000821198148452058,0.005));
#10165=CARTESIAN_POINT('',(-0.00753783325449479,0.000833924305433785,0.004));
#10166=CARTESIAN_POINT('',(0.000342663893742343,0.000821198148452058,0.004));
#10167=CARTESIAN_POINT('',(0.000342663893742343,0.000821198148452058,0.004));
#10168=CARTESIAN_POINT('',(-0.272722315666025,0.0012622868387942,0.004));
#10169=CARTESIAN_POINT('',(-0.272722315666025,0.0012622868387942,0.005));
#10170=CARTESIAN_POINT('',(0.000343020144269985,0.00126247148274077,0.005));
#10171=CARTESIAN_POINT('',(-0.272722315666025,0.0012622868387942,0.004));
#10172=CARTESIAN_POINT('',(0.000343020144269985,0.00126247148274077,0.004));
#10173=CARTESIAN_POINT('',(0.000343020144269985,0.00126247148274077,0.004));
#10174=CARTESIAN_POINT('',(-0.272722275377421,0.00126265612668734,0.004));
#10175=CARTESIAN_POINT('',(-0.272722275377421,0.00126265612668734,0.005));
#10176=CARTESIAN_POINT('',(0.000342684038012393,0.00170374481702948,0.005));
#10177=CARTESIAN_POINT('',(-0.272722275377421,0.00126265612668734,0.004));
#10178=CARTESIAN_POINT('',(0.000342684038012393,0.00170374481702948,0.004));
#10179=CARTESIAN_POINT('',(0.000342684038012393,0.00170374481702948,0.004));
#10180=CARTESIAN_POINT('',(-0.00753783325449478,0.00169101866004776,0.004));
#10181=CARTESIAN_POINT('',(-0.00753783325449478,0.00169101866004776,0.005));
#10182=CARTESIAN_POINT('',(0.00034069987022536,0.00186830530721439,0.005));
#10183=CARTESIAN_POINT('',(-0.00753783325449478,0.00169101866004776,0.004));
#10184=CARTESIAN_POINT('',(0.00034069987022536,0.00186830530721439,0.004));
#10185=CARTESIAN_POINT('',(0.00034069987022536,0.00186830530721439,0.004));
#10186=CARTESIAN_POINT('',(-0.00136688830534584,0.00182987881756075,0.004));
#10187=CARTESIAN_POINT('',(-0.00136688830534584,0.00182987881756075,0.005));
#10188=CARTESIAN_POINT('',(0.000336278715712644,0.00195854921367595,0.005));
#10189=CARTESIAN_POINT('',(-0.00136688830534584,0.00182987881756075,0.004));
#10190=CARTESIAN_POINT('',(0.000336278715712644,0.00195854921367595,0.004));
#10191=CARTESIAN_POINT('',(0.000336278715712644,0.00195854921367595,0.004));
#10192=CARTESIAN_POINT('',(9.99475306507469E-5,0.00194069482027876,0.004));
#10193=CARTESIAN_POINT('',(9.99475306507469E-5,0.00194069482027876,0.005));
#10194=CARTESIAN_POINT('',(0.000326189470371963,0.00201130496903603,0.005));
#10195=CARTESIAN_POINT('',(9.99475306507469E-5,0.00194069482027876,0.004));
#10196=CARTESIAN_POINT('',(0.000326189470371963,0.00201130496903603,0.004));
#10197=CARTESIAN_POINT('',(0.000326189470371963,0.00201130496903603,0.004));
#10198=CARTESIAN_POINT('',(1.52063690318833E-5,0.0019142475208465,0.004));
#10199=CARTESIAN_POINT('',(1.52063690318833E-5,0.0019142475208465,0.005));
#10200=CARTESIAN_POINT('',(0.000262560580883217,0.00212625349115763,0.005));
#10201=CARTESIAN_POINT('',(1.52063690318833E-5,0.0019142475208465,0.004));
#10202=CARTESIAN_POINT('',(0.000262560580883217,0.00212625349115763,0.004));
#10203=CARTESIAN_POINT('',(0.000262560580883217,0.00212625349115763,0.004));
#10204=CARTESIAN_POINT('',(1.27068587503554E-6,0.00190230360291727,0.004));
#10205=CARTESIAN_POINT('',(1.27068587503554E-6,0.00190230360291727,0.005));
#10206=CARTESIAN_POINT('',(0.000157879650249266,0.00220873400929674,0.005));
#10207=CARTESIAN_POINT('',(1.27068587503554E-6,0.00190230360291727,0.004));
#10208=CARTESIAN_POINT('',(0.000157879650249266,0.00220873400929674,0.004));
#10209=CARTESIAN_POINT('',(0.000157879650249266,0.00220873400929674,0.004));
#10210=CARTESIAN_POINT('',(-4.5222904228597E-7,0.00189893204748198,0.004));
#10211=CARTESIAN_POINT('',(-4.5222904228597E-7,0.00189893204748198,0.005));
#10212=CARTESIAN_POINT('',(-4.5222904228597E-7,0.00189893204748198,0.004));
#10213=CARTESIAN_POINT('',(8.67361737988404E-19,-2.60208521396521E-18,0.004));
#10214=CARTESIAN_POINT('',(8.67361737988404E-19,-2.60208521396521E-18,0.005));
#10215=MECHANICAL_DESIGN_GEOMETRIC_PRESENTATION_REPRESENTATION('',(#5539),
#10218);
#10216=MECHANICAL_DESIGN_GEOMETRIC_PRESENTATION_REPRESENTATION('',(#5540),
#10219);
#10217=MECHANICAL_DESIGN_GEOMETRIC_PRESENTATION_REPRESENTATION('',(#5541),
#10220);
#10218=(
GEOMETRIC_REPRESENTATION_CONTEXT(3)
GLOBAL_UNCERTAINTY_ASSIGNED_CONTEXT((#10221))
GLOBAL_UNIT_ASSIGNED_CONTEXT((#10230,#10227,#10224))
REPRESENTATION_CONTEXT('Part 3','TOP_LEVEL_ASSEMBLY_PART')
);
#10219=(
GEOMETRIC_REPRESENTATION_CONTEXT(3)
GLOBAL_UNCERTAINTY_ASSIGNED_CONTEXT((#10222))
GLOBAL_UNIT_ASSIGNED_CONTEXT((#10231,#10228,#10225))
REPRESENTATION_CONTEXT('Part 1','TOP_LEVEL_ASSEMBLY_PART')
);
#10220=(
GEOMETRIC_REPRESENTATION_CONTEXT(3)
GLOBAL_UNCERTAINTY_ASSIGNED_CONTEXT((#10223))
GLOBAL_UNIT_ASSIGNED_CONTEXT((#10232,#10229,#10226))
REPRESENTATION_CONTEXT('Part 2','TOP_LEVEL_ASSEMBLY_PART')
);
#10221=UNCERTAINTY_MEASURE_WITH_UNIT(LENGTH_MEASURE(1.E-8),#10230,
'DISTANCE_ACCURACY_VALUE','Maximum Tolerance applied to model');
#10222=UNCERTAINTY_MEASURE_WITH_UNIT(LENGTH_MEASURE(2.20144270057642E-7),
#10231,'DISTANCE_ACCURACY_VALUE','Maximum Tolerance applied to model');
#10223=UNCERTAINTY_MEASURE_WITH_UNIT(LENGTH_MEASURE(2.E-7),#10232,
'DISTANCE_ACCURACY_VALUE','Maximum Tolerance applied to model');
#10224=(
NAMED_UNIT(*)
SI_UNIT($,.STERADIAN.)
SOLID_ANGLE_UNIT()
);
#10225=(
NAMED_UNIT(*)
SI_UNIT($,.STERADIAN.)
SOLID_ANGLE_UNIT()
);
#10226=(
NAMED_UNIT(*)
SI_UNIT($,.STERADIAN.)
SOLID_ANGLE_UNIT()
);
#10227=(
NAMED_UNIT(*)
PLANE_ANGLE_UNIT()
SI_UNIT($,.RADIAN.)
);
#10228=(
NAMED_UNIT(*)
PLANE_ANGLE_UNIT()
SI_UNIT($,.RADIAN.)
);
#10229=(
NAMED_UNIT(*)
PLANE_ANGLE_UNIT()
SI_UNIT($,.RADIAN.)
);
#10230=(
LENGTH_UNIT()
NAMED_UNIT(*)
SI_UNIT($,.METRE.)
);
#10231=(
LENGTH_UNIT()
NAMED_UNIT(*)
SI_UNIT($,.METRE.)
);
#10232=(
LENGTH_UNIT()
NAMED_UNIT(*)
SI_UNIT($,.METRE.)
);
#10233=PRODUCT_DEFINITION_SHAPE('','',#10236);
#10234=PRODUCT_DEFINITION_SHAPE('','',#10237);
#10235=PRODUCT_DEFINITION_SHAPE('','',#10238);
#10236=PRODUCT_DEFINITION('','',#10242,#10239);
#10237=PRODUCT_DEFINITION('','',#10243,#10240);
#10238=PRODUCT_DEFINITION('','',#10244,#10241);
#10239=PRODUCT_DEFINITION_CONTEXT('',#10260,'design');
#10240=PRODUCT_DEFINITION_CONTEXT('',#10261,'design');
#10241=PRODUCT_DEFINITION_CONTEXT('',#10262,'design');
#10242=PRODUCT_DEFINITION_FORMATION_WITH_SPECIFIED_SOURCE('','',#10248,
 .NOT_KNOWN.);
#10243=PRODUCT_DEFINITION_FORMATION_WITH_SPECIFIED_SOURCE('','',#10249,
 .NOT_KNOWN.);
#10244=PRODUCT_DEFINITION_FORMATION_WITH_SPECIFIED_SOURCE('','',#10250,
 .NOT_KNOWN.);
#10245=PRODUCT_RELATED_PRODUCT_CATEGORY('','',(#10248));
#10246=PRODUCT_RELATED_PRODUCT_CATEGORY('','',(#10249));
#10247=PRODUCT_RELATED_PRODUCT_CATEGORY('','',(#10250));
#10248=PRODUCT('Part 3','Part 3','Part 3',(#10254));
#10249=PRODUCT('Part 1','Part 1','Part 1',(#10255));
#10250=PRODUCT('Part 2','Part 2','Part 2',(#10256));
#10251=PRODUCT_CATEGORY('','');
#10252=PRODUCT_CATEGORY('','');
#10253=PRODUCT_CATEGORY('','');
#10254=PRODUCT_CONTEXT('',#10260,'mechanical');
#10255=PRODUCT_CONTEXT('',#10261,'mechanical');
#10256=PRODUCT_CONTEXT('',#10262,'mechanical');
#10257=APPLICATION_PROTOCOL_DEFINITION('international standard',
'ap242_managed_model_based_3d_engineering',2020,#10260);
#10258=APPLICATION_PROTOCOL_DEFINITION('international standard',
'ap242_managed_model_based_3d_engineering',2020,#10261);
#10259=APPLICATION_PROTOCOL_DEFINITION('international standard',
'ap242_managed_model_based_3d_engineering',2020,#10262);
#10260=APPLICATION_CONTEXT('managed model based 3d engineering');
#10261=APPLICATION_CONTEXT('managed model based 3d engineering');
#10262=APPLICATION_CONTEXT('managed model based 3d engineering');
ENDSEC;
END-ISO-10303-21;
